"","FACILITY_NAME","LOCATION_ADDRESS","FACILITY_CITY","STATE_CODE","PERMIT_DESIGN_FLOW","PERMIT_AVG_FLOW","SF","SN_C","geometry"
"1","JUNEAU DOUGLAS WW TREATMENT FACILITY","1540 THANE RD","JUNEAU","AK",NA,NA,NA,NA,c(-134.417196, 58.3000526)
"2","JUNEAU DOUGLAS WW TREATMENT FACILITY","1540 THANE RD","JUNEAU","AK",NA,NA,NA,NA,c(-134.406599, 58.299956)
"3","JUNEAU DOUGLAS WW TREATMENT FACILITY","1540 THANE RD","JUNEAU","AK",NA,NA,NA,NA,c(-134.392257, 58.277201)
"4","SOUTHEAST WPCP, NORTH POINT WWF, BAYSIDE WWF","750 PHELPS STREET","SAN FRANCISCO","CA",400,NA,NA,NA,c(-122.446667, 37.808056)
"5","SOUTHEAST WPCP, NORTH POINT WWF, BAYSIDE WWF","750 PHELPS STREET","SAN FRANCISCO","CA",400,NA,NA,NA,c(-122.44, 37.806944)
"6","SOUTHEAST WPCP, NORTH POINT WWF, BAYSIDE WWF","750 PHELPS STREET","SAN FRANCISCO","CA",400,NA,"California",1,c(-122.38, 37.80611)
"7","SOUTHEAST WPCP, NORTH POINT WWF, BAYSIDE WWF","750 PHELPS STREET","SAN FRANCISCO","CA",400,NA,"California",1,c(-122.4067, 37.808334)
"8","SOUTHEAST WPCP, NORTH POINT WWF, BAYSIDE WWF","750 PHELPS STREET","SAN FRANCISCO","CA",400,NA,"California",1,c(-122.4031, 37.806667)
"9","SOUTHEAST WPCP, NORTH POINT WWF, BAYSIDE WWF","750 PHELPS STREET","SAN FRANCISCO","CA",400,NA,NA,NA,c(-122.3947, 37.798332)
"10","SOUTHEAST WPCP, NORTH POINT WWF, BAYSIDE WWF","750 PHELPS STREET","SAN FRANCISCO","CA",400,NA,NA,NA,c(-122.39, 37.793056)
"11","SOUTHEAST WPCP, NORTH POINT WWF, BAYSIDE WWF","750 PHELPS STREET","SAN FRANCISCO","CA",400,NA,NA,NA,c(-122.39, 37.785278)
"12","SOUTHEAST WPCP, NORTH POINT WWF, BAYSIDE WWF","750 PHELPS STREET","SAN FRANCISCO","CA",400,NA,NA,NA,c(-122.3894, 37.777222)
"13","SOUTHEAST WPCP, NORTH POINT WWF, BAYSIDE WWF","750 PHELPS STREET","SAN FRANCISCO","CA",400,NA,NA,NA,c(-122.3914, 37.775555)
"14","SOUTHEAST WPCP, NORTH POINT WWF, BAYSIDE WWF","750 PHELPS STREET","SAN FRANCISCO","CA",400,NA,NA,NA,c(-122.3939, 37.773888)
"15","SOUTHEAST WPCP, NORTH POINT WWF, BAYSIDE WWF","750 PHELPS STREET","SAN FRANCISCO","CA",400,NA,NA,NA,c(-122.396111, 37.771944)
"16","SOUTHEAST WPCP, NORTH POINT WWF, BAYSIDE WWF","750 PHELPS STREET","SAN FRANCISCO","CA",400,NA,NA,NA,c(-122.3975, 37.770279)
"17","SOUTHEAST WPCP, NORTH POINT WWF, BAYSIDE WWF","750 PHELPS STREET","SAN FRANCISCO","CA",400,NA,NA,NA,c(-122.395, 37.771389)
"18","SOUTHEAST WPCP, NORTH POINT WWF, BAYSIDE WWF","750 PHELPS STREET","SAN FRANCISCO","CA",400,NA,NA,NA,c(-122.3911, 37.775002)
"19","SOUTHEAST WPCP, NORTH POINT WWF, BAYSIDE WWF","750 PHELPS STREET","SAN FRANCISCO","CA",400,NA,NA,NA,c(-122.385278, 37.764722)
"20","SOUTHEAST WPCP, NORTH POINT WWF, BAYSIDE WWF","750 PHELPS STREET","SAN FRANCISCO","CA",400,NA,NA,NA,c(-122.38, 37.761112)
"21","SOUTHEAST WPCP, NORTH POINT WWF, BAYSIDE WWF","750 PHELPS STREET","SAN FRANCISCO","CA",400,NA,NA,NA,c(-122.3803, 37.757778)
"22","SOUTHEAST WPCP, NORTH POINT WWF, BAYSIDE WWF","750 PHELPS STREET","SAN FRANCISCO","CA",400,NA,NA,NA,c(-122.3861, 37.747776)
"23","SOUTHEAST WPCP, NORTH POINT WWF, BAYSIDE WWF","750 PHELPS STREET","SAN FRANCISCO","CA",400,NA,NA,NA,c(-122.3875, 37.747778)
"24","SOUTHEAST WPCP, NORTH POINT WWF, BAYSIDE WWF","750 PHELPS STREET","SAN FRANCISCO","CA",400,NA,NA,NA,c(-122.3908, 37.748611)
"25","SOUTHEAST WPCP, NORTH POINT WWF, BAYSIDE WWF","750 PHELPS STREET","SAN FRANCISCO","CA",400,NA,NA,NA,c(-122.3908, 37.747776)
"26","SOUTHEAST WPCP, NORTH POINT WWF, BAYSIDE WWF","750 PHELPS STREET","SAN FRANCISCO","CA",400,NA,NA,NA,c(-122.3861, 37.747223)
"27","SOUTHEAST WPCP, NORTH POINT WWF, BAYSIDE WWF","750 PHELPS STREET","SAN FRANCISCO","CA",400,NA,"California",1,c(-122.3739, 37.735832)
"28","SOUTHEAST WPCP, NORTH POINT WWF, BAYSIDE WWF","750 PHELPS STREET","SAN FRANCISCO","CA",400,NA,"California",1,c(-122.3739, 37.733334)
"29","SOUTHEAST WPCP, NORTH POINT WWF, BAYSIDE WWF","750 PHELPS STREET","SAN FRANCISCO","CA",400,NA,NA,NA,c(-122.3822, 37.723057)
"30","SOUTHEAST WPCP, NORTH POINT WWF, BAYSIDE WWF","750 PHELPS STREET","SAN FRANCISCO","CA",400,NA,NA,NA,c(-122.385556, 37.723889)
"31","SOUTHEAST WPCP, NORTH POINT WWF, BAYSIDE WWF","750 PHELPS STREET","SAN FRANCISCO","CA",400,NA,NA,NA,c(-122.3819, 37.722221)
"32","SOUTHEAST WPCP, NORTH POINT WWF, BAYSIDE WWF","750 PHELPS STREET","SAN FRANCISCO","CA",400,NA,NA,NA,c(-122.386944, 37.747222)
"33","OCEANSIDE WPCP","3500 GREAT HIGHWAY","SAN FRANCISCO","CA",43,NA,"California",1,c(-122.50806, 37.73778)
"34","OCEANSIDE WPCP","3500 GREAT HIGHWAY","SAN FRANCISCO","CA",43,NA,NA,NA,c(-122.51158, 37.7639)
"35","OCEANSIDE WPCP","3500 GREAT HIGHWAY","SAN FRANCISCO","CA",43,NA,NA,NA,c(-122.5102, 37.78475)
"36","OCEANSIDE WPCP","3500 GREAT HIGHWAY","SAN FRANCISCO","CA",43,NA,NA,NA,c(-122.49173, 37.78773)
"37","OCEANSIDE WPCP","3500 GREAT HIGHWAY","SAN FRANCISCO","CA",43,NA,NA,NA,c(-122.48787, 37.78942)
"38","OCEANSIDE WPCP","3500 GREAT HIGHWAY","SAN FRANCISCO","CA",43,NA,NA,NA,c(-122.487, 37.78947)
"39","OCEANSIDE WPCP","3500 GREAT HIGHWAY","SAN FRANCISCO","CA",43,NA,NA,NA,c(-122.504444, 37.715278)
"40","SACRAMENTO COMBINED WWCTS","1395 35TH AVE","SACRAMENTO","CA",380,NA,NA,NA,c(-121.523889, 38.519167)
"41","SACRAMENTO COMBINED WWCTS","1395 35TH AVE","SACRAMENTO","CA",380,NA,NA,NA,c(-121.523611, 38.523056)
"42","SACRAMENTO COMBINED WWCTS","1395 35TH AVE","SACRAMENTO","CA",380,NA,"California",1,c(-121.510278, 38.547778)
"43","SACRAMENTO COMBINED WWCTS","1395 35TH AVE","SACRAMENTO","CA",380,NA,"California",1,c(-121.510278, 38.5475)
"44","SACRAMENTO COMBINED WWCTS","1395 35TH AVE","SACRAMENTO","CA",380,NA,"California",1,c(-121.513333, 38.571667)
"45","SACRAMENTO COMBINED WWCTS","1395 35TH AVE","SACRAMENTO","CA",380,NA,"California",1,c(-121.513056, 38.571944)
"46","BRIDGEPORT WESTSIDE WPCA","205 BOSTWICK AVENUE","BRIDGEPORT","CT",30,NA,"Connecticut",1,c(-73.18674, 41.194101)
"47","BRIDGEPORT WESTSIDE WPCA","205 BOSTWICK AVENUE","BRIDGEPORT","CT",30,NA,"Connecticut",1,c(-73.220611, 41.154126)
"48","BRIDGEPORT WESTSIDE WPCA","205 BOSTWICK AVENUE","BRIDGEPORT","CT",30,NA,"Connecticut",1,c(-73.207852, 41.164252)
"49","BRIDGEPORT WESTSIDE WPCA","205 BOSTWICK AVENUE","BRIDGEPORT","CT",30,NA,"Connecticut",1,c(-73.186163, 41.176273)
"50","BRIDGEPORT WESTSIDE WPCA","205 BOSTWICK AVENUE","BRIDGEPORT","CT",30,NA,"Connecticut",1,c(-73.186163, 41.176273)
"51","BRIDGEPORT WESTSIDE WPCA","205 BOSTWICK AVENUE","BRIDGEPORT","CT",30,NA,"Connecticut",1,c(-73.18735, 41.178218)
"52","BRIDGEPORT WESTSIDE WPCA","205 BOSTWICK AVENUE","BRIDGEPORT","CT",30,NA,"Connecticut",1,c(-73.187457, 41.179618)
"53","BRIDGEPORT WESTSIDE WPCA","205 BOSTWICK AVENUE","BRIDGEPORT","CT",30,NA,"Connecticut",1,c(-73.188051, 41.180768)
"54","BRIDGEPORT WESTSIDE WPCA","205 BOSTWICK AVENUE","BRIDGEPORT","CT",30,NA,"Connecticut",1,c(-73.185985, 41.184322)
"55","BRIDGEPORT WESTSIDE WPCA","205 BOSTWICK AVENUE","BRIDGEPORT","CT",30,NA,"Connecticut",1,c(-73.185985, 41.184322)
"56","BRIDGEPORT WESTSIDE WPCA","205 BOSTWICK AVENUE","BRIDGEPORT","CT",30,NA,"Connecticut",1,c(-73.192822, 41.190489)
"57","BRIDGEPORT WESTSIDE WPCA","205 BOSTWICK AVENUE","BRIDGEPORT","CT",30,NA,"Connecticut",1,c(-73.192933, 41.191341)
"58","BRIDGEPORT WESTSIDE WPCA","205 BOSTWICK AVENUE","BRIDGEPORT","CT",30,NA,"Connecticut",1,c(-73.190012, 41.189913)
"59","BRIDGEPORT WESTSIDE WPCA","205 BOSTWICK AVENUE","BRIDGEPORT","CT",30,NA,"Connecticut",1,c(-73.192718, 41.189907)
"60","BRIDGEPORT WESTSIDE WPCA","205 BOSTWICK AVENUE","BRIDGEPORT","CT",30,NA,"Connecticut",1,c(-73.191727, 41.185603)
"61","BRIDGEPORT WESTSIDE WPCA","205 BOSTWICK AVENUE","BRIDGEPORT","CT",30,NA,"Connecticut",1,c(-73.190444, 41.182267)
"62","BRIDGEPORT WESTSIDE WPCA","205 BOSTWICK AVENUE","BRIDGEPORT","CT",30,NA,"Connecticut",1,c(-73.203413, 41.166017)
"63","BRIDGEPORT WESTSIDE WPCA","205 BOSTWICK AVENUE","BRIDGEPORT","CT",30,NA,"Connecticut",1,c(-73.217028, 41.162899)
"64","BRIDGEPORT WESTSIDE WPCA","205 BOSTWICK AVENUE","BRIDGEPORT","CT",30,NA,"Connecticut",1,c(-73.218689, 41.168002)
"65","BRIDGEPORT WESTSIDE WPCA","205 BOSTWICK AVENUE","BRIDGEPORT","CT",30,NA,"Connecticut",1,c(-73.218383, 41.173649)
"66","BRIDGEPORT WESTSIDE WPCA","205 BOSTWICK AVENUE","BRIDGEPORT","CT",30,NA,"Connecticut",1,c(-73.200426, 41.196762)
"67","BRIDGEPORT WESTSIDE WPCA","205 BOSTWICK AVENUE","BRIDGEPORT","CT",30,NA,NA,NA,c(-73.540018, 41.04481)
"68","BRIDGEPORT WESTSIDE WPCA","205 BOSTWICK AVENUE","BRIDGEPORT","CT",30,NA,"Connecticut",1,c(-73.187931, 41.170374)
"69","BRIDGEPORT WESTSIDE WPCA","205 BOSTWICK AVENUE","BRIDGEPORT","CT",30,NA,"Connecticut",1,c(-73.188371, 41.18322)
"70","BRIDGEPORT WESTSIDE WPCA","205 BOSTWICK AVENUE","BRIDGEPORT","CT",30,NA,"Connecticut",1,c(-73.204335, 41.202982)
"71","BRIDGEPORT WESTSIDE WPCA","205 BOSTWICK AVENUE","BRIDGEPORT","CT",30,NA,"Connecticut",1,c(-73.187141, 41.177156)
"72","HARTFORD WPCF","240 BRAINARD RD","HARTFORD","CT",60,NA,"Connecticut",1,c(-72.709575, 41.792594)
"73","HARTFORD WPCF","240 BRAINARD RD","HARTFORD","CT",60,NA,"Connecticut",1,c(-72.70756, 41.786608)
"74","HARTFORD WPCF","240 BRAINARD RD","HARTFORD","CT",60,NA,"Connecticut",1,c(-72.704787, 41.771452)
"75","HARTFORD WPCF","240 BRAINARD RD","HARTFORD","CT",60,NA,NA,NA,c(-72.703333, 41.773264)
"76","HARTFORD WPCF","240 BRAINARD RD","HARTFORD","CT",60,NA,"Connecticut",1,c(-72.703514, 41.766998)
"77","HARTFORD WPCF","240 BRAINARD RD","HARTFORD","CT",60,NA,"Connecticut",1,c(-72.703249, 41.767148)
"78","HARTFORD WPCF","240 BRAINARD RD","HARTFORD","CT",60,NA,"Connecticut",1,c(-72.699617, 41.758081)
"79","HARTFORD WPCF","240 BRAINARD RD","HARTFORD","CT",60,NA,"Connecticut",1,c(-72.701238, 41.763195)
"80","HARTFORD WPCF","240 BRAINARD RD","HARTFORD","CT",60,NA,"Connecticut",1,c(-72.703249, 41.767148)
"81","HARTFORD WPCF","240 BRAINARD RD","HARTFORD","CT",60,NA,"Connecticut",1,c(-72.699379, 41.753162)
"82","HARTFORD WPCF","240 BRAINARD RD","HARTFORD","CT",60,NA,"Connecticut",1,c(-72.71096, 41.750404)
"83","HARTFORD WPCF","240 BRAINARD RD","HARTFORD","CT",60,NA,"Connecticut",1,c(-72.70307, 41.749667)
"84","HARTFORD WPCF","240 BRAINARD RD","HARTFORD","CT",60,NA,"Connecticut",1,c(-72.700622, 41.750903)
"85","HARTFORD WPCF","240 BRAINARD RD","HARTFORD","CT",60,NA,"Connecticut",1,c(-72.705638, 41.743447)
"86","HARTFORD WPCF","240 BRAINARD RD","HARTFORD","CT",60,NA,"Connecticut",1,c(-72.70564, 41.743465)
"87","HARTFORD WPCF","240 BRAINARD RD","HARTFORD","CT",60,NA,"Connecticut",1,c(-72.708314, 41.737059)
"88","HARTFORD WPCF","240 BRAINARD RD","HARTFORD","CT",60,NA,"Connecticut",1,c(-72.714295, 41.732484)
"89","HARTFORD WPCF","240 BRAINARD RD","HARTFORD","CT",60,NA,NA,NA,c(-72.681011, 41.765126)
"90","HARTFORD WPCF","240 BRAINARD RD","HARTFORD","CT",60,NA,NA,NA,c(-72.667913, 41.760473)
"91","HARTFORD WPCF","240 BRAINARD RD","HARTFORD","CT",60,NA,NA,NA,c(-72.674379, 41.762108)
"92","HARTFORD WPCF","240 BRAINARD RD","HARTFORD","CT",60,NA,NA,NA,c(-72.674304, 41.762245)
"93","HARTFORD WPCF","240 BRAINARD RD","HARTFORD","CT",60,NA,NA,NA,c(-72.676182, 41.762756)
"94","HARTFORD WPCF","240 BRAINARD RD","HARTFORD","CT",60,NA,NA,NA,c(-72.67677, 41.76334)
"95","HARTFORD WPCF","240 BRAINARD RD","HARTFORD","CT",60,NA,NA,NA,c(-72.685524, 41.763967)
"96","HARTFORD WPCF","240 BRAINARD RD","HARTFORD","CT",60,NA,NA,NA,c(-72.686461, 41.763938)
"97","HARTFORD WPCF","240 BRAINARD RD","HARTFORD","CT",60,NA,"Connecticut",1,c(-72.686604, 41.764031)
"98","HARTFORD WPCF","240 BRAINARD RD","HARTFORD","CT",60,NA,"Connecticut",1,c(-72.687232, 41.758032)
"99","HARTFORD WPCF","240 BRAINARD RD","HARTFORD","CT",60,NA,"Connecticut",1,c(-72.693673, 41.762285)
"100","HARTFORD WPCF","240 BRAINARD RD","HARTFORD","CT",60,NA,NA,NA,c(-72.672901, 41.761733)
"101","HARTFORD WPCF","240 BRAINARD RD","HARTFORD","CT",60,NA,"Connecticut",1,c(-72.670774, 41.729189)
"102","HARTFORD WPCF","240 BRAINARD RD","HARTFORD","CT",60,NA,"Connecticut",1,c(-72.665818, 41.728912)
"103","HARTFORD WPCF","240 BRAINARD RD","HARTFORD","CT",60,NA,"Connecticut",1,c(-72.659304, 41.782417)
"104","HARTFORD WPCF","240 BRAINARD RD","HARTFORD","CT",60,NA,"Connecticut",1,c(-72.667702, 41.772484)
"105","HARTFORD WPCF","240 BRAINARD RD","HARTFORD","CT",60,NA,NA,NA,c(-72.665864, 41.76203)
"106","HARTFORD WPCF","240 BRAINARD RD","HARTFORD","CT",60,NA,NA,NA,c(-72.667203, 41.768563)
"107","HARTFORD WPCF","240 BRAINARD RD","HARTFORD","CT",60,NA,NA,NA,c(-72.659718, 41.755696)
"108","HARTFORD WPCF","240 BRAINARD RD","HARTFORD","CT",60,NA,"Connecticut",1,c(-72.699065, 41.760367)
"109","HARTFORD WPCF","240 BRAINARD RD","HARTFORD","CT",60,NA,"Connecticut",1,c(-72.694123, 41.762107)
"110","NEW HAVEN EAST SHORE STP","345 EAST SHORE PARKWAY","NEW HAVEN","CT",40,NA,"Connecticut",1,c(-72.950551, 41.29727)
"111","NEW HAVEN EAST SHORE STP","345 EAST SHORE PARKWAY","NEW HAVEN","CT",40,NA,"Connecticut",1,c(-72.953755, 41.305574)
"112","NEW HAVEN EAST SHORE STP","345 EAST SHORE PARKWAY","NEW HAVEN","CT",40,NA,"Connecticut",1,c(-72.95438, 41.310161)
"113","NEW HAVEN EAST SHORE STP","345 EAST SHORE PARKWAY","NEW HAVEN","CT",40,NA,"Connecticut",1,c(-72.957306, 41.325081)
"114","NEW HAVEN EAST SHORE STP","345 EAST SHORE PARKWAY","NEW HAVEN","CT",40,NA,"Connecticut",1,c(-72.905917, 41.308487)
"115","NEW HAVEN EAST SHORE STP","345 EAST SHORE PARKWAY","NEW HAVEN","CT",40,NA,"Connecticut",1,c(-72.907309, 41.313326)
"116","NEW HAVEN EAST SHORE STP","345 EAST SHORE PARKWAY","NEW HAVEN","CT",40,NA,"Connecticut",1,c(-72.902127, 41.300989)
"117","NEW HAVEN EAST SHORE STP","345 EAST SHORE PARKWAY","NEW HAVEN","CT",40,NA,"Connecticut",1,c(-72.896038, 41.301798)
"118","NEW HAVEN EAST SHORE STP","345 EAST SHORE PARKWAY","NEW HAVEN","CT",40,NA,"Connecticut",1,c(-72.910758, 41.29701)
"119","NEW HAVEN EAST SHORE STP","345 EAST SHORE PARKWAY","NEW HAVEN","CT",40,NA,"Connecticut",1,c(-72.925145, 41.282798)
"120","NEW HAVEN EAST SHORE STP","345 EAST SHORE PARKWAY","NEW HAVEN","CT",40,NA,"Connecticut",1,c(-72.916205, 41.295852)
"121","NORWICH WPCF","FALLS AVENUE","NORWICH","CT",8.5,NA,NA,NA,c(-72.079016, 41.516222)
"122","NORWICH WPCF","FALLS AVENUE","NORWICH","CT",8.5,NA,NA,NA,c(-72.079251, 41.517844)
"123","NORWICH WPCF","FALLS AVENUE","NORWICH","CT",8.5,NA,"Connecticut",1,c(-72.075179, 41.523839)
"124","NORWICH WPCF","FALLS AVENUE","NORWICH","CT",8.5,NA,"Connecticut",1,c(-72.062102, 41.527052)
"125","NORWICH WPCF","FALLS AVENUE","NORWICH","CT",8.5,NA,"Connecticut",1,c(-72.065697, 41.526506)
"126","NORWICH WPCF","FALLS AVENUE","NORWICH","CT",8.5,NA,"Connecticut",1,c(-72.060848, 41.527432)
"127","NORWICH WPCF","FALLS AVENUE","NORWICH","CT",8.5,NA,"Connecticut",1,c(-72.057544, 41.529925)
"128","NORWICH WPCF","FALLS AVENUE","NORWICH","CT",8.5,NA,"Connecticut",1,c(-72.056567, 41.530243)
"129","NORWICH WPCF","FALLS AVENUE","NORWICH","CT",8.5,NA,"Connecticut",1,c(-72.052428, 41.535217)
"130","NORWICH WPCF","FALLS AVENUE","NORWICH","CT",8.5,NA,"Connecticut",1,c(-72.051345, 41.534772)
"131","NORWICH WPCF","FALLS AVENUE","NORWICH","CT",8.5,NA,"Connecticut",1,c(-72.074444, 41.522647)
"132","NORWICH WPCF","FALLS AVENUE","NORWICH","CT",8.5,NA,"Connecticut",1,c(-72.077297, 41.515934)
"133","NORWICH WPCF","FALLS AVENUE","NORWICH","CT",8.5,NA,"Connecticut",1,c(-72.07612, 41.513525)
"134","WATERBURY WPCF","210 MUNICIPAL ROAD","WATERBURY","CT",27.05,NA,NA,NA,c(-73.046944, 41.519722)
"135","BRIDGEPORT EAST SIDE WPCF","695 SEAVIEW AVENUE","BRIDGEPORT","CT",10,NA,"Connecticut",1,c(-73.161416, 41.173024)
"136","BRIDGEPORT EAST SIDE WPCF","695 SEAVIEW AVENUE","BRIDGEPORT","CT",10,NA,"Connecticut",1,c(-73.174808, 41.177236)
"137","BRIDGEPORT EAST SIDE WPCF","695 SEAVIEW AVENUE","BRIDGEPORT","CT",10,NA,"Connecticut",1,c(-73.172082, 41.182693)
"138","BRIDGEPORT EAST SIDE WPCF","695 SEAVIEW AVENUE","BRIDGEPORT","CT",10,NA,"Connecticut",1,c(-73.171038, 41.186515)
"139","BRIDGEPORT EAST SIDE WPCF","695 SEAVIEW AVENUE","BRIDGEPORT","CT",10,NA,"Connecticut",1,c(-73.172792, 41.184119)
"140","BRIDGEPORT EAST SIDE WPCF","695 SEAVIEW AVENUE","BRIDGEPORT","CT",10,NA,"Connecticut",1,c(-73.176916, 41.17834)
"141","D.C. WASA (BLUE PLAINS)","5000 OVERLOOK AVE, SW","WASHINGTON","DC",370,NA,NA,NA,c(-77.02, 38.830833)
"142","D.C. WASA (BLUE PLAINS)","5000 OVERLOOK AVE, SW","WASHINGTON","DC",370,NA,NA,NA,c(-77.02, 38.848611)
"143","D.C. WASA (BLUE PLAINS)","5000 OVERLOOK AVE, SW","WASHINGTON","DC",370,NA,"District of Columbia",1,c(-76.993332, 38.869167)
"144","D.C. WASA (BLUE PLAINS)","5000 OVERLOOK AVE, SW","WASHINGTON","DC",370,NA,"District of Columbia",1,c(-76.991111, 38.871111)
"145","D.C. WASA (BLUE PLAINS)","5000 OVERLOOK AVE, SW","WASHINGTON","DC",370,NA,"District of Columbia",1,c(-76.988609, 38.871113)
"146","D.C. WASA (BLUE PLAINS)","5000 OVERLOOK AVE, SW","WASHINGTON","DC",370,NA,NA,NA,c(-77.004166, 38.872501)
"147","D.C. WASA (BLUE PLAINS)","5000 OVERLOOK AVE, SW","WASHINGTON","DC",370,NA,NA,NA,c(-77.003891, 38.873055)
"148","D.C. WASA (BLUE PLAINS)","5000 OVERLOOK AVE, SW","WASHINGTON","DC",370,NA,NA,NA,c(-77.004723, 38.872776)
"149","D.C. WASA (BLUE PLAINS)","5000 OVERLOOK AVE, SW","WASHINGTON","DC",370,NA,NA,NA,c(-77.004723, 38.872776)
"150","D.C. WASA (BLUE PLAINS)","5000 OVERLOOK AVE, SW","WASHINGTON","DC",370,NA,NA,NA,c(-77.002502, 38.872776)
"151","D.C. WASA (BLUE PLAINS)","5000 OVERLOOK AVE, SW","WASHINGTON","DC",370,NA,NA,NA,c(-77.002502, 38.872776)
"152","D.C. WASA (BLUE PLAINS)","5000 OVERLOOK AVE, SW","WASHINGTON","DC",370,NA,NA,NA,c(-76.999443, 38.873055)
"153","D.C. WASA (BLUE PLAINS)","5000 OVERLOOK AVE, SW","WASHINGTON","DC",370,NA,NA,NA,c(-76.993889, 38.871666)
"154","D.C. WASA (BLUE PLAINS)","5000 OVERLOOK AVE, SW","WASHINGTON","DC",370,NA,NA,NA,c(-76.991112, 38.872223)
"155","D.C. WASA (BLUE PLAINS)","5000 OVERLOOK AVE, SW","WASHINGTON","DC",370,NA,"District of Columbia",1,c(-76.991112, 38.875278)
"156","D.C. WASA (BLUE PLAINS)","5000 OVERLOOK AVE, SW","WASHINGTON","DC",370,NA,"District of Columbia",1,c(-76.982498, 38.877499)
"157","D.C. WASA (BLUE PLAINS)","5000 OVERLOOK AVE, SW","WASHINGTON","DC",370,NA,"District of Columbia",1,c(-76.971947, 38.885277)
"158","D.C. WASA (BLUE PLAINS)","5000 OVERLOOK AVE, SW","WASHINGTON","DC",370,NA,"District of Columbia",1,c(-76.971111, 38.8833334)
"159","D.C. WASA (BLUE PLAINS)","5000 OVERLOOK AVE, SW","WASHINGTON","DC",370,NA,NA,NA,c(-77.050835, 38.886112)
"160","D.C. WASA (BLUE PLAINS)","5000 OVERLOOK AVE, SW","WASHINGTON","DC",370,NA,NA,NA,c(-77.053055, 38.888611)
"161","D.C. WASA (BLUE PLAINS)","5000 OVERLOOK AVE, SW","WASHINGTON","DC",370,NA,NA,NA,c(-77.0575, 38.897778)
"162","D.C. WASA (BLUE PLAINS)","5000 OVERLOOK AVE, SW","WASHINGTON","DC",370,NA,NA,NA,c(-77.059448, 38.90139)
"163","D.C. WASA (BLUE PLAINS)","5000 OVERLOOK AVE, SW","WASHINGTON","DC",370,NA,NA,NA,c(-77.062225, 38.900833)
"164","D.C. WASA (BLUE PLAINS)","5000 OVERLOOK AVE, SW","WASHINGTON","DC",370,NA,NA,NA,c(-77.063057, 38.901669)
"165","D.C. WASA (BLUE PLAINS)","5000 OVERLOOK AVE, SW","WASHINGTON","DC",370,NA,NA,NA,c(-77.065834, 38.90361)
"166","D.C. WASA (BLUE PLAINS)","5000 OVERLOOK AVE, SW","WASHINGTON","DC",370,NA,NA,NA,c(-77.071663, 38.90361)
"167","D.C. WASA (BLUE PLAINS)","5000 OVERLOOK AVE, SW","WASHINGTON","DC",370,NA,NA,NA,c(-77.076385, 38.904724)
"168","D.C. WASA (BLUE PLAINS)","5000 OVERLOOK AVE, SW","WASHINGTON","DC",370,NA,NA,NA,c(-77.056111, 38.906389)
"169","D.C. WASA (BLUE PLAINS)","5000 OVERLOOK AVE, SW","WASHINGTON","DC",370,NA,NA,NA,c(-77.054726, 38.906113)
"170","D.C. WASA (BLUE PLAINS)","5000 OVERLOOK AVE, SW","WASHINGTON","DC",370,NA,NA,NA,c(-77.055275, 38.907223)
"171","D.C. WASA (BLUE PLAINS)","5000 OVERLOOK AVE, SW","WASHINGTON","DC",370,NA,NA,NA,c(-77.051392, 38.91)
"172","D.C. WASA (BLUE PLAINS)","5000 OVERLOOK AVE, SW","WASHINGTON","DC",370,NA,NA,NA,c(-77.050278, 38.909168)
"173","D.C. WASA (BLUE PLAINS)","5000 OVERLOOK AVE, SW","WASHINGTON","DC",370,NA,NA,NA,c(-77.051109, 38.910557)
"174","D.C. WASA (BLUE PLAINS)","5000 OVERLOOK AVE, SW","WASHINGTON","DC",370,NA,NA,NA,c(-77.051111, 38.917222)
"175","D.C. WASA (BLUE PLAINS)","5000 OVERLOOK AVE, SW","WASHINGTON","DC",370,NA,NA,NA,c(-77.051392, 38.919167)
"176","D.C. WASA (BLUE PLAINS)","5000 OVERLOOK AVE, SW","WASHINGTON","DC",370,NA,NA,NA,c(-77.048889, 38.921665)
"177","D.C. WASA (BLUE PLAINS)","5000 OVERLOOK AVE, SW","WASHINGTON","DC",370,NA,NA,NA,c(-77.04528, 38.927776)
"178","D.C. WASA (BLUE PLAINS)","5000 OVERLOOK AVE, SW","WASHINGTON","DC",370,NA,NA,NA,c(-77.04528, 38.927776)
"179","D.C. WASA (BLUE PLAINS)","5000 OVERLOOK AVE, SW","WASHINGTON","DC",370,NA,NA,NA,c(-77.04528, 38.928612)
"180","D.C. WASA (BLUE PLAINS)","5000 OVERLOOK AVE, SW","WASHINGTON","DC",370,NA,NA,NA,c(-77.044998, 38.928612)
"181","D.C. WASA (BLUE PLAINS)","5000 OVERLOOK AVE, SW","WASHINGTON","DC",370,NA,NA,NA,c(-77.045555, 38.92889)
"182","D.C. WASA (BLUE PLAINS)","5000 OVERLOOK AVE, SW","WASHINGTON","DC",370,NA,NA,NA,c(-77.046944, 38.930557)
"183","D.C. WASA (BLUE PLAINS)","5000 OVERLOOK AVE, SW","WASHINGTON","DC",370,NA,NA,NA,c(-77.04583, 38.935276)
"184","D.C. WASA (BLUE PLAINS)","5000 OVERLOOK AVE, SW","WASHINGTON","DC",370,NA,NA,NA,c(-77.043335, 38.936111)
"185","D.C. WASA (BLUE PLAINS)","5000 OVERLOOK AVE, SW","WASHINGTON","DC",370,NA,NA,NA,c(-77.039719, 38.9375)
"186","D.C. WASA (BLUE PLAINS)","5000 OVERLOOK AVE, SW","WASHINGTON","DC",370,NA,NA,NA,c(-77.038612, 38.936668)
"187","D.C. WASA (BLUE PLAINS)","5000 OVERLOOK AVE, SW","WASHINGTON","DC",370,NA,NA,NA,c(-77.056389, 38.903889)
"188","D.C. WASA (BLUE PLAINS)","5000 OVERLOOK AVE, SW","WASHINGTON","DC",370,NA,NA,NA,c(-77.053055, 38.90889)
"189","D.C. WASA (BLUE PLAINS)","5000 OVERLOOK AVE, SW","WASHINGTON","DC",370,NA,NA,NA,c(-77.054443, 38.908611)
"190","D.C. WASA (BLUE PLAINS)","5000 OVERLOOK AVE, SW","WASHINGTON","DC",370,NA,NA,NA,c(-77.027778, 38.921667)
"191","D.C. WASA (BLUE PLAINS)","5000 OVERLOOK AVE, SW","WASHINGTON","DC",370,NA,NA,NA,c(-77.050552, 38.909443)
"192","D.C. WASA (BLUE PLAINS)","5000 OVERLOOK AVE, SW","WASHINGTON","DC",370,NA,NA,NA,c(-77.051109, 38.917221)
"193","D.C. WASA (BLUE PLAINS)","5000 OVERLOOK AVE, SW","WASHINGTON","DC",370,NA,NA,NA,c(-77.0525, 38.921667)
"194","D.C. WASA (BLUE PLAINS)","5000 OVERLOOK AVE, SW","WASHINGTON","DC",370,NA,NA,NA,c(-77.050278, 38.921112)
"195","D.C. WASA (BLUE PLAINS)","5000 OVERLOOK AVE, SW","WASHINGTON","DC",370,NA,"District of Columbia",1,c(-77.037498, 38.965557)
"196","D.C. WASA (BLUE PLAINS)","5000 OVERLOOK AVE, SW","WASHINGTON","DC",370,NA,NA,NA,c(-77.0514, 38.9107)
"197","CITY OF WILMINGTON REGIONAL WWTP","12TH STREET & HAY ROAD","WILMINGTON","DE",NA,NA,"Delaware",1,c(-75.5293416, 39.7390401)
"198","CITY OF WILMINGTON REGIONAL WWTP","12TH STREET & HAY ROAD","WILMINGTON","DE",NA,NA,"Delaware",1,c(-75.5366449, 39.742112)
"199","CITY OF WILMINGTON REGIONAL WWTP","12TH STREET & HAY ROAD","WILMINGTON","DE",NA,NA,"Delaware",1,c(-75.5373138, 39.7441344)
"200","CITY OF WILMINGTON REGIONAL WWTP","12TH STREET & HAY ROAD","WILMINGTON","DE",NA,NA,"Delaware",1,c(-75.5382348, 39.7450479)
"201","CITY OF WILMINGTON REGIONAL WWTP","12TH STREET & HAY ROAD","WILMINGTON","DE",NA,NA,"Delaware",1,c(-75.5395901, 39.7484589)
"202","CITY OF WILMINGTON REGIONAL WWTP","12TH STREET & HAY ROAD","WILMINGTON","DE",NA,NA,"Delaware",1,c(-75.5410477, 39.7501133)
"203","CITY OF WILMINGTON REGIONAL WWTP","12TH STREET & HAY ROAD","WILMINGTON","DE",NA,NA,"Delaware",1,c(-75.5450704, 39.7505811)
"204","CITY OF WILMINGTON REGIONAL WWTP","12TH STREET & HAY ROAD","WILMINGTON","DE",NA,NA,NA,NA,c(-75.5481654, 39.7520571)
"205","CITY OF WILMINGTON REGIONAL WWTP","12TH STREET & HAY ROAD","WILMINGTON","DE",NA,NA,"Delaware",1,c(-75.5552094, 39.7369183)
"206","CITY OF WILMINGTON REGIONAL WWTP","12TH STREET & HAY ROAD","WILMINGTON","DE",NA,NA,"Delaware",1,c(-75.5545216, 39.7367835)
"207","CITY OF WILMINGTON REGIONAL WWTP","12TH STREET & HAY ROAD","WILMINGTON","DE",NA,NA,"Delaware",1,c(-75.5536373, 39.7367168)
"208","CITY OF WILMINGTON REGIONAL WWTP","12TH STREET & HAY ROAD","WILMINGTON","DE",NA,NA,"Delaware",1,c(-75.5410159, 39.7349073)
"209","CITY OF WILMINGTON REGIONAL WWTP","12TH STREET & HAY ROAD","WILMINGTON","DE",NA,NA,"Delaware",1,c(-75.5350684, 39.728309)
"210","CITY OF WILMINGTON REGIONAL WWTP","12TH STREET & HAY ROAD","WILMINGTON","DE",NA,NA,"Delaware",1,c(-75.5452924, 39.7329765)
"211","CITY OF WILMINGTON REGIONAL WWTP","12TH STREET & HAY ROAD","WILMINGTON","DE",NA,NA,"Delaware",1,c(-75.5528146, 39.7363881)
"212","CITY OF WILMINGTON REGIONAL WWTP","12TH STREET & HAY ROAD","WILMINGTON","DE",NA,NA,"Delaware",1,c(-75.5520174, 39.7360841)
"213","CITY OF WILMINGTON REGIONAL WWTP","12TH STREET & HAY ROAD","WILMINGTON","DE",NA,NA,"Delaware",1,c(-75.5488024, 39.7347213)
"214","CITY OF WILMINGTON REGIONAL WWTP","12TH STREET & HAY ROAD","WILMINGTON","DE",NA,NA,"Delaware",1,c(-75.5449977, 39.7342905)
"215","CITY OF WILMINGTON REGIONAL WWTP","12TH STREET & HAY ROAD","WILMINGTON","DE",NA,NA,"Delaware",1,c(-75.5442353, 39.7343804)
"216","CITY OF WILMINGTON REGIONAL WWTP","12TH STREET & HAY ROAD","WILMINGTON","DE",NA,NA,"Delaware",1,c(-75.5396954, 39.7362817)
"217","CITY OF WILMINGTON REGIONAL WWTP","12TH STREET & HAY ROAD","WILMINGTON","DE",NA,NA,"Delaware",1,c(-75.540904, 39.7357481)
"218","CITY OF WILMINGTON REGIONAL WWTP","12TH STREET & HAY ROAD","WILMINGTON","DE",NA,NA,"Delaware",1,c(-75.5375938, 39.7403366)
"219","CITY OF WILMINGTON REGIONAL WWTP","12TH STREET & HAY ROAD","WILMINGTON","DE",NA,NA,"Delaware",1,c(-75.5376366, 39.7415373)
"220","CITY OF WILMINGTON REGIONAL WWTP","12TH STREET & HAY ROAD","WILMINGTON","DE",NA,NA,"Delaware",1,c(-75.538036, 39.743841)
"221","CITY OF WILMINGTON REGIONAL WWTP","12TH STREET & HAY ROAD","WILMINGTON","DE",NA,NA,"Delaware",1,c(-75.5391446, 39.7451698)
"222","CITY OF WILMINGTON REGIONAL WWTP","12TH STREET & HAY ROAD","WILMINGTON","DE",NA,NA,"Delaware",1,c(-75.5396647, 39.7457559)
"223","CITY OF WILMINGTON REGIONAL WWTP","12TH STREET & HAY ROAD","WILMINGTON","DE",NA,NA,"Delaware",1,c(-75.5402302, 39.7470764)
"224","CITY OF WILMINGTON REGIONAL WWTP","12TH STREET & HAY ROAD","WILMINGTON","DE",NA,NA,"Delaware",1,c(-75.5415695, 39.7495092)
"225","CITY OF WILMINGTON REGIONAL WWTP","12TH STREET & HAY ROAD","WILMINGTON","DE",NA,NA,NA,NA,c(-75.5439316, 39.7501759)
"226","CITY OF WILMINGTON REGIONAL WWTP","12TH STREET & HAY ROAD","WILMINGTON","DE",NA,NA,NA,NA,c(-75.5478346, 39.7512667)
"227","CITY OF WILMINGTON REGIONAL WWTP","12TH STREET & HAY ROAD","WILMINGTON","DE",NA,NA,NA,NA,c(-75.5510528, 39.7547862)
"228","CITY OF WILMINGTON REGIONAL WWTP","12TH STREET & HAY ROAD","WILMINGTON","DE",NA,NA,NA,NA,c(-75.5549289, 39.7584333)
"229","CITY OF WILMINGTON REGIONAL WWTP","12TH STREET & HAY ROAD","WILMINGTON","DE",NA,NA,"Delaware",1,c(-75.5541153, 39.7579682)
"230","CITY OF WILMINGTON REGIONAL WWTP","12TH STREET & HAY ROAD","WILMINGTON","DE",NA,NA,"Delaware",1,c(-75.5817588, 39.7490627)
"231","CITY OF WILMINGTON REGIONAL WWTP","12TH STREET & HAY ROAD","WILMINGTON","DE",NA,NA,"Delaware",1,c(-75.5848079, 39.7418051)
"232","CITY OF WILMINGTON REGIONAL WWTP","12TH STREET & HAY ROAD","WILMINGTON","DE",NA,NA,"Delaware",1,c(-75.5786843, 39.7404047)
"233","CITY OF WILMINGTON REGIONAL WWTP","12TH STREET & HAY ROAD","WILMINGTON","DE",NA,NA,"Delaware",1,c(-75.5615705, 39.725766)
"234","CITY OF WILMINGTON REGIONAL WWTP","12TH STREET & HAY ROAD","WILMINGTON","DE",NA,NA,"Delaware",1,c(-75.5208958, 39.7517547)
"235","CITY OF WILMINGTON REGIONAL WWTP","12TH STREET & HAY ROAD","WILMINGTON","DE",NA,NA,NA,NA,c(-75.5610171, 39.7627599)
"236","CITY OF WILMINGTON REGIONAL WWTP","12TH STREET & HAY ROAD","WILMINGTON","DE",NA,NA,NA,NA,c(-75.5655778, 39.7690559)
"237","CITY OF WILMINGTON REGIONAL WWTP","12TH STREET & HAY ROAD","WILMINGTON","DE",NA,NA,NA,NA,c(-75.5500001, 39.7541365)
"238","COLUMBUS WATER WORKS (COLUMBUS CSO)","MULTIPLE LOCATIONS","COLUMBUS","GA",76,32.3,"Georgia",1,c(-84.992876, 32.485653)
"239","COLUMBUS WATER WORKS (COLUMBUS CSO)","MULTIPLE LOCATIONS","COLUMBUS","GA",76,32.3,"Georgia",1,c(-84.992778, 32.481944)
"240","COLUMBUS WATER WORKS (COLUMBUS CSO)","MULTIPLE LOCATIONS","COLUMBUS","GA",76,32.3,"Georgia",1,c(-84.993333, 32.476417)
"241","COLUMBUS WATER WORKS (COLUMBUS CSO)","MULTIPLE LOCATIONS","COLUMBUS","GA",76,32.3,"Georgia",1,c(-84.993806, 32.474583)
"242","COLUMBUS WATER WORKS (COLUMBUS CSO)","MULTIPLE LOCATIONS","COLUMBUS","GA",76,32.3,"Georgia",1,c(-84.995056, 32.4725)
"243","COLUMBUS WATER WORKS (COLUMBUS CSO)","MULTIPLE LOCATIONS","COLUMBUS","GA",76,32.3,"Georgia",1,c(-84.996222, 32.468361)
"244","COLUMBUS WATER WORKS (COLUMBUS CSO)","MULTIPLE LOCATIONS","COLUMBUS","GA",76,32.3,"Georgia",1,c(-84.996528, 32.466611)
"245","COLUMBUS WATER WORKS (COLUMBUS CSO)","MULTIPLE LOCATIONS","COLUMBUS","GA",76,32.3,"Georgia",1,c(-84.997278, 32.462639)
"246","COLUMBUS WATER WORKS (COLUMBUS CSO)","MULTIPLE LOCATIONS","COLUMBUS","GA",76,32.3,"Georgia",1,c(-84.995712, 32.457974)
"247","COLUMBUS WATER WORKS (COLUMBUS CSO)","MULTIPLE LOCATIONS","COLUMBUS","GA",76,32.3,"Georgia",1,c(-84.992278, 32.451083)
"248","COLUMBUS WATER WORKS (COLUMBUS CSO)","MULTIPLE LOCATIONS","COLUMBUS","GA",76,32.3,"Georgia",1,c(-84.987361, 32.448222)
"249","COLUMBUS WATER WORKS (COLUMBUS CSO)","MULTIPLE LOCATIONS","COLUMBUS","GA",76,32.3,"Georgia",1,c(-84.981944, 32.445833)
"250","ALBANY, CITY OF (ALBANY CSO)","2726 JOSHUA ST","ALBANY","GA",34.5,1.414,"Georgia",1,c(-84.140586, 31.539606)
"251","ALBANY, CITY OF (ALBANY CSO)","2726 JOSHUA ST","ALBANY","GA",34.5,1.414,"Georgia",1,c(-84.148579, 31.564324)
"252","ALBANY, CITY OF (ALBANY CSO)","2726 JOSHUA ST","ALBANY","GA",34.5,1.414,"Georgia",1,c(-84.147639, 31.50732)
"253","ALBANY, CITY OF (ALBANY CSO)","2726 JOSHUA ST","ALBANY","GA",34.5,1.414,"Georgia",1,c(-84.148049, 31.572324)
"254","ALBANY, CITY OF (ALBANY CSO)","2726 JOSHUA ST","ALBANY","GA",34.5,1.414,"Georgia",1,c(-84.148372, 31.573919)
"255","ALBANY, CITY OF (ALBANY CSO)","2726 JOSHUA ST","ALBANY","GA",34.5,1.414,"Georgia",1,c(-84.148606, 31.580758)
"256","ALBANY, CITY OF (ALBANY CSO)","2726 JOSHUA ST","ALBANY","GA",34.5,1.414,"Georgia",1,c(-84.145661, 31.590229)
"257","ALBANY, CITY OF (ALBANY CSO)","2726 JOSHUA ST","ALBANY","GA",34.5,1.414,"Georgia",1,c(-84.143949, 31.595239)
"258","ALBANY, CITY OF (ALBANY CSO)","2726 JOSHUA ST","ALBANY","GA",34.5,1.414,"Georgia",1,c(-84.147722, 31.570917)
"259","ATLANTA, CITY OF (EAST AREA CSO)","MULTIPLE LOCATIONS","ATLANTA","GA",20,11.6,"Georgia",1,c(-84.336667, 33.703797)
"260","ATLANTA, CITY OF (EAST AREA CSO)","MULTIPLE LOCATIONS","ATLANTA","GA",20,11.6,"Georgia",1,c(-84.336667, 33.703797)
"261","ATLANTA, CITY OF (WEST AREA CSO)","MULTIPLE LOCATIONS","ATLANTA","GA",85,44.93,NA,NA,c(-84.453356, 33.826445)
"262","ATLANTA, CITY OF (WEST AREA CSO)","MULTIPLE LOCATIONS","ATLANTA","GA",85,44.93,NA,NA,c(-84.369951, 33.790467)
"263","ATLANTA, CITY OF (WEST AREA CSO)","MULTIPLE LOCATIONS","ATLANTA","GA",85,44.93,"Georgia",1,c(-84.425116, 33.76874)
"264","ATLANTA, CITY OF (WEST AREA CSO)","MULTIPLE LOCATIONS","ATLANTA","GA",85,44.93,NA,NA,c(-84.396603, 33.799874)
"265","SPENCER, CITY OF STP","400 10TH AVE SE","SPENCER","IA",6.5,3.7,NA,NA,c(-95.14833, 43.13694)
"266","MUSCATINE CITY OF STP","1202 MUSSER STREET","MUSCATINE","IA",16.9,10.3,"Iowa",1,c(-91.04289, 41.42031)
"267","MUSCATINE CITY OF STP","1202 MUSSER STREET","MUSCATINE","IA",16.9,10.3,"Iowa",1,c(-91.0533, 41.41507)
"268","MUSCATINE CITY OF STP","1202 MUSSER STREET","MUSCATINE","IA",16.9,10.3,"Iowa",1,c(-91.03687, 41.42326)
"269","MUSCATINE CITY OF STP","1202 MUSSER STREET","MUSCATINE","IA",16.9,10.3,"Iowa",1,c(-91.03777, 41.43386)
"270","FORT MADISON CITY OF STP","1621 20TH STREET","FORT MADISON","IA",9.3,7.29,NA,NA,c(-91.33338, 40.62244)
"271","FORT MADISON CITY OF STP","1621 20TH STREET","FORT MADISON","IA",9.3,7.29,NA,NA,c(-91.30438, 40.62853)
"272","FORT MADISON CITY OF STP","1621 20TH STREET","FORT MADISON","IA",9.3,7.29,NA,NA,c(-91.30625, 40.62851)
"273","FORT MADISON CITY OF STP","1621 20TH STREET","FORT MADISON","IA",9.3,7.29,NA,NA,c(-91.30818, 40.62844)
"274","FORT MADISON CITY OF STP","1621 20TH STREET","FORT MADISON","IA",9.3,7.29,NA,NA,c(-91.31006, 40.62836)
"275","FORT MADISON CITY OF STP","1621 20TH STREET","FORT MADISON","IA",9.3,7.29,NA,NA,c(-91.31176, 40.62832)
"276","FORT MADISON CITY OF STP","1621 20TH STREET","FORT MADISON","IA",9.3,7.29,NA,NA,c(-91.31315, 40.62825)
"277","FORT MADISON CITY OF STP","1621 20TH STREET","FORT MADISON","IA",9.3,7.29,NA,NA,c(-91.31552, 40.62816)
"278","FORT MADISON CITY OF STP","1621 20TH STREET","FORT MADISON","IA",9.3,7.29,NA,NA,c(-91.31741, 40.62794)
"279","FORT MADISON CITY OF STP","1621 20TH STREET","FORT MADISON","IA",9.3,7.29,NA,NA,c(-91.32066, 40.62693)
"280","CLINTON CITY OF STP","1901 BEAVER CHANNEL PARKWAY","CLINTON","IA",17,12,"Iowa",1,c(-90.20742, 41.82114)
"281","CLINTON CITY OF STP","1901 BEAVER CHANNEL PARKWAY","CLINTON","IA",17,12,"Iowa",1,c(-90.20355, 41.82338)
"282","CLINTON CITY OF STP","1901 BEAVER CHANNEL PARKWAY","CLINTON","IA",17,12,"Iowa",1,c(-90.19445, 41.82576)
"283","CLINTON CITY OF STP","1901 BEAVER CHANNEL PARKWAY","CLINTON","IA",17,12,"Iowa",1,c(-90.19303, 41.82633)
"284","CLINTON CITY OF STP","1901 BEAVER CHANNEL PARKWAY","CLINTON","IA",17,12,"Iowa",1,c(-90.18411, 41.84546)
"285","CLINTON CITY OF STP","1901 BEAVER CHANNEL PARKWAY","CLINTON","IA",17,12,NA,NA,c(-90.18255, 41.85855)
"286","CLINTON CITY OF STP","1901 BEAVER CHANNEL PARKWAY","CLINTON","IA",17,12,NA,NA,c(-90.182, 41.86092)
"287","CLINTON CITY OF STP","1901 BEAVER CHANNEL PARKWAY","CLINTON","IA",17,12,NA,NA,c(-90.17748, 41.86419)
"288","CLINTON CITY OF STP","1901 BEAVER CHANNEL PARKWAY","CLINTON","IA",17,12,NA,NA,c(-90.17606, 41.86584)
"289","CLINTON CITY OF STP","1901 BEAVER CHANNEL PARKWAY","CLINTON","IA",17,12,NA,NA,c(-90.17463, 41.87143)
"290","CLINTON CITY OF STP","1901 BEAVER CHANNEL PARKWAY","CLINTON","IA",17,12,NA,NA,c(-90.17301, 41.87262)
"291","CLINTON CITY OF STP","1901 BEAVER CHANNEL PARKWAY","CLINTON","IA",17,12,"Iowa",1,c(-90.18443, 41.84311)
"292","CLINTON CITY OF STP","1901 BEAVER CHANNEL PARKWAY","CLINTON","IA",17,12,NA,NA,c(-90.18375, 41.85328)
"293","CLINTON CITY OF STP","1901 BEAVER CHANNEL PARKWAY","CLINTON","IA",17,12,NA,NA,c(-90.18375, 41.85328)
"294","KEOKUK CITY OF STP","1000 MISSISSIPPI DRIVE","KEOKUK","IA",7.5,5,"Iowa",1,c(-91.38593, 40.38854)
"295","KEOKUK CITY OF STP","1000 MISSISSIPPI DRIVE","KEOKUK","IA",7.5,5,"Iowa",1,c(-91.39394, 40.39215)
"296","KEOKUK CITY OF STP","1000 MISSISSIPPI DRIVE","KEOKUK","IA",7.5,5,"Iowa",1,c(-91.39371, 40.38984)
"297","KEOKUK CITY OF STP","1000 MISSISSIPPI DRIVE","KEOKUK","IA",7.5,5,"Iowa",1,c(-91.38184, 40.38927)
"298","KEOKUK CITY OF STP","1000 MISSISSIPPI DRIVE","KEOKUK","IA",7.5,5,"Iowa",1,c(-91.39658, 40.3939)
"299","KEOKUK CITY OF STP","1000 MISSISSIPPI DRIVE","KEOKUK","IA",7.5,5,"Iowa",1,c(-91.39569, 40.38824)
"300","KEOKUK CITY OF STP","1000 MISSISSIPPI DRIVE","KEOKUK","IA",7.5,5,"Iowa",1,c(-91.37788, 40.39189)
"301","KEOKUK CITY OF STP","1000 MISSISSIPPI DRIVE","KEOKUK","IA",7.5,5,"Iowa",1,c(-91.378, 40.39108)
"302","KEOKUK CITY OF STP","1000 MISSISSIPPI DRIVE","KEOKUK","IA",7.5,5,"Iowa",1,c(-91.37933, 40.39024)
"303","DES MOINES METROPOLITAN WRF","3000 VANDALIA ROAD","DES MOINES","IA",200,134,"Iowa",1,c(-93.56368, 41.57347)
"304","DES MOINES METROPOLITAN WRF","3000 VANDALIA ROAD","DES MOINES","IA",200,134,"Iowa",1,c(-93.6116, 41.57958)
"305","DES MOINES METROPOLITAN WRF","3000 VANDALIA ROAD","DES MOINES","IA",200,134,"Iowa",1,c(-93.55702, 41.57092)
"306","DES MOINES METROPOLITAN WRF","3000 VANDALIA ROAD","DES MOINES","IA",200,134,"Iowa",1,c(-93.6116, 41.57961)
"307","DES MOINES METROPOLITAN WRF","3000 VANDALIA ROAD","DES MOINES","IA",200,134,"Iowa",1,c(-93.6116, 41.57961)
"308","DES MOINES METROPOLITAN WRF","3000 VANDALIA ROAD","DES MOINES","IA",200,134,"Iowa",1,c(-93.6116, 41.57961)
"309","DES MOINES METROPOLITAN WRF","3000 VANDALIA ROAD","DES MOINES","IA",200,134,"Iowa",1,c(-93.61159, 41.5796)
"310","DES MOINES METROPOLITAN WRF","3000 VANDALIA ROAD","DES MOINES","IA",200,134,"Iowa",1,c(-93.61086, 41.58019)
"311","DES MOINES METROPOLITAN WRF","3000 VANDALIA ROAD","DES MOINES","IA",200,134,"Iowa",1,c(-93.61086, 41.58019)
"312","DES MOINES METROPOLITAN WRF","3000 VANDALIA ROAD","DES MOINES","IA",200,134,"Iowa",1,c(-93.61086, 41.58019)
"313","DES MOINES METROPOLITAN WRF","3000 VANDALIA ROAD","DES MOINES","IA",200,134,"Iowa",1,c(-93.61086, 41.58019)
"314","DES MOINES METROPOLITAN WRF","3000 VANDALIA ROAD","DES MOINES","IA",200,134,"Iowa",1,c(-93.61107, 41.60975)
"315","DES MOINES METROPOLITAN WRF","3000 VANDALIA ROAD","DES MOINES","IA",200,134,"Iowa",1,c(-93.62028, 41.61235)
"316","DES MOINES METROPOLITAN WRF","3000 VANDALIA ROAD","DES MOINES","IA",200,134,"Iowa",1,c(-93.62028, 41.61235)
"317","DES MOINES METROPOLITAN WRF","3000 VANDALIA ROAD","DES MOINES","IA",200,134,"Iowa",1,c(-93.62028, 41.61235)
"318","DES MOINES METROPOLITAN WRF","3000 VANDALIA ROAD","DES MOINES","IA",200,134,"Iowa",1,c(-93.62028, 41.61235)
"319","DES MOINES METROPOLITAN WRF","3000 VANDALIA ROAD","DES MOINES","IA",200,134,"Iowa",1,c(-93.64506, 41.58246)
"320","DES MOINES METROPOLITAN WRF","3000 VANDALIA ROAD","DES MOINES","IA",200,134,"Iowa",1,c(-93.61162, 41.57959)
"321","DES MOINES METROPOLITAN WRF","3000 VANDALIA ROAD","DES MOINES","IA",200,134,"Iowa",1,c(-93.61432, 41.60016)
"322","DES MOINES METROPOLITAN WRF","3000 VANDALIA ROAD","DES MOINES","IA",200,134,"Iowa",1,c(-93.61432, 41.60016)
"323","DES MOINES METROPOLITAN WRF","3000 VANDALIA ROAD","DES MOINES","IA",200,134,"Iowa",1,c(-93.61432, 41.60016)
"324","DES MOINES METROPOLITAN WRF","3000 VANDALIA ROAD","DES MOINES","IA",200,134,NA,NA,c(-93.62841, 41.61419)
"325","OTTUMWA CITY OF STP","2222 S EMMA ST","OTTUMWA","IA",12.5,10,"Iowa",1,c(-92.40735, 41.00976)
"326","OTTUMWA CITY OF STP","2222 S EMMA ST","OTTUMWA","IA",12.5,10,"Iowa",1,c(-92.40707, 41.00958)
"327","OTTUMWA CITY OF STP","2222 S EMMA ST","OTTUMWA","IA",12.5,10,"Iowa",1,c(-92.4021, 41.00239)
"328","OTTUMWA CITY OF STP","2222 S EMMA ST","OTTUMWA","IA",12.5,10,"Iowa",1,c(-92.40296, 40.99477)
"329","OTTUMWA CITY OF STP","2222 S EMMA ST","OTTUMWA","IA",12.5,10,"Iowa",1,c(-92.40153, 41.00546)
"330","OTTUMWA CITY OF STP","2222 S EMMA ST","OTTUMWA","IA",12.5,10,"Iowa",1,c(-92.39004, 41.00206)
"331","OTTUMWA CITY OF STP","2222 S EMMA ST","OTTUMWA","IA",12.5,10,"Iowa",1,c(-92.42861, 41.0068)
"332","OTTUMWA CITY OF STP","2222 S EMMA ST","OTTUMWA","IA",12.5,10,"Iowa",1,c(-92.42022, 41.00893)
"333","OTTUMWA CITY OF STP","2222 S EMMA ST","OTTUMWA","IA",12.5,10,NA,NA,c(-92.3975, 41.04836)
"334","OTTUMWA CITY OF STP","2222 S EMMA ST","OTTUMWA","IA",12.5,10,"Iowa",1,c(-92.38321, 41.00182)
"335","OTTUMWA CITY OF STP","2222 S EMMA ST","OTTUMWA","IA",12.5,10,"Iowa",1,c(-92.38384, 41.00141)
"336","PARIS STP, CITY OF ","929 CLINTON ROAD","PARIS","IL",4,1.4,"Illinois",1,c(-87.682222, 39.619444)
"337","HARTFORD CSO OUTFALL, VILLAGE OF","103 OLD ST. LOUIS ROAD","HARTFORD","IL",NA,NA,NA,NA,c(-90.105833, 38.833333)
"338","LEROY STP, CITY OF","701 SOUTH EAST STREET","LEROY, TOWNSHIP OF","IL",1.643,0.657,NA,NA,c(-88.752778, 40.338889)
"339","LEROY STP, CITY OF","701 SOUTH EAST STREET","LEROY, TOWNSHIP OF","IL",1.643,0.657,NA,NA,c(-88.756111, 40.341667)
"340","FAIRBURY STP, CITY OF","1000 EAST HICKORY","FAIRBURY","IL",2.4,0.66,"Illinois",1,c(-88.497778, 40.753611)
"341","FAIRBURY STP, CITY OF","1000 EAST HICKORY","FAIRBURY","IL",2.4,0.66,"Illinois",1,c(-88.496667, 40.751667)
"342","FAIRBURY STP, CITY OF","1000 EAST HICKORY","FAIRBURY","IL",2.4,0.66,"Illinois",1,c(-88.496667, 40.751667)
"343","CHARLESTON STP, CITY OF","1200 WEST MADISON AVENUE","CHARLESTON","IL",6,3.3,"Illinois",1,c(-88.199444, 39.491667)
"344","CHARLESTON STP, CITY OF","1200 WEST MADISON AVENUE","CHARLESTON","IL",6,3.3,NA,NA,c(-88.205, 39.481667)
"345","JACKSONVILLE STP, CITY OF","1145 N MAIN","JACKSONVILLE","IL",15,7.57,"Illinois",1,c(-90.2325, 39.752222)
"346","JACKSONVILLE STP, CITY OF","1145 N MAIN","JACKSONVILLE","IL",15,7.57,"Illinois",1,c(-90.233333, 39.749722)
"347","JACKSONVILLE STP, CITY OF","1145 N MAIN","JACKSONVILLE","IL",15,7.57,NA,NA,c(-90.208889, 39.688611)
"348","TOLUCA SEWAGE TREATMENT PLANT, CITY OF","WEST OF RAILROAD AT ILLINOIS STATE ROUTE 117","TOLUCA","IL",0.75,0.3,NA,NA,c(-89.143056, 41)
"349","BELLEVILLE STP #1, CITY OF","450 ENVIRONMENTAL DRIVE","BELLEVILLE","IL",16,8,NA,NA,c(-90.050278, 38.568889)
"350","BELLEVILLE STP #1, CITY OF","450 ENVIRONMENTAL DRIVE","BELLEVILLE","IL",16,8,NA,NA,c(-89.976944, 38.497778)
"351","SHELBYVILLE STP, CITY OF","1300 SOUTH HICKORY STREET","SHELBYVILLE","IL",2,0.73,"Illinois",1,c(-88.818056, 39.3925)
"352","SHELBYVILLE STP, CITY OF","1300 SOUTH HICKORY STREET","SHELBYVILLE","IL",2,0.73,"Illinois",1,c(-88.789722, 39.401944)
"353","SHELBYVILLE STP, CITY OF","1300 SOUTH HICKORY STREET","SHELBYVILLE","IL",2,0.73,"Illinois",1,c(-88.786667, 39.407222)
"354","SANGAMON COUNTY WATER RECLAMATION DISTRICT ","3300 MECHANICSBURG ROAD","SPRINGFIELD","IL",37.5,15,"Illinois",1,c(-89.628056, 39.773611)
"355","SANGAMON COUNTY WATER RECLAMATION DISTRICT ","3300 MECHANICSBURG ROAD","SPRINGFIELD","IL",37.5,15,NA,NA,c(-89.583056, 39.792222)
"356","SANGAMON COUNTY WATER RECLAMATION DISTRICT ","3300 MECHANICSBURG ROAD","SPRINGFIELD","IL",37.5,15,NA,NA,c(-89.581944, 39.793611)
"357","SPRING CREEK STP","3000 NORTH 8TH STREET RD","SPRINGFIELD","IL",80,20,NA,NA,c(-89.699444, 39.815)
"358","SPRING CREEK STP","3000 NORTH 8TH STREET RD","SPRINGFIELD","IL",80,20,"Illinois",1,c(-89.676667, 39.810833)
"359","SPRING CREEK STP","3000 NORTH 8TH STREET RD","SPRINGFIELD","IL",80,20,"Illinois",1,c(-89.684722, 39.821389)
"360","SPRING CREEK STP","3000 NORTH 8TH STREET RD","SPRINGFIELD","IL",80,20,"Illinois",1,c(-89.668056, 39.825278)
"361","SPRING CREEK STP","3000 NORTH 8TH STREET RD","SPRINGFIELD","IL",80,20,"Illinois",1,c(-89.660556, 39.826111)
"362","SPRING CREEK STP","3000 NORTH 8TH STREET RD","SPRINGFIELD","IL",80,20,"Illinois",1,c(-89.649722, 39.835556)
"363","SPRING CREEK STP","3000 NORTH 8TH STREET RD","SPRINGFIELD","IL",80,20,"Illinois",1,c(-89.635556, 39.843611)
"364","STREATOR STP, CITY OF","810 WEST GRANT STREET","STREATOR","IL",11.4,4,NA,NA,c(-88.851389, 41.137778)
"365","STREATOR STP, CITY OF","810 WEST GRANT STREET","STREATOR","IL",11.4,4,NA,NA,c(-88.841389, 41.136389)
"366","STREATOR STP, CITY OF","810 WEST GRANT STREET","STREATOR","IL",11.4,4,"Illinois",1,c(-88.845, 41.116667)
"367","STREATOR STP, CITY OF","810 WEST GRANT STREET","STREATOR","IL",11.4,4,NA,NA,c(-88.849444, 41.136389)
"368","STREATOR STP, CITY OF","810 WEST GRANT STREET","STREATOR","IL",11.4,4,"Illinois",1,c(-88.8375, 41.118056)
"369","STREATOR STP, CITY OF","810 WEST GRANT STREET","STREATOR","IL",11.4,4,NA,NA,c(-88.833889, 41.122778)
"370","STREATOR STP, CITY OF","810 WEST GRANT STREET","STREATOR","IL",11.4,4,"Illinois",1,c(-88.8375, 41.118056)
"371","STREATOR STP, CITY OF","810 WEST GRANT STREET","STREATOR","IL",11.4,4,"Illinois",1,c(-88.844722, 41.118333)
"372","STREATOR STP, CITY OF","810 WEST GRANT STREET","STREATOR","IL",11.4,4,NA,NA,c(-88.841389, 41.122778)
"373","STREATOR STP, CITY OF","810 WEST GRANT STREET","STREATOR","IL",11.4,4,NA,NA,c(-88.85, 41.128333)
"374","STREATOR STP, CITY OF","810 WEST GRANT STREET","STREATOR","IL",11.4,4,NA,NA,c(-88.85, 41.128333)
"375","STREATOR STP, CITY OF","810 WEST GRANT STREET","STREATOR","IL",11.4,4,NA,NA,c(-88.85, 41.128333)
"376","STREATOR STP, CITY OF","810 WEST GRANT STREET","STREATOR","IL",11.4,4,NA,NA,c(-88.851389, 41.135)
"377","STREATOR STP, CITY OF","810 WEST GRANT STREET","STREATOR","IL",11.4,4,NA,NA,c(-88.85, 41.128333)
"378","STREATOR STP, CITY OF","810 WEST GRANT STREET","STREATOR","IL",11.4,4,NA,NA,c(-88.85, 41.128333)
"379","WATSEKA STP, CITY OF","NORTH SECOND ST & SHERIDAN ST","WATSEKA","IL",4,1.6,"Illinois",1,c(-87.736667, 40.783333)
"380","WATSEKA STP, CITY OF","NORTH SECOND ST & SHERIDAN ST","WATSEKA","IL",4,1.6,"Illinois",1,c(-87.736667, 40.783333)
"381","WATSEKA STP, CITY OF","NORTH SECOND ST & SHERIDAN ST","WATSEKA","IL",4,1.6,"Illinois",1,c(-87.736667, 40.783333)
"382","GEORGETOWN STP, CITY OF","EAST MILL STREET","GEORGETOWN","IL",1.5,0.6,NA,NA,c(-87.626667, 39.479167)
"383","GEORGETOWN STP, CITY OF","EAST MILL STREET","GEORGETOWN","IL",1.5,0.6,NA,NA,c(-87.626667, 39.479167)
"384","GRANVILLE STP, VILLAGE OF","SOUTH MCCOY STREET","GRANVILLE","IL",0.504,0.289,NA,NA,c(-89.251667, 41.276667)
"385","GRANVILLE STP, VILLAGE OF","SOUTH MCCOY STREET","GRANVILLE","IL",0.504,0.289,NA,NA,c(-89.251667, 41.276667)
"386","GRANVILLE STP, VILLAGE OF","SOUTH MCCOY STREET","GRANVILLE","IL",0.504,0.289,NA,NA,c(-89.251667, 41.276667)
"387","FARMER CITY STP, CITY OF","SOUTH CORNER OF CITY","FARMER CITY","IL",0.9,0.36,NA,NA,c(-88.578611, 40.238611)
"388","FARMER CITY STP, CITY OF","SOUTH CORNER OF CITY","FARMER CITY","IL",0.9,0.36,NA,NA,c(-88.650833, 40.234722)
"389","GWA CSO STORMWATER FACILITY","ILLINOIS ROUTE 53 AND HILL AVE","LOMBARD","IL",NA,NA,NA,NA,c(-88.035, 41.876667)
"390","GWA CSO STORMWATER FACILITY","ILLINOIS ROUTE 53 AND HILL AVE","LOMBARD","IL",NA,NA,NA,NA,c(-88.036667, 41.881667)
"391","JOLIET EASTSIDE STP, CITY OF","815 ADLER STREET","JOLIET","IL",45.5,18.2,"Illinois",1,c(-88.083333, 41.5375)
"392","JOLIET EASTSIDE STP, CITY OF","815 ADLER STREET","JOLIET","IL",45.5,18.2,"Illinois",1,c(-88.093611, 41.511389)
"393","JOLIET EASTSIDE STP, CITY OF","815 ADLER STREET","JOLIET","IL",45.5,18.2,"Illinois",1,c(-88.090278, 41.511389)
"394","JOLIET EASTSIDE STP, CITY OF","815 ADLER STREET","JOLIET","IL",45.5,18.2,"Illinois",1,c(-88.087778, 41.516111)
"395","JOLIET EASTSIDE STP, CITY OF","815 ADLER STREET","JOLIET","IL",45.5,18.2,"Illinois",1,c(-88.0875, 41.518611)
"396","JOLIET EASTSIDE STP, CITY OF","815 ADLER STREET","JOLIET","IL",45.5,18.2,"Illinois",1,c(-88.086111, 41.523611)
"397","JOLIET EASTSIDE STP, CITY OF","815 ADLER STREET","JOLIET","IL",45.5,18.2,"Illinois",1,c(-88.085556, 41.528611)
"398","CARLINVILLE STP","1345 SOUTH MAYO STREET","CARLINVILLE","IL",3.75,1.5,"Illinois",1,c(-89.875, 39.269444)
"399","CARLINVILLE STP","1345 SOUTH MAYO STREET","CARLINVILLE","IL",3.75,1.5,"Illinois",1,c(-89.875, 39.269444)
"400","MILFORD STP, VILLAGE OF","950 N 2450 EAST ROAD","MILFORD","IL",1.3,0.2,"Illinois",1,c(-87.69, 40.621944)
"401","MILFORD STP, VILLAGE OF","950 N 2450 EAST ROAD","MILFORD","IL",1.3,0.2,"Illinois",1,c(-87.698889, 40.621111)
"402","MILFORD STP, VILLAGE OF","950 N 2450 EAST ROAD","MILFORD","IL",1.3,0.2,"Illinois",1,c(-87.69, 40.621944)
"403","HAVANA STP, CITY OF","1100 SOUTH 12TH STREET","HAVANA","IL",3,0.7,"Illinois",1,c(-90.068056, 40.293056)
"404","HAVANA STP, CITY OF","1100 SOUTH 12TH STREET","HAVANA","IL",3,0.7,"Illinois",1,c(-90.066667, 40.298611)
"405","CAIRO STP, CITY OF","1ST AND OHIO STREET","CAIRO","IL",3,1.5,"Illinois",1,c(-89.178056, 37.018333)
"406","CAIRO STP, CITY OF","1ST AND OHIO STREET","CAIRO","IL",3,1.5,"Illinois",1,c(-89.175, 37.012778)
"407","CAIRO STP, CITY OF","1ST AND OHIO STREET","CAIRO","IL",3,1.5,"Kentucky",1,c(-89.157778, 37.002778)
"408","OGLESBY STP, CITY OF","215 FIELD AVE","OGLESBY","IL",1.224,0.879,NA,NA,c(-89.060833, 41.052222)
"409","OGLESBY STP, CITY OF","215 FIELD AVE","OGLESBY","IL",1.224,0.879,NA,NA,c(-89.064722, 41.056667)
"410","OGLESBY STP, CITY OF","215 FIELD AVE","OGLESBY","IL",1.224,0.879,NA,NA,c(-89.055556, 41.047778)
"411","OGLESBY STP, CITY OF","215 FIELD AVE","OGLESBY","IL",1.224,0.879,NA,NA,c(-89.055556, 41.047778)
"412","OGLESBY STP, CITY OF","215 FIELD AVE","OGLESBY","IL",1.224,0.879,NA,NA,c(-89.031667, 41.295)
"413","BEARDSTOWN SD STP","1016 WEST SIXTH STREET","BEARDSTOWN","IL",2.82,1.13,"Illinois",1,c(-90.442222, 40.013889)
"414","BEARDSTOWN SD STP","1016 WEST SIXTH STREET","BEARDSTOWN","IL",2.82,1.13,"Illinois",1,c(-90.442778, 40.012778)
"415","A.J. LAROCCA WASTEWATER TREATMENT FACILITY","333 SOUTH VILLA AVENUE","ADDISON","IL",8,3.2,"Illinois",1,c(-87.978611, 41.9275)
"416","ALTON STP, CITY OF","19 CHESSEN LANE","ALTON","IL",26.25,10.5,"Illinois",1,c(-90.159444, 38.885)
"417","ALTON STP, CITY OF","19 CHESSEN LANE","ALTON","IL",26.25,10.5,NA,NA,c(-90.202778, 38.899167)
"418","ALTON STP, CITY OF","19 CHESSEN LANE","ALTON","IL",26.25,10.5,NA,NA,c(-90.187222, 38.889722)
"419","ALTON STP, CITY OF","19 CHESSEN LANE","ALTON","IL",26.25,10.5,NA,NA,c(-90.201944, 38.9)
"420","BLOOMINGTON NORMAL WRD -WEST STP","2015 WEST OAKLAND AVENUE","BLOOMINGTON","IL",45,22.5,NA,NA,c(-89.024722, 40.473889)
"421","BLOOMINGTON NORMAL WRD -WEST STP","2015 WEST OAKLAND AVENUE","BLOOMINGTON","IL",45,22.5,NA,NA,c(-89.024722, 40.474167)
"422","BLOOMINGTON NORMAL WRD -WEST STP","2015 WEST OAKLAND AVENUE","BLOOMINGTON","IL",45,22.5,NA,NA,c(-89.025, 40.473611)
"423","BLOOMINGTON NORMAL WRD -WEST STP","2015 WEST OAKLAND AVENUE","BLOOMINGTON","IL",45,22.5,NA,NA,c(-89.018611, 40.480556)
"424","BLOOMINGTON NORMAL WRD -WEST STP","2015 WEST OAKLAND AVENUE","BLOOMINGTON","IL",45,22.5,NA,NA,c(-89.0175, 40.485278)
"425","BLOOMINGTON NORMAL WRD -WEST STP","2015 WEST OAKLAND AVENUE","BLOOMINGTON","IL",45,22.5,NA,NA,c(-88.986667, 40.494167)
"426","CANTON WEST STP, CITY OF","350 WEST HICKORY STREET","CANTON","IL",8.34,3.43,NA,NA,c(-90.043611, 40.546111)
"427","CANTON WEST STP, CITY OF","350 WEST HICKORY STREET","CANTON","IL",8.34,3.43,NA,NA,c(-89.993611, 40.552222)
"428","MWRDGC STICKNEY WRP","6001 WEST PERSHING ROAD","CHICAGO","IL",1440,1200,NA,NA,c(-87.858333, 41.995)
"429","MWRDGC STICKNEY WRP","6001 WEST PERSHING ROAD","CHICAGO","IL",1440,1200,NA,NA,c(-87.856389, 41.985556)
"430","MWRDGC STICKNEY WRP","6001 WEST PERSHING ROAD","CHICAGO","IL",1440,1200,"Illinois",1,c(-87.855556, 41.972778)
"431","MWRDGC STICKNEY WRP","6001 WEST PERSHING ROAD","CHICAGO","IL",1440,1200,NA,NA,c(-87.824167, 41.908611)
"432","MWRDGC STICKNEY WRP","6001 WEST PERSHING ROAD","CHICAGO","IL",1440,1200,NA,NA,c(-87.833056, 41.893611)
"433","MWRDGC STICKNEY WRP","6001 WEST PERSHING ROAD","CHICAGO","IL",1440,1200,NA,NA,c(-87.8275, 41.864444)
"434","MWRDGC STICKNEY WRP","6001 WEST PERSHING ROAD","CHICAGO","IL",1440,1200,"Illinois",1,c(-87.658333, 41.825556)
"435","MWRDGC STICKNEY WRP","6001 WEST PERSHING ROAD","CHICAGO","IL",1440,1200,NA,NA,c(-87.752778, 41.816944)
"436","MWRDGC STICKNEY WRP","6001 WEST PERSHING ROAD","CHICAGO","IL",1440,1200,NA,NA,c(-87.776111, 41.809722)
"437","MWRDGC STICKNEY WRP","6001 WEST PERSHING ROAD","CHICAGO","IL",1440,1200,NA,NA,c(-87.786944, 41.806111)
"438","MWRDGC STICKNEY WRP","6001 WEST PERSHING ROAD","CHICAGO","IL",1440,1200,"Illinois",1,c(-87.811944, 41.793889)
"439","MWRDGC STICKNEY WRP","6001 WEST PERSHING ROAD","CHICAGO","IL",1440,1200,"Illinois",1,c(-87.836667, 41.770556)
"440","MWRDGC STICKNEY WRP","6001 WEST PERSHING ROAD","CHICAGO","IL",1440,1200,NA,NA,c(-87.85, 41.758056)
"441","MWRDGC STICKNEY WRP","6001 WEST PERSHING ROAD","CHICAGO","IL",1440,1200,NA,NA,c(-87.860556, 41.747778)
"442","MWRDGC STICKNEY WRP","6001 WEST PERSHING ROAD","CHICAGO","IL",1440,1200,NA,NA,c(-87.867778, 41.861389)
"443","MWRDGC CALUMET WRP","400 EAST 130TH STREET","CHICAGO","IL",430,354,"Illinois",1,c(-87.619167, 41.6625)
"444","MWRDGC CALUMET WRP","400 EAST 130TH STREET","CHICAGO","IL",430,354,"Illinois",1,c(-87.546389, 41.723889)
"445","MWRDGC CALUMET WRP","400 EAST 130TH STREET","CHICAGO","IL",430,354,"Illinois",1,c(-87.551667, 41.673889)
"446","MWRDGC CALUMET WRP","400 EAST 130TH STREET","CHICAGO","IL",430,354,"Illinois",1,c(-87.619167, 41.663056)
"447","MWRDGC CALUMET WRP","400 EAST 130TH STREET","CHICAGO","IL",430,354,"Illinois",1,c(-87.653611, 41.656667)
"448","MWRDGC CALUMET WRP","400 EAST 130TH STREET","CHICAGO","IL",430,354,"Illinois",1,c(-87.691111, 41.6525)
"449","MWRDGC CALUMET WRP","400 EAST 130TH STREET","CHICAGO","IL",430,354,NA,NA,c(-87.709167, 41.651944)
"450","MWRDGC CALUMET WRP","400 EAST 130TH STREET","CHICAGO","IL",430,354,NA,NA,c(-87.719722, 41.651944)
"451","MWRDGC CALUMET WRP","400 EAST 130TH STREET","CHICAGO","IL",430,354,"Illinois",1,c(-87.693611, 41.651389)
"452","MWRDGC LEMONT WRP","13 STEPHEN STREET","CHICAGO","IL",4,2.3,NA,NA,c(-87.995833, 41.679722)
"453","MWRDGC TERRENCE J O'BRIEN WTR RECLAMATION PLANT","3500 WEST HOWARD STREET","CHICAGO","IL",450,333,NA,NA,c(-87.685278, 42.075278)
"454","MWRDGC TERRENCE J O'BRIEN WTR RECLAMATION PLANT","3500 WEST HOWARD STREET","CHICAGO","IL",450,333,"Illinois",1,c(-87.694722, 42.058889)
"455","MWRDGC TERRENCE J O'BRIEN WTR RECLAMATION PLANT","3500 WEST HOWARD STREET","CHICAGO","IL",450,333,"Illinois",1,c(-87.708611, 42.051944)
"456","MWRDGC TERRENCE J O'BRIEN WTR RECLAMATION PLANT","3500 WEST HOWARD STREET","CHICAGO","IL",450,333,"Illinois",1,c(-87.709167, 42.043889)
"457","MWRDGC TERRENCE J O'BRIEN WTR RECLAMATION PLANT","3500 WEST HOWARD STREET","CHICAGO","IL",450,333,"Illinois",1,c(-87.710833, 42.019167)
"458","MWRDGC TERRENCE J O'BRIEN WTR RECLAMATION PLANT","3500 WEST HOWARD STREET","CHICAGO","IL",450,333,NA,NA,c(-87.710278, 42.006389)
"459","MWRDGC TERRENCE J O'BRIEN WTR RECLAMATION PLANT","3500 WEST HOWARD STREET","CHICAGO","IL",450,333,"Illinois",1,c(-87.701667, 41.969167)
"460","MWRDGC TERRENCE J O'BRIEN WTR RECLAMATION PLANT","3500 WEST HOWARD STREET","CHICAGO","IL",450,333,NA,NA,c(-87.878333, 42.002778)
"461","MWRDGC TERRENCE J O'BRIEN WTR RECLAMATION PLANT","3500 WEST HOWARD STREET","CHICAGO","IL",450,333,"Illinois",1,c(-87.717222, 42.021111)
"462","SANITARY DISTRICT OF DECATUR MAIN STP","501 DIPPER LANE","DECATUR","IL",125,41,"Illinois",1,c(-88.9725, 39.831667)
"463","SANITARY DISTRICT OF DECATUR MAIN STP","501 DIPPER LANE","DECATUR","IL",125,41,"Illinois",1,c(-88.961389, 39.830556)
"464","SANITARY DISTRICT OF DECATUR MAIN STP","501 DIPPER LANE","DECATUR","IL",125,41,"Illinois",1,c(-88.960278, 39.828889)
"465","SANITARY DISTRICT OF DECATUR MAIN STP","501 DIPPER LANE","DECATUR","IL",125,41,NA,NA,c(-88.992222, 39.843889)
"466","SANITARY DISTRICT OF DECATUR MAIN STP","501 DIPPER LANE","DECATUR","IL",125,41,"Illinois",1,c(-88.965278, 39.869444)
"467","SANITARY DISTRICT OF DECATUR MAIN STP","501 DIPPER LANE","DECATUR","IL",125,41,NA,NA,c(-88.9925, 39.831389)
"468","SANITARY DISTRICT OF DECATUR MAIN STP","501 DIPPER LANE","DECATUR","IL",125,41,NA,NA,c(-89.001667, 39.832222)
"469","SANITARY DISTRICT OF DECATUR MAIN STP","501 DIPPER LANE","DECATUR","IL",125,41,NA,NA,c(-89.001667, 39.832222)
"470","SANITARY DISTRICT OF DECATUR MAIN STP","501 DIPPER LANE","DECATUR","IL",125,41,NA,NA,c(-89.001667, 39.832222)
"471","SANITARY DISTRICT OF DECATUR MAIN STP","501 DIPPER LANE","DECATUR","IL",125,41,NA,NA,c(-89.001667, 39.832222)
"472","SANITARY DISTRICT OF DECATUR MAIN STP","501 DIPPER LANE","DECATUR","IL",125,41,NA,NA,c(-89.001667, 39.832222)
"473","EFFINGHAM STP","903 EAST EICHE AVENUE","EFFINGHAM","IL",9,3.75,NA,NA,c(-88.535556, 39.109722)
"474","EFFINGHAM STP","903 EAST EICHE AVENUE","EFFINGHAM","IL",9,3.75,"Illinois",1,c(-88.542222, 39.112778)
"475","FOX RIVER WRD - ALBIN D PAGORSKI WRF","RAYMOND STREET & PURIFY DRIVE","ELGIN","IL",50,25,"Illinois",1,c(-88.275, 42.021389)
"476","FOX RIVER WRD - ALBIN D PAGORSKI WRF","RAYMOND STREET & PURIFY DRIVE","ELGIN","IL",50,25,"Illinois",1,c(-88.277778, 42.016667)
"477","LASALLE WASTEWATER TREATMENT PLANT - SOUTH","400 RIVER STREET","LA SALLE","IL",5,3.33,"Illinois",1,c(-89.095, 41.326667)
"478","LASALLE WASTEWATER TREATMENT PLANT - SOUTH","400 RIVER STREET","LA SALLE","IL",5,3.33,"Illinois",1,c(-89.101389, 41.325)
"479","LASALLE WASTEWATER TREATMENT PLANT - SOUTH","400 RIVER STREET","LA SALLE","IL",5,3.33,NA,NA,c(-89.084444, 41.329444)
"480","LASALLE WASTEWATER TREATMENT PLANT - SOUTH","400 RIVER STREET","LA SALLE","IL",5,3.33,NA,NA,c(-89.081111, 41.341111)
"481","LINCOLN STP, CITY OF","150 W KICKAPOO ST","LINCOLN","IL",10.27,3.88,NA,NA,c(-89.375, 40.136111)
"482","LINCOLN STP, CITY OF","150 W KICKAPOO ST","LINCOLN","IL",10.27,3.88,NA,NA,c(-89.371944, 40.160278)
"483","LINCOLN STP, CITY OF","150 W KICKAPOO ST","LINCOLN","IL",10.27,3.88,NA,NA,c(-89.374167, 40.136667)
"484","MASON CITY STP","34809 EAST CR 800N","MASON CITY","IL",1.18,0.47,NA,NA,c(-89.685, 40.168333)
"485","MATTOON STP, CITY OF","820 SOUTH FIFTH PLACE","MATTOON","IL",14,5.3,"Illinois",1,c(-88.356667, 39.471944)
"486","MATTOON STP, CITY OF","820 SOUTH FIFTH PLACE","MATTOON","IL",14,5.3,"Illinois",1,c(-88.354167, 39.474444)
"487","MATTOON STP, CITY OF","820 SOUTH FIFTH PLACE","MATTOON","IL",14,5.3,"Illinois",1,c(-88.3675, 39.499722)
"488","MATTOON STP, CITY OF","820 SOUTH FIFTH PLACE","MATTOON","IL",14,5.3,"Illinois",1,c(-88.364167, 39.473333)
"489","MATTOON STP, CITY OF","820 SOUTH FIFTH PLACE","MATTOON","IL",14,5.3,"Illinois",1,c(-88.368611, 39.471944)
"490","MATTOON STP, CITY OF","820 SOUTH FIFTH PLACE","MATTOON","IL",14,5.3,"Illinois",1,c(-88.355, 39.473889)
"491","METROPOLIS STP, CITY OF","618 PUBLIC WORKS DR","METROPOLIS","IL",4.25,2.05,"Illinois",1,c(-88.738611, 37.149167)
"492","MORTON SEWAGE TREATMENT PLANT NO 2","2625 SOUTH FOURTH AVENUE","MORTON","IL",6,2.4,NA,NA,c(-89.462778, 40.569167)
"493","MORTON SEWAGE TREATMENT PLANT NO 2","2625 SOUTH FOURTH AVENUE","MORTON","IL",6,2.4,NA,NA,c(-89.462778, 40.569167)
"494","MORTON SEWAGE TREATMENT PLANT NO 2","2625 SOUTH FOURTH AVENUE","MORTON","IL",6,2.4,NA,NA,c(-89.466667, 40.606389)
"495","OTTAWA STP, CITY OF","100 PONTIAC LANE","OTTAWA","IL",8,4,NA,NA,c(-88.844167, 41.341389)
"496","OTTAWA STP, CITY OF","100 PONTIAC LANE","OTTAWA","IL",8,4,NA,NA,c(-88.834167, 41.340556)
"497","OTTAWA STP, CITY OF","100 PONTIAC LANE","OTTAWA","IL",8,4,NA,NA,c(-88.836944, 41.340833)
"498","OTTAWA STP, CITY OF","100 PONTIAC LANE","OTTAWA","IL",8,4,NA,NA,c(-88.856667, 41.339722)
"499","OTTAWA STP, CITY OF","100 PONTIAC LANE","OTTAWA","IL",8,4,NA,NA,c(-88.855556, 41.341111)
"500","OTTAWA STP, CITY OF","100 PONTIAC LANE","OTTAWA","IL",8,4,NA,NA,c(-88.855278, 41.341667)
"501","OTTAWA STP, CITY OF","100 PONTIAC LANE","OTTAWA","IL",8,4,NA,NA,c(-88.851944, 41.341944)
"502","OTTAWA STP, CITY OF","100 PONTIAC LANE","OTTAWA","IL",8,4,NA,NA,c(-88.840556, 41.345)
"503","OTTAWA STP, CITY OF","100 PONTIAC LANE","OTTAWA","IL",8,4,NA,NA,c(-88.840278, 41.345556)
"504","OTTAWA STP, CITY OF","100 PONTIAC LANE","OTTAWA","IL",8,4,NA,NA,c(-88.840278, 41.346667)
"505","OTTAWA STP, CITY OF","100 PONTIAC LANE","OTTAWA","IL",8,4,NA,NA,c(-88.836667, 41.348889)
"506","OTTAWA STP, CITY OF","100 PONTIAC LANE","OTTAWA","IL",8,4,"Illinois",1,c(-88.828611, 41.353611)
"507","OTTAWA STP, CITY OF","100 PONTIAC LANE","OTTAWA","IL",8,4,NA,NA,c(-88.839444, 41.346111)
"508","OTTAWA STP, CITY OF","100 PONTIAC LANE","OTTAWA","IL",8,4,NA,NA,c(-88.830556, 41.344167)
"509","PONTIAC WWTP, CITY OF","INTERSECTION OF OLD ROUTE 66 AND IL ROUTE116","PONTIAC","IL",8.5,3.5,"Illinois",1,c(-88.644722, 40.879167)
"510","PONTIAC WWTP, CITY OF","INTERSECTION OF OLD ROUTE 66 AND IL ROUTE116","PONTIAC","IL",8.5,3.5,"Illinois",1,c(-88.648056, 40.881944)
"511","PONTIAC WWTP, CITY OF","INTERSECTION OF OLD ROUTE 66 AND IL ROUTE116","PONTIAC","IL",8.5,3.5,"Illinois",1,c(-88.625833, 40.883889)
"512","PONTIAC WWTP, CITY OF","INTERSECTION OF OLD ROUTE 66 AND IL ROUTE116","PONTIAC","IL",8.5,3.5,"Illinois",1,c(-88.626944, 40.884167)
"513","PONTIAC WWTP, CITY OF","INTERSECTION OF OLD ROUTE 66 AND IL ROUTE116","PONTIAC","IL",8.5,3.5,"Illinois",1,c(-88.644722, 40.879167)
"514","QUINCY WASTEWATER TREATMENT FACILITY","700 WEST LOCK AND DAM ROAD","QUINCY","IL",34,13.5,NA,NA,c(-91.402778, 39.911389)
"515","QUINCY WASTEWATER TREATMENT FACILITY","700 WEST LOCK AND DAM ROAD","QUINCY","IL",34,13.5,"Illinois",1,c(-91.414444, 39.920833)
"516","QUINCY WASTEWATER TREATMENT FACILITY","700 WEST LOCK AND DAM ROAD","QUINCY","IL",34,13.5,"Illinois",1,c(-91.415556, 39.923333)
"517","QUINCY WASTEWATER TREATMENT FACILITY","700 WEST LOCK AND DAM ROAD","QUINCY","IL",34,13.5,"Illinois",1,c(-91.416667, 39.935278)
"518","QUINCY WASTEWATER TREATMENT FACILITY","700 WEST LOCK AND DAM ROAD","QUINCY","IL",34,13.5,NA,NA,c(-91.418889, 39.945)
"519","QUINCY WASTEWATER TREATMENT FACILITY","700 WEST LOCK AND DAM ROAD","QUINCY","IL",34,13.5,"Illinois",1,c(-91.405556, 39.951389)
"520","QUINCY WASTEWATER TREATMENT FACILITY","700 WEST LOCK AND DAM ROAD","QUINCY","IL",34,13.5,NA,NA,c(-91.432222, 39.901389)
"521","PERU STP #1, CITY OF","901 BRUNNER STREET","PERU","IL",4.53,3,NA,NA,c(-89.140833, 41.318889)
"522","PERU STP #1, CITY OF","901 BRUNNER STREET","PERU","IL",4.53,3,NA,NA,c(-89.1375, 41.319444)
"523","PERU STP #1, CITY OF","901 BRUNNER STREET","PERU","IL",4.53,3,NA,NA,c(-89.133611, 41.320556)
"524","PERU STP #1, CITY OF","901 BRUNNER STREET","PERU","IL",4.53,3,NA,NA,c(-89.131667, 41.321111)
"525","PERU STP #1, CITY OF","901 BRUNNER STREET","PERU","IL",4.53,3,NA,NA,c(-89.128056, 41.322222)
"526","PERU STP #1, CITY OF","901 BRUNNER STREET","PERU","IL",4.53,3,NA,NA,c(-89.126944, 41.322778)
"527","PERU STP #1, CITY OF","901 BRUNNER STREET","PERU","IL",4.53,3,NA,NA,c(-89.125833, 41.323056)
"528","PERU STP #1, CITY OF","901 BRUNNER STREET","PERU","IL",4.53,3,NA,NA,c(-89.119444, 41.324722)
"529","PERU STP #1, CITY OF","901 BRUNNER STREET","PERU","IL",4.53,3,"Illinois",1,c(-89.116111, 41.323611)
"530","PERU STP #1, CITY OF","901 BRUNNER STREET","PERU","IL",4.53,3,NA,NA,c(-89.133333, 41.320833)
"531","PERU STP #1, CITY OF","901 BRUNNER STREET","PERU","IL",4.53,3,NA,NA,c(-89.12, 41.321944)
"532","PERU STP #1, CITY OF","901 BRUNNER STREET","PERU","IL",4.53,3,NA,NA,c(-89.116111, 41.325)
"533","PERU STP #1, CITY OF","901 BRUNNER STREET","PERU","IL",4.53,3,NA,NA,c(-89.115, 41.328333)
"534","PERU STP #1, CITY OF","901 BRUNNER STREET","PERU","IL",4.53,3,NA,NA,c(-89.109444, 41.33)
"535","PERU STP #1, CITY OF","901 BRUNNER STREET","PERU","IL",4.53,3,NA,NA,c(-89.109722, 41.331667)
"536","PERU STP #1, CITY OF","901 BRUNNER STREET","PERU","IL",4.53,3,NA,NA,c(-89.109722, 41.333333)
"537","PERU STP #1, CITY OF","901 BRUNNER STREET","PERU","IL",4.53,3,NA,NA,c(-89.114444, 41.326667)
"538","PERU STP #1, CITY OF","901 BRUNNER STREET","PERU","IL",4.53,3,NA,NA,c(-89.116667, 41.331111)
"539","PERU STP #1, CITY OF","901 BRUNNER STREET","PERU","IL",4.53,3,NA,NA,c(-89.106389, 41.346389)
"540","PERU STP #1, CITY OF","901 BRUNNER STREET","PERU","IL",4.53,3,NA,NA,c(-89.126667, 41.335556)
"541","PERU STP #1, CITY OF","901 BRUNNER STREET","PERU","IL",4.53,3,NA,NA,c(-89.128611, 41.335)
"542","PERU STP #1, CITY OF","901 BRUNNER STREET","PERU","IL",4.53,3,NA,NA,c(-89.108889, 41.334444)
"543","PERU STP #1, CITY OF","901 BRUNNER STREET","PERU","IL",4.53,3,NA,NA,c(-89.115278, 41.324722)
"544","SPRING VALLEY WWTP","646 SOUTH SPAULDING STREET","SPRING VALLEY","IL",2.2,0.8,NA,NA,c(-89.216667, 41.321111)
"545","SPRING VALLEY WWTP","646 SOUTH SPAULDING STREET","SPRING VALLEY","IL",2.2,0.8,NA,NA,c(-89.203333, 41.320556)
"546","SPRING VALLEY WWTP","646 SOUTH SPAULDING STREET","SPRING VALLEY","IL",2.2,0.8,NA,NA,c(-89.196944, 41.318889)
"547","SPRING VALLEY WWTP","646 SOUTH SPAULDING STREET","SPRING VALLEY","IL",2.2,0.8,NA,NA,c(-89.193333, 41.3225)
"548","SPRING VALLEY WWTP","646 SOUTH SPAULDING STREET","SPRING VALLEY","IL",2.2,0.8,NA,NA,c(-89.188333, 41.327222)
"549","SPRING VALLEY WWTP","646 SOUTH SPAULDING STREET","SPRING VALLEY","IL",2.2,0.8,NA,NA,c(-89.187778, 41.319722)
"550","SPRING VALLEY WWTP","646 SOUTH SPAULDING STREET","SPRING VALLEY","IL",2.2,0.8,NA,NA,c(-89.1975, 41.331111)
"551","SPRING VALLEY WWTP","646 SOUTH SPAULDING STREET","SPRING VALLEY","IL",2.2,0.8,NA,NA,c(-89.196389, 41.331944)
"552","CHRISTIAN COUNTY WRD STP","1058 LANGLEYVILLE ROAD","TAYLORVILLE","IL",6.125,3.02,"Illinois",1,c(-89.326389, 39.558333)
"553","CHRISTIAN COUNTY WRD STP","1058 LANGLEYVILLE ROAD","TAYLORVILLE","IL",6.125,3.02,"Illinois",1,c(-89.326389, 39.558333)
"554","CHRISTIAN COUNTY WRD STP","1058 LANGLEYVILLE ROAD","TAYLORVILLE","IL",6.125,3.02,"Illinois",1,c(-89.290556, 39.540556)
"555","CHRISTIAN COUNTY WRD STP","1058 LANGLEYVILLE ROAD","TAYLORVILLE","IL",6.125,3.02,"Illinois",1,c(-89.326389, 39.558333)
"556","CHRISTIAN COUNTY WRD STP","1058 LANGLEYVILLE ROAD","TAYLORVILLE","IL",6.125,3.02,"Illinois",1,c(-89.326389, 39.558333)
"557","WOOD RIVER, CITY OF","559 STATE AID ROAD","WOOD RIVER","IL",9.8,5.1,NA,NA,c(-90.109722, 38.851111)
"558","BUREAU JUNCTION STP, VILLAGE OF","NEBRASKA STREET","BUREAU JUNCTION","IL",0.178,0.071,"Illinois",1,c(-89.362778, 41.286944)
"559","EAST ST LOUIS COMBINED SEWER, CITY OF","OVERFLOWS ALONG THE MISSISSIPPI RIVER","EAST SAINT LOUIS","IL",NA,NA,NA,NA,c(-90.805, 39.588333)
"560","EAST ST LOUIS COMBINED SEWER, CITY OF","OVERFLOWS ALONG THE MISSISSIPPI RIVER","EAST SAINT LOUIS","IL",NA,NA,"Illinois",1,c(-90.181667, 38.611667)
"561","ILLINOIS AMERICAN WATER COMPANY - GRANITE CITY WWTP","RIVERS EDGE BUSINESS CAMPUS","GRANITE CITY","IL",34.54,23,NA,NA,c(-90.191667, 38.697222)
"562","ILLINOIS AMERICAN WATER COMPANY - GRANITE CITY WWTP","RIVERS EDGE BUSINESS CAMPUS","GRANITE CITY","IL",34.54,23,NA,NA,c(-90.191667, 38.697222)
"563","ILLINOIS AMERICAN WATER COMPANY - GRANITE CITY WWTP","RIVERS EDGE BUSINESS CAMPUS","GRANITE CITY","IL",34.54,23,"Illinois",1,c(-90.180833, 38.694444)
"564","VILLA PARK WET WEATHER STP, VILLAGE OF","149 SOUTH MONTEREY","VILLA PARK","IL",NA,NA,NA,NA,c(-87.959444, 41.883056)
"565","VILLA PARK WET WEATHER STP, VILLAGE OF","149 SOUTH MONTEREY","VILLA PARK","IL",NA,NA,NA,NA,c(-87.961111, 41.888056)
"566","VILLA PARK WET WEATHER STP, VILLAGE OF","149 SOUTH MONTEREY","VILLA PARK","IL",NA,NA,NA,NA,c(-87.964167, 41.890278)
"567","VILLA PARK WET WEATHER STP, VILLAGE OF","149 SOUTH MONTEREY","VILLA PARK","IL",NA,NA,NA,NA,c(-87.965, 41.886111)
"568","PEKIN STP #1","606 SOUTH FRONT STREET","PEKIN","IL",15.5,6.84,"Illinois",1,c(-89.660556, 40.564167)
"569","PEKIN STP #1","606 SOUTH FRONT STREET","PEKIN","IL",15.5,6.84,"Illinois",1,c(-89.650278, 40.575278)
"570","PEKIN STP #1","606 SOUTH FRONT STREET","PEKIN","IL",15.5,6.84,"Illinois",1,c(-89.651389, 40.574444)
"571","PEKIN STP #1","606 SOUTH FRONT STREET","PEKIN","IL",15.5,6.84,"Illinois",1,c(-89.653889, 40.571944)
"572","PEKIN STP #1","606 SOUTH FRONT STREET","PEKIN","IL",15.5,6.84,"Illinois",1,c(-89.656944, 40.566389)
"573","CASEY - NORTHEAST STP, CITY OF","108 EAST MAIN STREET","CASEY","IL",1.5,0.75,"Illinois",1,c(-87.968889, 39.299167)
"574","CASEY - NORTHEAST STP, CITY OF","108 EAST MAIN STREET","CASEY","IL",1.5,0.75,"Illinois",1,c(-87.975, 39.298333)
"575","PEORIA CSOS, CITY OF","419 FULTON STREET","PEORIA","IL",NA,NA,"Illinois",1,c(-89.58, 40.693611)
"576","PEORIA CSOS, CITY OF","419 FULTON STREET","PEORIA","IL",NA,NA,"Illinois",1,c(-89.592194, 40.692389)
"577","PEORIA CSOS, CITY OF","419 FULTON STREET","PEORIA","IL",NA,NA,"Illinois",1,c(-89.572778, 40.698889)
"578","PEORIA CSOS, CITY OF","419 FULTON STREET","PEORIA","IL",NA,NA,"Illinois",1,c(-89.592194, 40.692389)
"579","PEORIA CSOS, CITY OF","419 FULTON STREET","PEORIA","IL",NA,NA,"Illinois",1,c(-89.592194, 40.692389)
"580","PEORIA CSOS, CITY OF","419 FULTON STREET","PEORIA","IL",NA,NA,"Illinois",1,c(-89.583611, 40.691667)
"581","PEORIA CSOS, CITY OF","419 FULTON STREET","PEORIA","IL",NA,NA,"Illinois",1,c(-89.583611, 40.691667)
"582","PEORIA CSOS, CITY OF","419 FULTON STREET","PEORIA","IL",NA,NA,"Illinois",1,c(-89.585, 40.689722)
"583","PEORIA CSOS, CITY OF","419 FULTON STREET","PEORIA","IL",NA,NA,"Illinois",1,c(-89.588056, 40.687778)
"584","PEORIA CSOS, CITY OF","419 FULTON STREET","PEORIA","IL",NA,NA,"Illinois",1,c(-89.588889, 40.6875)
"585","PEORIA CSOS, CITY OF","419 FULTON STREET","PEORIA","IL",NA,NA,"Illinois",1,c(-89.590278, 40.686667)
"586","PEORIA CSOS, CITY OF","419 FULTON STREET","PEORIA","IL",NA,NA,"Illinois",1,c(-89.592194, 40.692389)
"587","PEORIA CSOS, CITY OF","419 FULTON STREET","PEORIA","IL",NA,NA,"Illinois",1,c(-89.592778, 40.685278)
"588","PEORIA CSOS, CITY OF","419 FULTON STREET","PEORIA","IL",NA,NA,"Illinois",1,c(-89.593611, 40.683889)
"589","PEORIA CSOS, CITY OF","419 FULTON STREET","PEORIA","IL",NA,NA,"Illinois",1,c(-89.592194, 40.692389)
"590","PEORIA CSOS, CITY OF","419 FULTON STREET","PEORIA","IL",NA,NA,"Illinois",1,c(-89.601111, 40.678056)
"591","PEORIA CSOS, CITY OF","419 FULTON STREET","PEORIA","IL",NA,NA,"Illinois",1,c(-89.608333, 40.672222)
"592","PEORIA CSOS, CITY OF","419 FULTON STREET","PEORIA","IL",NA,NA,"Illinois",1,c(-89.613611, 40.6675)
"593","PEORIA CSOS, CITY OF","419 FULTON STREET","PEORIA","IL",NA,NA,"Illinois",1,c(-89.62, 40.663056)
"594","PEORIA CSOS, CITY OF","419 FULTON STREET","PEORIA","IL",NA,NA,"Illinois",1,c(-89.585833, 40.689444)
"595","PEORIA CSOS, CITY OF","419 FULTON STREET","PEORIA","IL",NA,NA,"Illinois",1,c(-89.583333, 40.690556)
"596","PEORIA CSOS, CITY OF","419 FULTON STREET","PEORIA","IL",NA,NA,"Illinois",1,c(-89.584167, 40.69)
"597","PEORIA CSOS, CITY OF","419 FULTON STREET","PEORIA","IL",NA,NA,"Illinois",1,c(-89.583333, 40.690556)
"598","COMBINED SEWER OVERFLOW ","STEPHEN STREET","LEMONT","IL",NA,NA,NA,NA,c(-87.999167, 41.675778)
"599","COMBINED SEWER OVERFLOW ","STEPHEN STREET","LEMONT","IL",NA,NA,NA,NA,c(-88, 41.678611)
"600","PROPHETSTOWN STP, CITY OF","6259 LYNDON ROAD","PROPHETSTOWN","IL",0.65,0.26,NA,NA,c(-89.933333, 41.666667)
"601","PROPHETSTOWN STP, CITY OF","6259 LYNDON ROAD","PROPHETSTOWN","IL",0.65,0.26,NA,NA,c(-89.933333, 41.666667)
"602","CHICAGO CSO, CITY OF","DEPARTMENT OF WATER MANAGEMENT","CHICAGO","IL",NA,NA,"Illinois",1,c(-87.71, 42.011944)
"603","CHICAGO CSO, CITY OF","DEPARTMENT OF WATER MANAGEMENT","CHICAGO","IL",NA,NA,NA,NA,c(-87.710333, 42.004444)
"604","CHICAGO CSO, CITY OF","DEPARTMENT OF WATER MANAGEMENT","CHICAGO","IL",NA,NA,NA,NA,c(-87.710278, 42.003056)
"605","CHICAGO CSO, CITY OF","DEPARTMENT OF WATER MANAGEMENT","CHICAGO","IL",NA,NA,"Illinois",1,c(-87.710833, 41.997222)
"606","CHICAGO CSO, CITY OF","DEPARTMENT OF WATER MANAGEMENT","CHICAGO","IL",NA,NA,"Illinois",1,c(-87.710556, 41.997222)
"607","CHICAGO CSO, CITY OF","DEPARTMENT OF WATER MANAGEMENT","CHICAGO","IL",NA,NA,NA,NA,c(-87.708611, 41.990278)
"608","CHICAGO CSO, CITY OF","DEPARTMENT OF WATER MANAGEMENT","CHICAGO","IL",NA,NA,"Illinois",1,c(-87.709444, 41.990278)
"609","CHICAGO CSO, CITY OF","DEPARTMENT OF WATER MANAGEMENT","CHICAGO","IL",NA,NA,"Illinois",1,c(-87.708611, 41.988333)
"610","CHICAGO CSO, CITY OF","DEPARTMENT OF WATER MANAGEMENT","CHICAGO","IL",NA,NA,"Illinois",1,c(-87.708333, 41.986389)
"611","CHICAGO CSO, CITY OF","DEPARTMENT OF WATER MANAGEMENT","CHICAGO","IL",NA,NA,NA,NA,c(-87.707778, 41.986389)
"612","CHICAGO CSO, CITY OF","DEPARTMENT OF WATER MANAGEMENT","CHICAGO","IL",NA,NA,"Illinois",1,c(-87.706389, 41.982778)
"613","CHICAGO CSO, CITY OF","DEPARTMENT OF WATER MANAGEMENT","CHICAGO","IL",NA,NA,"Illinois",1,c(-87.707222, 41.982778)
"614","CHICAGO CSO, CITY OF","DEPARTMENT OF WATER MANAGEMENT","CHICAGO","IL",NA,NA,"Illinois",1,c(-87.705, 41.975556)
"615","CHICAGO CSO, CITY OF","DEPARTMENT OF WATER MANAGEMENT","CHICAGO","IL",NA,NA,NA,NA,c(-87.780278, 42.003056)
"616","CHICAGO CSO, CITY OF","DEPARTMENT OF WATER MANAGEMENT","CHICAGO","IL",NA,NA,NA,NA,c(-87.783889, 42.000278)
"617","CHICAGO CSO, CITY OF","DEPARTMENT OF WATER MANAGEMENT","CHICAGO","IL",NA,NA,NA,NA,c(-87.771667, 41.990556)
"618","CHICAGO CSO, CITY OF","DEPARTMENT OF WATER MANAGEMENT","CHICAGO","IL",NA,NA,NA,NA,c(-87.765, 41.989722)
"619","CHICAGO CSO, CITY OF","DEPARTMENT OF WATER MANAGEMENT","CHICAGO","IL",NA,NA,NA,NA,c(-87.764444, 41.989167)
"620","CHICAGO CSO, CITY OF","DEPARTMENT OF WATER MANAGEMENT","CHICAGO","IL",NA,NA,NA,NA,c(-87.7625, 41.988333)
"621","CHICAGO CSO, CITY OF","DEPARTMENT OF WATER MANAGEMENT","CHICAGO","IL",NA,NA,NA,NA,c(-87.752778, 41.982778)
"622","CHICAGO CSO, CITY OF","DEPARTMENT OF WATER MANAGEMENT","CHICAGO","IL",NA,NA,"Illinois",1,c(-87.707222, 41.974167)
"623","CHICAGO CSO, CITY OF","DEPARTMENT OF WATER MANAGEMENT","CHICAGO","IL",NA,NA,NA,NA,c(-87.740833, 41.980556)
"624","CHICAGO CSO, CITY OF","DEPARTMENT OF WATER MANAGEMENT","CHICAGO","IL",NA,NA,"Illinois",1,c(-87.724167, 41.975278)
"625","CHICAGO CSO, CITY OF","DEPARTMENT OF WATER MANAGEMENT","CHICAGO","IL",NA,NA,"Illinois",1,c(-87.708611, 41.974167)
"626","CHICAGO CSO, CITY OF","DEPARTMENT OF WATER MANAGEMENT","CHICAGO","IL",NA,NA,"Illinois",1,c(-87.705, 41.9775)
"627","CHICAGO CSO, CITY OF","DEPARTMENT OF WATER MANAGEMENT","CHICAGO","IL",NA,NA,"Illinois",1,c(-87.71, 42.017222)
"628","CHICAGO CSO, CITY OF","DEPARTMENT OF WATER MANAGEMENT","CHICAGO","IL",NA,NA,"Illinois",1,c(-87.703611, 41.971944)
"629","CHICAGO CSO, CITY OF","DEPARTMENT OF WATER MANAGEMENT","CHICAGO","IL",NA,NA,"Illinois",1,c(-87.701667, 41.968333)
"630","CHICAGO CSO, CITY OF","DEPARTMENT OF WATER MANAGEMENT","CHICAGO","IL",NA,NA,"Illinois",1,c(-87.701944, 41.968611)
"631","CHICAGO CSO, CITY OF","DEPARTMENT OF WATER MANAGEMENT","CHICAGO","IL",NA,NA,"Illinois",1,c(-87.700278, 41.9675)
"632","CHICAGO CSO, CITY OF","DEPARTMENT OF WATER MANAGEMENT","CHICAGO","IL",NA,NA,"Illinois",1,c(-87.699444, 41.966667)
"633","CHICAGO CSO, CITY OF","DEPARTMENT OF WATER MANAGEMENT","CHICAGO","IL",NA,NA,NA,NA,c(-87.698611, 41.966667)
"634","CHICAGO CSO, CITY OF","DEPARTMENT OF WATER MANAGEMENT","CHICAGO","IL",NA,NA,NA,NA,c(-87.696667, 41.964722)
"635","CHICAGO CSO, CITY OF","DEPARTMENT OF WATER MANAGEMENT","CHICAGO","IL",NA,NA,"Illinois",1,c(-87.6975, 41.964722)
"636","CHICAGO CSO, CITY OF","DEPARTMENT OF WATER MANAGEMENT","CHICAGO","IL",NA,NA,NA,NA,c(-87.695, 41.963056)
"637","CHICAGO CSO, CITY OF","DEPARTMENT OF WATER MANAGEMENT","CHICAGO","IL",NA,NA,"Illinois",1,c(-87.695833, 41.963056)
"638","CHICAGO CSO, CITY OF","DEPARTMENT OF WATER MANAGEMENT","CHICAGO","IL",NA,NA,NA,NA,c(-87.694778, 41.961944)
"639","CHICAGO CSO, CITY OF","DEPARTMENT OF WATER MANAGEMENT","CHICAGO","IL",NA,NA,NA,NA,c(-87.694444, 41.961111)
"640","CHICAGO CSO, CITY OF","DEPARTMENT OF WATER MANAGEMENT","CHICAGO","IL",NA,NA,NA,NA,c(-87.695, 41.961111)
"641","CHICAGO CSO, CITY OF","DEPARTMENT OF WATER MANAGEMENT","CHICAGO","IL",NA,NA,NA,NA,c(-87.694722, 41.9575)
"642","CHICAGO CSO, CITY OF","DEPARTMENT OF WATER MANAGEMENT","CHICAGO","IL",NA,NA,NA,NA,c(-87.694167, 41.953889)
"643","CHICAGO CSO, CITY OF","DEPARTMENT OF WATER MANAGEMENT","CHICAGO","IL",NA,NA,"Illinois",1,c(-87.694722, 41.953889)
"644","CHICAGO CSO, CITY OF","DEPARTMENT OF WATER MANAGEMENT","CHICAGO","IL",NA,NA,"Illinois",1,c(-87.696944, 41.950278)
"645","CHICAGO CSO, CITY OF","DEPARTMENT OF WATER MANAGEMENT","CHICAGO","IL",NA,NA,NA,NA,c(-87.695556, 41.947222)
"646","CHICAGO CSO, CITY OF","DEPARTMENT OF WATER MANAGEMENT","CHICAGO","IL",NA,NA,"Illinois",1,c(-87.696389, 41.947222)
"647","CHICAGO CSO, CITY OF","DEPARTMENT OF WATER MANAGEMENT","CHICAGO","IL",NA,NA,NA,NA,c(-87.695556, 41.942778)
"648","CHICAGO CSO, CITY OF","DEPARTMENT OF WATER MANAGEMENT","CHICAGO","IL",NA,NA,NA,NA,c(-87.692778, 41.939444)
"649","CHICAGO CSO, CITY OF","DEPARTMENT OF WATER MANAGEMENT","CHICAGO","IL",NA,NA,NA,NA,c(-87.687778, 41.936111)
"650","CHICAGO CSO, CITY OF","DEPARTMENT OF WATER MANAGEMENT","CHICAGO","IL",NA,NA,NA,NA,c(-87.685278, 41.933889)
"651","CHICAGO CSO, CITY OF","DEPARTMENT OF WATER MANAGEMENT","CHICAGO","IL",NA,NA,NA,NA,c(-87.681944, 41.933889)
"652","CHICAGO CSO, CITY OF","DEPARTMENT OF WATER MANAGEMENT","CHICAGO","IL",NA,NA,NA,NA,c(-87.682222, 41.932778)
"653","CHICAGO CSO, CITY OF","DEPARTMENT OF WATER MANAGEMENT","CHICAGO","IL",NA,NA,NA,NA,c(-87.681111, 41.932778)
"654","CHICAGO CSO, CITY OF","DEPARTMENT OF WATER MANAGEMENT","CHICAGO","IL",NA,NA,NA,NA,c(-87.681667, 41.932222)
"655","CHICAGO CSO, CITY OF","DEPARTMENT OF WATER MANAGEMENT","CHICAGO","IL",NA,NA,NA,NA,c(-87.676944, 41.928056)
"656","CHICAGO CSO, CITY OF","DEPARTMENT OF WATER MANAGEMENT","CHICAGO","IL",NA,NA,NA,NA,c(-87.674444, 41.925556)
"657","CHICAGO CSO, CITY OF","DEPARTMENT OF WATER MANAGEMENT","CHICAGO","IL",NA,NA,NA,NA,c(-87.673611, 41.925556)
"658","CHICAGO CSO, CITY OF","DEPARTMENT OF WATER MANAGEMENT","CHICAGO","IL",NA,NA,NA,NA,c(-87.666944, 41.922778)
"659","CHICAGO CSO, CITY OF","DEPARTMENT OF WATER MANAGEMENT","CHICAGO","IL",NA,NA,NA,NA,c(-87.666111, 41.921667)
"660","CHICAGO CSO, CITY OF","DEPARTMENT OF WATER MANAGEMENT","CHICAGO","IL",NA,NA,NA,NA,c(-87.663611, 41.918333)
"661","CHICAGO CSO, CITY OF","DEPARTMENT OF WATER MANAGEMENT","CHICAGO","IL",NA,NA,NA,NA,c(-87.663056, 41.918333)
"662","CHICAGO CSO, CITY OF","DEPARTMENT OF WATER MANAGEMENT","CHICAGO","IL",NA,NA,NA,NA,c(-87.665278, 41.917222)
"663","CHICAGO CSO, CITY OF","DEPARTMENT OF WATER MANAGEMENT","CHICAGO","IL",NA,NA,NA,NA,c(-87.664444, 41.9175)
"664","CHICAGO CSO, CITY OF","DEPARTMENT OF WATER MANAGEMENT","CHICAGO","IL",NA,NA,"Illinois",1,c(-87.71, 42.011944)
"665","CHICAGO CSO, CITY OF","DEPARTMENT OF WATER MANAGEMENT","CHICAGO","IL",NA,NA,NA,NA,c(-87.658056, 41.910833)
"666","CHICAGO CSO, CITY OF","DEPARTMENT OF WATER MANAGEMENT","CHICAGO","IL",NA,NA,NA,NA,c(-87.656667, 41.910833)
"667","CHICAGO CSO, CITY OF","DEPARTMENT OF WATER MANAGEMENT","CHICAGO","IL",NA,NA,NA,NA,c(-87.658889, 41.907222)
"668","CHICAGO CSO, CITY OF","DEPARTMENT OF WATER MANAGEMENT","CHICAGO","IL",NA,NA,NA,NA,c(-87.653056, 41.908056)
"669","CHICAGO CSO, CITY OF","DEPARTMENT OF WATER MANAGEMENT","CHICAGO","IL",NA,NA,NA,NA,c(-87.651111, 41.905833)
"670","CHICAGO CSO, CITY OF","DEPARTMENT OF WATER MANAGEMENT","CHICAGO","IL",NA,NA,NA,NA,c(-87.658611, 41.903611)
"671","CHICAGO CSO, CITY OF","DEPARTMENT OF WATER MANAGEMENT","CHICAGO","IL",NA,NA,NA,NA,c(-87.6575, 41.903611)
"672","CHICAGO CSO, CITY OF","DEPARTMENT OF WATER MANAGEMENT","CHICAGO","IL",NA,NA,NA,NA,c(-87.648333, 41.902778)
"673","CHICAGO CSO, CITY OF","DEPARTMENT OF WATER MANAGEMENT","CHICAGO","IL",NA,NA,NA,NA,c(-87.648333, 41.901667)
"674","CHICAGO CSO, CITY OF","DEPARTMENT OF WATER MANAGEMENT","CHICAGO","IL",NA,NA,NA,NA,c(-87.656667, 41.901111)
"675","CHICAGO CSO, CITY OF","DEPARTMENT OF WATER MANAGEMENT","CHICAGO","IL",NA,NA,NA,NA,c(-87.655833, 41.900556)
"676","CHICAGO CSO, CITY OF","DEPARTMENT OF WATER MANAGEMENT","CHICAGO","IL",NA,NA,NA,NA,c(-87.651667, 41.900278)
"677","CHICAGO CSO, CITY OF","DEPARTMENT OF WATER MANAGEMENT","CHICAGO","IL",NA,NA,NA,NA,c(-87.648333, 41.898611)
"678","CHICAGO CSO, CITY OF","DEPARTMENT OF WATER MANAGEMENT","CHICAGO","IL",NA,NA,NA,NA,c(-87.645, 41.896389)
"679","CHICAGO CSO, CITY OF","DEPARTMENT OF WATER MANAGEMENT","CHICAGO","IL",NA,NA,NA,NA,c(-87.644167, 41.896389)
"680","CHICAGO CSO, CITY OF","DEPARTMENT OF WATER MANAGEMENT","CHICAGO","IL",NA,NA,NA,NA,c(-87.644444, 41.893611)
"681","CHICAGO CSO, CITY OF","DEPARTMENT OF WATER MANAGEMENT","CHICAGO","IL",NA,NA,NA,NA,c(-87.643333, 41.893889)
"682","CHICAGO CSO, CITY OF","DEPARTMENT OF WATER MANAGEMENT","CHICAGO","IL",NA,NA,NA,NA,c(-87.641944, 41.891389)
"683","CHICAGO CSO, CITY OF","DEPARTMENT OF WATER MANAGEMENT","CHICAGO","IL",NA,NA,NA,NA,c(-87.640833, 41.89)
"684","CHICAGO CSO, CITY OF","DEPARTMENT OF WATER MANAGEMENT","CHICAGO","IL",NA,NA,"Illinois",1,c(-87.71, 42.011944)
"685","CHICAGO CSO, CITY OF","DEPARTMENT OF WATER MANAGEMENT","CHICAGO","IL",NA,NA,NA,NA,c(-87.614167, 41.888889)
"686","CHICAGO CSO, CITY OF","DEPARTMENT OF WATER MANAGEMENT","CHICAGO","IL",NA,NA,NA,NA,c(-87.620556, 41.888889)
"687","CHICAGO CSO, CITY OF","DEPARTMENT OF WATER MANAGEMENT","CHICAGO","IL",NA,NA,NA,NA,c(-87.623889, 41.888611)
"688","CHICAGO CSO, CITY OF","DEPARTMENT OF WATER MANAGEMENT","CHICAGO","IL",NA,NA,NA,NA,c(-87.624444, 41.889167)
"689","CHICAGO CSO, CITY OF","DEPARTMENT OF WATER MANAGEMENT","CHICAGO","IL",NA,NA,NA,NA,c(-87.624444, 41.888611)
"690","CHICAGO CSO, CITY OF","DEPARTMENT OF WATER MANAGEMENT","CHICAGO","IL",NA,NA,NA,NA,c(-87.626389, 41.887778)
"691","CHICAGO CSO, CITY OF","DEPARTMENT OF WATER MANAGEMENT","CHICAGO","IL",NA,NA,NA,NA,c(-87.626389, 41.887778)
"692","CHICAGO CSO, CITY OF","DEPARTMENT OF WATER MANAGEMENT","CHICAGO","IL",NA,NA,NA,NA,c(-87.628056, 41.886944)
"693","CHICAGO CSO, CITY OF","DEPARTMENT OF WATER MANAGEMENT","CHICAGO","IL",NA,NA,NA,NA,c(-87.629444, 41.887778)
"694","CHICAGO CSO, CITY OF","DEPARTMENT OF WATER MANAGEMENT","CHICAGO","IL",NA,NA,NA,NA,c(-87.629444, 41.886944)
"695","CHICAGO CSO, CITY OF","DEPARTMENT OF WATER MANAGEMENT","CHICAGO","IL",NA,NA,NA,NA,c(-87.631111, 41.887778)
"696","CHICAGO CSO, CITY OF","DEPARTMENT OF WATER MANAGEMENT","CHICAGO","IL",NA,NA,NA,NA,c(-87.631111, 41.886944)
"697","CHICAGO CSO, CITY OF","DEPARTMENT OF WATER MANAGEMENT","CHICAGO","IL",NA,NA,NA,NA,c(-87.6325, 41.887778)
"698","CHICAGO CSO, CITY OF","DEPARTMENT OF WATER MANAGEMENT","CHICAGO","IL",NA,NA,NA,NA,c(-87.6325, 41.887222)
"699","CHICAGO CSO, CITY OF","DEPARTMENT OF WATER MANAGEMENT","CHICAGO","IL",NA,NA,NA,NA,c(-87.633889, 41.888056)
"700","CHICAGO CSO, CITY OF","DEPARTMENT OF WATER MANAGEMENT","CHICAGO","IL",NA,NA,NA,NA,c(-87.633889, 41.887222)
"701","CHICAGO CSO, CITY OF","DEPARTMENT OF WATER MANAGEMENT","CHICAGO","IL",NA,NA,NA,NA,c(-87.635556, 41.886944)
"702","CHICAGO CSO, CITY OF","DEPARTMENT OF WATER MANAGEMENT","CHICAGO","IL",NA,NA,NA,NA,c(-87.637778, 41.884444)
"703","CHICAGO CSO, CITY OF","DEPARTMENT OF WATER MANAGEMENT","CHICAGO","IL",NA,NA,NA,NA,c(-87.638056, 41.883056)
"704","CHICAGO CSO, CITY OF","DEPARTMENT OF WATER MANAGEMENT","CHICAGO","IL",NA,NA,NA,NA,c(-87.638611, 41.883056)
"705","CHICAGO CSO, CITY OF","DEPARTMENT OF WATER MANAGEMENT","CHICAGO","IL",NA,NA,NA,NA,c(-87.638056, 41.881944)
"706","CHICAGO CSO, CITY OF","DEPARTMENT OF WATER MANAGEMENT","CHICAGO","IL",NA,NA,NA,NA,c(-87.638056, 41.881111)
"707","CHICAGO CSO, CITY OF","DEPARTMENT OF WATER MANAGEMENT","CHICAGO","IL",NA,NA,NA,NA,c(-87.637778, 41.879444)
"708","CHICAGO CSO, CITY OF","DEPARTMENT OF WATER MANAGEMENT","CHICAGO","IL",NA,NA,NA,NA,c(-87.6375, 41.878611)
"709","CHICAGO CSO, CITY OF","DEPARTMENT OF WATER MANAGEMENT","CHICAGO","IL",NA,NA,NA,NA,c(-87.6375, 41.878056)
"710","CHICAGO CSO, CITY OF","DEPARTMENT OF WATER MANAGEMENT","CHICAGO","IL",NA,NA,NA,NA,c(-87.636944, 41.868333)
"711","CHICAGO CSO, CITY OF","DEPARTMENT OF WATER MANAGEMENT","CHICAGO","IL",NA,NA,NA,NA,c(-87.636389, 41.874444)
"712","CHICAGO CSO, CITY OF","DEPARTMENT OF WATER MANAGEMENT","CHICAGO","IL",NA,NA,NA,NA,c(-87.635278, 41.874444)
"713","CHICAGO CSO, CITY OF","DEPARTMENT OF WATER MANAGEMENT","CHICAGO","IL",NA,NA,NA,NA,c(-87.636111, 41.872222)
"714","CHICAGO CSO, CITY OF","DEPARTMENT OF WATER MANAGEMENT","CHICAGO","IL",NA,NA,NA,NA,c(-87.635278, 41.869722)
"715","CHICAGO CSO, CITY OF","DEPARTMENT OF WATER MANAGEMENT","CHICAGO","IL",NA,NA,NA,NA,c(-87.634167, 41.869722)
"716","CHICAGO CSO, CITY OF","DEPARTMENT OF WATER MANAGEMENT","CHICAGO","IL",NA,NA,NA,NA,c(-87.634722, 41.867222)
"717","CHICAGO CSO, CITY OF","DEPARTMENT OF WATER MANAGEMENT","CHICAGO","IL",NA,NA,NA,NA,c(-87.6325, 41.864722)
"718","CHICAGO CSO, CITY OF","DEPARTMENT OF WATER MANAGEMENT","CHICAGO","IL",NA,NA,NA,NA,c(-87.632222, 41.863611)
"719","CHICAGO CSO, CITY OF","DEPARTMENT OF WATER MANAGEMENT","CHICAGO","IL",NA,NA,NA,NA,c(-87.631111, 41.863611)
"720","CHICAGO CSO, CITY OF","DEPARTMENT OF WATER MANAGEMENT","CHICAGO","IL",NA,NA,NA,NA,c(-87.631111, 41.861667)
"721","CHICAGO CSO, CITY OF","DEPARTMENT OF WATER MANAGEMENT","CHICAGO","IL",NA,NA,NA,NA,c(-87.634444, 41.86)
"722","CHICAGO CSO, CITY OF","DEPARTMENT OF WATER MANAGEMENT","CHICAGO","IL",NA,NA,NA,NA,c(-87.633056, 41.86)
"723","CHICAGO CSO, CITY OF","DEPARTMENT OF WATER MANAGEMENT","CHICAGO","IL",NA,NA,"Illinois",1,c(-87.635833, 41.8575)
"724","CHICAGO CSO, CITY OF","DEPARTMENT OF WATER MANAGEMENT","CHICAGO","IL",NA,NA,"Illinois",1,c(-87.634722, 41.8575)
"725","CHICAGO CSO, CITY OF","DEPARTMENT OF WATER MANAGEMENT","CHICAGO","IL",NA,NA,"Illinois",1,c(-87.635556, 41.856389)
"726","CHICAGO CSO, CITY OF","DEPARTMENT OF WATER MANAGEMENT","CHICAGO","IL",NA,NA,"Illinois",1,c(-87.636667, 41.855)
"727","CHICAGO CSO, CITY OF","DEPARTMENT OF WATER MANAGEMENT","CHICAGO","IL",NA,NA,"Illinois",1,c(-87.638611, 41.854167)
"728","CHICAGO CSO, CITY OF","DEPARTMENT OF WATER MANAGEMENT","CHICAGO","IL",NA,NA,"Illinois",1,c(-87.641111, 41.8525)
"729","CHICAGO CSO, CITY OF","DEPARTMENT OF WATER MANAGEMENT","CHICAGO","IL",NA,NA,"Illinois",1,c(-87.639722, 41.8525)
"730","CHICAGO CSO, CITY OF","DEPARTMENT OF WATER MANAGEMENT","CHICAGO","IL",NA,NA,"Illinois",1,c(-87.640833, 41.851111)
"731","CHICAGO CSO, CITY OF","DEPARTMENT OF WATER MANAGEMENT","CHICAGO","IL",NA,NA,"Illinois",1,c(-87.641944, 41.849722)
"732","CHICAGO CSO, CITY OF","DEPARTMENT OF WATER MANAGEMENT","CHICAGO","IL",NA,NA,"Illinois",1,c(-87.644167, 41.849722)
"733","CHICAGO CSO, CITY OF","DEPARTMENT OF WATER MANAGEMENT","CHICAGO","IL",NA,NA,"Illinois",1,c(-87.646389, 41.849444)
"734","CHICAGO CSO, CITY OF","DEPARTMENT OF WATER MANAGEMENT","CHICAGO","IL",NA,NA,"Illinois",1,c(-87.646389, 41.848889)
"735","CHICAGO CSO, CITY OF","DEPARTMENT OF WATER MANAGEMENT","CHICAGO","IL",NA,NA,"Illinois",1,c(-87.651389, 41.848611)
"736","CHICAGO CSO, CITY OF","DEPARTMENT OF WATER MANAGEMENT","CHICAGO","IL",NA,NA,"Illinois",1,c(-87.6525, 41.8475)
"737","CHICAGO CSO, CITY OF","DEPARTMENT OF WATER MANAGEMENT","CHICAGO","IL",NA,NA,"Illinois",1,c(-87.657778, 41.8475)
"738","CHICAGO CSO, CITY OF","DEPARTMENT OF WATER MANAGEMENT","CHICAGO","IL",NA,NA,"Illinois",1,c(-87.660833, 41.845278)
"739","CHICAGO CSO, CITY OF","DEPARTMENT OF WATER MANAGEMENT","CHICAGO","IL",NA,NA,"Illinois",1,c(-87.663333, 41.845)
"740","CHICAGO CSO, CITY OF","DEPARTMENT OF WATER MANAGEMENT","CHICAGO","IL",NA,NA,"Illinois",1,c(-87.665833, 41.845278)
"741","CHICAGO CSO, CITY OF","DEPARTMENT OF WATER MANAGEMENT","CHICAGO","IL",NA,NA,"Illinois",1,c(-87.668611, 41.845)
"742","CHICAGO CSO, CITY OF","DEPARTMENT OF WATER MANAGEMENT","CHICAGO","IL",NA,NA,"Illinois",1,c(-87.670833, 41.844167)
"743","CHICAGO CSO, CITY OF","DEPARTMENT OF WATER MANAGEMENT","CHICAGO","IL",NA,NA,"Illinois",1,c(-87.675833, 41.841944)
"744","CHICAGO CSO, CITY OF","DEPARTMENT OF WATER MANAGEMENT","CHICAGO","IL",NA,NA,"Illinois",1,c(-87.682778, 41.838889)
"745","CHICAGO CSO, CITY OF","DEPARTMENT OF WATER MANAGEMENT","CHICAGO","IL",NA,NA,"Illinois",1,c(-87.685, 41.837222)
"746","CHICAGO CSO, CITY OF","DEPARTMENT OF WATER MANAGEMENT","CHICAGO","IL",NA,NA,"Illinois",1,c(-87.690278, 41.836667)
"747","CHICAGO CSO, CITY OF","DEPARTMENT OF WATER MANAGEMENT","CHICAGO","IL",NA,NA,"Illinois",1,c(-87.695278, 41.833611)
"748","CHICAGO CSO, CITY OF","DEPARTMENT OF WATER MANAGEMENT","CHICAGO","IL",NA,NA,"Illinois",1,c(-87.702222, 41.833056)
"749","CHICAGO CSO, CITY OF","DEPARTMENT OF WATER MANAGEMENT","CHICAGO","IL",NA,NA,"Illinois",1,c(-87.705, 41.831944)
"750","CHICAGO CSO, CITY OF","DEPARTMENT OF WATER MANAGEMENT","CHICAGO","IL",NA,NA,"Illinois",1,c(-87.705, 41.830833)
"751","CHICAGO CSO, CITY OF","DEPARTMENT OF WATER MANAGEMENT","CHICAGO","IL",NA,NA,"Illinois",1,c(-87.713889, 41.8275)
"752","CHICAGO CSO, CITY OF","DEPARTMENT OF WATER MANAGEMENT","CHICAGO","IL",NA,NA,"Illinois",1,c(-87.715, 41.830278)
"753","CHICAGO CSO, CITY OF","DEPARTMENT OF WATER MANAGEMENT","CHICAGO","IL",NA,NA,"Illinois",1,c(-87.722778, 41.827222)
"754","CHICAGO CSO, CITY OF","DEPARTMENT OF WATER MANAGEMENT","CHICAGO","IL",NA,NA,"Illinois",1,c(-87.723889, 41.824722)
"755","CHICAGO CSO, CITY OF","DEPARTMENT OF WATER MANAGEMENT","CHICAGO","IL",NA,NA,"Illinois",1,c(-87.733056, 41.823056)
"756","CHICAGO CSO, CITY OF","DEPARTMENT OF WATER MANAGEMENT","CHICAGO","IL",NA,NA,"Illinois",1,c(-87.743333, 41.818611)
"757","CHICAGO CSO, CITY OF","DEPARTMENT OF WATER MANAGEMENT","CHICAGO","IL",NA,NA,NA,NA,c(-87.751944, 41.816111)
"758","CHICAGO CSO, CITY OF","DEPARTMENT OF WATER MANAGEMENT","CHICAGO","IL",NA,NA,NA,NA,c(-87.788611, 41.804722)
"759","CHICAGO CSO, CITY OF","DEPARTMENT OF WATER MANAGEMENT","CHICAGO","IL",NA,NA,NA,NA,c(-87.789722, 41.804167)
"760","CHICAGO CSO, CITY OF","DEPARTMENT OF WATER MANAGEMENT","CHICAGO","IL",NA,NA,"Illinois",1,c(-87.665833, 41.841389)
"761","CHICAGO CSO, CITY OF","DEPARTMENT OF WATER MANAGEMENT","CHICAGO","IL",NA,NA,"Illinois",1,c(-87.664444, 41.838333)
"762","CHICAGO CSO, CITY OF","DEPARTMENT OF WATER MANAGEMENT","CHICAGO","IL",NA,NA,"Illinois",1,c(-87.663889, 41.838889)
"763","CHICAGO CSO, CITY OF","DEPARTMENT OF WATER MANAGEMENT","CHICAGO","IL",NA,NA,"Illinois",1,c(-87.663333, 41.837778)
"764","CHICAGO CSO, CITY OF","DEPARTMENT OF WATER MANAGEMENT","CHICAGO","IL",NA,NA,"Illinois",1,c(-87.657778, 41.830278)
"765","CHICAGO CSO, CITY OF","DEPARTMENT OF WATER MANAGEMENT","CHICAGO","IL",NA,NA,NA,NA,c(-87.656944, 41.830278)
"766","CHICAGO CSO, CITY OF","DEPARTMENT OF WATER MANAGEMENT","CHICAGO","IL",NA,NA,"Illinois",1,c(-87.658056, 41.826944)
"767","CHICAGO CSO, CITY OF","DEPARTMENT OF WATER MANAGEMENT","CHICAGO","IL",NA,NA,"Illinois",1,c(-87.665278, 41.820833)
"768","CHICAGO CSO, CITY OF","DEPARTMENT OF WATER MANAGEMENT","CHICAGO","IL",NA,NA,NA,NA,c(-87.56, 41.644722)
"769","CHICAGO CSO, CITY OF","DEPARTMENT OF WATER MANAGEMENT","CHICAGO","IL",NA,NA,"Illinois",1,c(-87.608333, 41.650556)
"770","CHICAGO CSO, CITY OF","DEPARTMENT OF WATER MANAGEMENT","CHICAGO","IL",NA,NA,"Illinois",1,c(-87.616944, 41.651667)
"771","CHICAGO CSO, CITY OF","DEPARTMENT OF WATER MANAGEMENT","CHICAGO","IL",NA,NA,"Illinois",1,c(-87.618889, 41.659167)
"772","CHICAGO CSO, CITY OF","DEPARTMENT OF WATER MANAGEMENT","CHICAGO","IL",NA,NA,"Illinois",1,c(-87.635556, 41.6575)
"773","CHICAGO CSO, CITY OF","DEPARTMENT OF WATER MANAGEMENT","CHICAGO","IL",NA,NA,"Illinois",1,c(-87.641389, 41.657778)
"774","CHICAGO CSO, CITY OF","DEPARTMENT OF WATER MANAGEMENT","CHICAGO","IL",NA,NA,"Illinois",1,c(-87.641389, 41.657778)
"775","CHICAGO CSO, CITY OF","DEPARTMENT OF WATER MANAGEMENT","CHICAGO","IL",NA,NA,"Illinois",1,c(-87.658056, 41.655833)
"776","CHICAGO CSO, CITY OF","DEPARTMENT OF WATER MANAGEMENT","CHICAGO","IL",NA,NA,"Illinois",1,c(-87.853333, 41.962778)
"777","CHICAGO CSO, CITY OF","DEPARTMENT OF WATER MANAGEMENT","CHICAGO","IL",NA,NA,"Illinois",1,c(-87.849167, 41.937222)
"778","CHICAGO CSO, CITY OF","DEPARTMENT OF WATER MANAGEMENT","CHICAGO","IL",NA,NA,"Illinois",1,c(-87.71, 42.011944)
"779","CHICAGO CSO, CITY OF","DEPARTMENT OF WATER MANAGEMENT","CHICAGO","IL",NA,NA,"Illinois",1,c(-87.71, 42.011944)
"780","COMBINED SEWER OVERFLOWS","WESTERN SPRINGS","WESTERN SPRINGS","IL",NA,NA,NA,NA,c(-87.903889, 41.825833)
"781","COMBINED SEWER OVERFLOWS","WESTERN SPRINGS","WESTERN SPRINGS","IL",NA,NA,NA,NA,c(-87.903889, 41.824444)
"782","COMBINED SEWER OVERFLOWS","WESTERN SPRINGS","WESTERN SPRINGS","IL",NA,NA,NA,NA,c(-87.906944, 41.800833)
"783","COMBINED SEWER OVERFLOWS","WESTERN SPRINGS","WESTERN SPRINGS","IL",NA,NA,NA,NA,c(-87.906389, 41.790278)
"784","MWRDGC- JAMES KIRIE WRP","701 WEST OAKTON STREET","DES PLAINES","IL",110,52,NA,NA,c(-87.958333, 42.057778)
"785","AURORA, CITY OF","CSOS ALONG THE FOX RIVER AND INDIAN CREEK","AURORA","IL",NA,NA,NA,NA,c(-88.330833, 41.743889)
"786","AURORA, CITY OF","CSOS ALONG THE FOX RIVER AND INDIAN CREEK","AURORA","IL",NA,NA,"Illinois",1,c(-88.307222, 41.770556)
"787","AURORA, CITY OF","CSOS ALONG THE FOX RIVER AND INDIAN CREEK","AURORA","IL",NA,NA,"Illinois",1,c(-88.327222, 41.775556)
"788","AURORA, CITY OF","CSOS ALONG THE FOX RIVER AND INDIAN CREEK","AURORA","IL",NA,NA,"Illinois",1,c(-88.327222, 41.748056)
"789","AURORA, CITY OF","CSOS ALONG THE FOX RIVER AND INDIAN CREEK","AURORA","IL",NA,NA,"Illinois",1,c(-88.316944, 41.756111)
"790","AURORA, CITY OF","CSOS ALONG THE FOX RIVER AND INDIAN CREEK","AURORA","IL",NA,NA,"Illinois",1,c(-88.325556, 41.763056)
"791","AURORA, CITY OF","CSOS ALONG THE FOX RIVER AND INDIAN CREEK","AURORA","IL",NA,NA,"Illinois",1,c(-88.318056, 41.756389)
"792","AURORA, CITY OF","CSOS ALONG THE FOX RIVER AND INDIAN CREEK","AURORA","IL",NA,NA,"Illinois",1,c(-88.316111, 41.7575)
"793","AURORA, CITY OF","CSOS ALONG THE FOX RIVER AND INDIAN CREEK","AURORA","IL",NA,NA,"Illinois",1,c(-88.315556, 41.758889)
"794","AURORA, CITY OF","CSOS ALONG THE FOX RIVER AND INDIAN CREEK","AURORA","IL",NA,NA,"Illinois",1,c(-88.313889, 41.760556)
"795","AURORA, CITY OF","CSOS ALONG THE FOX RIVER AND INDIAN CREEK","AURORA","IL",NA,NA,"Illinois",1,c(-88.308889, 41.766667)
"796","AURORA, CITY OF","CSOS ALONG THE FOX RIVER AND INDIAN CREEK","AURORA","IL",NA,NA,"Illinois",1,c(-88.310556, 41.770556)
"797","AURORA, CITY OF","CSOS ALONG THE FOX RIVER AND INDIAN CREEK","AURORA","IL",NA,NA,"Illinois",1,c(-88.271944, 41.768611)
"798","AURORA, CITY OF","CSOS ALONG THE FOX RIVER AND INDIAN CREEK","AURORA","IL",NA,NA,"Illinois",1,c(-88.308333, 41.765278)
"799","AURORA, CITY OF","CSOS ALONG THE FOX RIVER AND INDIAN CREEK","AURORA","IL",NA,NA,"Illinois",1,c(-88.308056, 41.766667)
"800","AURORA, CITY OF","CSOS ALONG THE FOX RIVER AND INDIAN CREEK","AURORA","IL",NA,NA,"Illinois",1,c(-88.318056, 41.754167)
"801","MARSHALL STP, CITY OF","1791 TREATMENT PLANT ROAD","MARSHALL","IL",1.35,0.45,NA,NA,c(-87.68, 39.391667)
"802","MARSHALL STP, CITY OF","1791 TREATMENT PLANT ROAD","MARSHALL","IL",1.35,0.45,NA,NA,c(-87.68, 39.391667)
"803","MARSHALL STP, CITY OF","1791 TREATMENT PLANT ROAD","MARSHALL","IL",1.35,0.45,NA,NA,c(-87.68, 39.391667)
"804","ELGIN, CITY OF","CSOS ALONG THE FOX RIVER","ELGIN","IL",NA,NA,"Illinois",1,c(-88.275556, 42.019167)
"805","ELGIN, CITY OF","CSOS ALONG THE FOX RIVER","ELGIN","IL",NA,NA,"Illinois",1,c(-88.276667, 42.023333)
"806","ELGIN, CITY OF","CSOS ALONG THE FOX RIVER","ELGIN","IL",NA,NA,"Illinois",1,c(-88.28, 42.029167)
"807","ELGIN, CITY OF","CSOS ALONG THE FOX RIVER","ELGIN","IL",NA,NA,"Illinois",1,c(-88.279444, 42.029722)
"808","ELGIN, CITY OF","CSOS ALONG THE FOX RIVER","ELGIN","IL",NA,NA,"Illinois",1,c(-88.285278, 42.034444)
"809","ELGIN, CITY OF","CSOS ALONG THE FOX RIVER","ELGIN","IL",NA,NA,"Illinois",1,c(-88.284167, 42.034444)
"810","ELGIN, CITY OF","CSOS ALONG THE FOX RIVER","ELGIN","IL",NA,NA,"Illinois",1,c(-88.286944, 42.037222)
"811","ELGIN, CITY OF","CSOS ALONG THE FOX RIVER","ELGIN","IL",NA,NA,"Illinois",1,c(-88.286944, 42.036667)
"812","ELGIN, CITY OF","CSOS ALONG THE FOX RIVER","ELGIN","IL",NA,NA,"Illinois",1,c(-88.285, 42.036389)
"813","BLOOMINGTON CSOS","BLOOMINGTON IL","BLOOMINGTON","IL",NA,NA,NA,NA,c(-88.975833, 40.485)
"814","BLOOMINGTON CSOS","BLOOMINGTON IL","BLOOMINGTON","IL",NA,NA,"Illinois",1,c(-88.993889, 40.460556)
"815","GOLF CSOS, VILLAGE OF ","1 BRIAR ROAD","GOLF","IL",NA,NA,NA,NA,c(-87.784917, 42.058889)
"816","PHOENIX CSOS, VILLAGE OF","15240 VINCENNES ROAD","PHOENIX","IL",NA,NA,"Illinois",1,c(-87.625, 41.616667)
"817","RIDGEVILLE WWTP","2353 E MAIN ST","RIDGEVILLE","IN",0.1,0.3,NA,NA,c(-85.031667, 40.29)
"818","RIDGEVILLE WWTP","2353 E MAIN ST","RIDGEVILLE","IN",0.1,0.3,NA,NA,c(-85.029583, 40.285389)
"819","RIDGEVILLE WWTP","2353 E MAIN ST","RIDGEVILLE","IN",0.1,0.3,NA,NA,c(-85.023417, 40.286111)
"820","RIDGEVILLE WWTP","2353 E MAIN ST","RIDGEVILLE","IN",0.1,0.3,NA,NA,c(-85.02325, 40.286611)
"821","ALEXANDRIA WWTP","CR 1706 W 1100 N","ALEXANDRIA","IN",5,1.6,"Indiana",1,c(-85.676083, 40.25925)
"822","ALEXANDRIA WWTP","CR 1706 W 1100 N","ALEXANDRIA","IN",5,1.6,"Indiana",1,c(-85.681111, 40.264444)
"823","ALEXANDRIA WWTP","CR 1706 W 1100 N","ALEXANDRIA","IN",5,1.6,NA,NA,c(-85.594417, 40.112056)
"824","ALEXANDRIA WWTP","CR 1706 W 1100 N","ALEXANDRIA","IN",5,1.6,NA,NA,c(-85.690278, 40.260278)
"825","ALEXANDRIA WWTP","CR 1706 W 1100 N","ALEXANDRIA","IN",5,1.6,NA,NA,c(-85.699861, 40.263222)
"826","PORTLAND WWTP","1315 SHADELAND DR","PORTLAND","IN",2.35,1.45,"Indiana",1,c(-84.980833, 40.416944)
"827","PORTLAND WWTP","1315 SHADELAND DR","PORTLAND","IN",2.35,1.45,"Indiana",1,c(-84.983889, 40.424444)
"828","PORTLAND WWTP","1315 SHADELAND DR","PORTLAND","IN",2.35,1.45,"Indiana",1,c(-84.98275, 40.431)
"829","PORTLAND WWTP","1315 SHADELAND DR","PORTLAND","IN",2.35,1.45,"Indiana",1,c(-84.981667, 40.431667)
"830","PORTLAND WWTP","1315 SHADELAND DR","PORTLAND","IN",2.35,1.45,"Indiana",1,c(-84.981111, 40.431667)
"831","PORTLAND WWTP","1315 SHADELAND DR","PORTLAND","IN",2.35,1.45,"Indiana",1,c(-84.979167, 40.431389)
"832","PORTLAND WWTP","1315 SHADELAND DR","PORTLAND","IN",2.35,1.45,"Indiana",1,c(-84.978611, 40.431111)
"833","PORTLAND WWTP","1315 SHADELAND DR","PORTLAND","IN",2.35,1.45,"Indiana",1,c(-84.978611, 40.430833)
"834","PORTLAND WWTP","1315 SHADELAND DR","PORTLAND","IN",2.35,1.45,"Indiana",1,c(-84.977778, 40.430833)
"835","PORTLAND WWTP","1315 SHADELAND DR","PORTLAND","IN",2.35,1.45,"Indiana",1,c(-84.973056, 40.4325)
"836","PORTLAND WWTP","1315 SHADELAND DR","PORTLAND","IN",2.35,1.45,"Indiana",1,c(-84.972222, 40.429167)
"837","PORTLAND WWTP","1315 SHADELAND DR","PORTLAND","IN",2.35,1.45,"Indiana",1,c(-84.966389, 40.429167)
"838","PORTLAND WWTP","1315 SHADELAND DR","PORTLAND","IN",2.35,1.45,"Indiana",1,c(-84.992333, 40.440778)
"839","PORTLAND WWTP","1315 SHADELAND DR","PORTLAND","IN",2.35,1.45,"Indiana",1,c(-84.9925, 40.443389)
"840","PORTLAND WWTP","1315 SHADELAND DR","PORTLAND","IN",2.35,1.45,"Indiana",1,c(-84.992333, 40.444861)
"841","PORTLAND WWTP","1315 SHADELAND DR","PORTLAND","IN",2.35,1.45,"Indiana",1,c(-84.969444, 40.420833)
"842","GREENFIELD WWTP","809 S STATE ST","GREENFIELD","IN",10,4,"Indiana",1,c(-85.770278, 39.789111)
"843","GREENFIELD WWTP","809 S STATE ST","GREENFIELD","IN",10,4,NA,NA,c(-85.765111, 39.762333)
"844","GREENFIELD WWTP","809 S STATE ST","GREENFIELD","IN",10,4,NA,NA,c(-85.760194, 39.768417)
"845","GREENFIELD WWTP","809 S STATE ST","GREENFIELD","IN",10,4,"Indiana",1,c(-85.762528, 39.778611)
"846","MONTPELIER WWTP","7611 N 450 E, N STANDARD BLVD","MONTPELIER","IN",0.28,0.25,"Indiana",1,c(-85.279556, 40.559056)
"847","MONTPELIER WWTP","7611 N 450 E, N STANDARD BLVD","MONTPELIER","IN",0.28,0.25,"Indiana",1,c(-85.274444, 40.5575)
"848","MONTPELIER WWTP","7611 N 450 E, N STANDARD BLVD","MONTPELIER","IN",0.28,0.25,"Indiana",1,c(-85.273083, 40.555333)
"849","MONTPELIER WWTP","7611 N 450 E, N STANDARD BLVD","MONTPELIER","IN",0.28,0.25,NA,NA,c(-85.273028, 40.637389)
"850","ROYAL CENTER WWTP","7100 W 650 N","ROYAL CENTER","IN",0.2,0.2,NA,NA,c(-86.508056, 40.863194)
"851","ROYAL CENTER WWTP","7100 W 650 N","ROYAL CENTER","IN",0.2,0.2,NA,NA,c(-86.508333, 40.863222)
"852","GREENSBURG WWTP","950 S BROADWAY","GREENSBURG","IN",8.9,4.2,NA,NA,c(-85.486694, 39.327667)
"853","GREENSBURG WWTP","950 S BROADWAY","GREENSBURG","IN",8.9,4.2,NA,NA,c(-85.486389, 39.327222)
"854","NOBLESVILLE WWTP, CITY OF","197 W WASHINGTON ST","NOBLESVILLE","IN",10,2.5,NA,NA,c(-86.024722, 40.036)
"855","NOBLESVILLE WWTP, CITY OF","197 W WASHINGTON ST","NOBLESVILLE","IN",10,2.5,"Indiana",1,c(-86.018306, 40.044722)
"856","NOBLESVILLE WWTP, CITY OF","197 W WASHINGTON ST","NOBLESVILLE","IN",10,2.5,NA,NA,c(-86.013944, 40.050833)
"857","NOBLESVILLE WWTP, CITY OF","197 W WASHINGTON ST","NOBLESVILLE","IN",10,2.5,NA,NA,c(-86.014444, 40.052778)
"858","NOBLESVILLE WWTP, CITY OF","197 W WASHINGTON ST","NOBLESVILLE","IN",10,2.5,NA,NA,c(-86.016417, 40.046722)
"859","NOBLESVILLE WWTP, CITY OF","197 W WASHINGTON ST","NOBLESVILLE","IN",10,2.5,"Indiana",1,c(-86.000278, 40.043056)
"860","NOBLESVILLE WWTP, CITY OF","197 W WASHINGTON ST","NOBLESVILLE","IN",10,2.5,"Indiana",1,c(-86.005833, 40.040556)
"861","NOBLESVILLE WWTP, CITY OF","197 W WASHINGTON ST","NOBLESVILLE","IN",10,2.5,"Indiana",1,c(-86.024917, 40.037694)
"862","NOBLESVILLE WWTP, CITY OF","197 W WASHINGTON ST","NOBLESVILLE","IN",10,2.5,NA,NA,c(-86.014722, 40.048333)
"863","NOBLESVILLE WWTP, CITY OF","197 W WASHINGTON ST","NOBLESVILLE","IN",10,2.5,"Indiana",1,c(-86.025, 40.036389)
"864","MONTICELLO WWTP","705 EAST ST","MONTICELLO","IN",3.6,1.6,"Indiana",1,c(-86.755, 40.753889)
"865","MONTICELLO WWTP","705 EAST ST","MONTICELLO","IN",3.6,1.6,"Indiana",1,c(-86.758611, 40.749444)
"866","MONTICELLO WWTP","705 EAST ST","MONTICELLO","IN",3.6,1.6,"Indiana",1,c(-86.759444, 40.7425)
"867","MONTICELLO WWTP","705 EAST ST","MONTICELLO","IN",3.6,1.6,"Indiana",1,c(-86.760278, 40.741389)
"868","MONTICELLO WWTP","705 EAST ST","MONTICELLO","IN",3.6,1.6,"Indiana",1,c(-86.755083, 40.735417)
"869","MONTICELLO WWTP","705 EAST ST","MONTICELLO","IN",3.6,1.6,"Indiana",1,c(-86.758333, 40.745833)
"870","MONTICELLO WWTP","705 EAST ST","MONTICELLO","IN",3.6,1.6,"Indiana",1,c(-86.7525, 40.734167)
"871","MONTICELLO WWTP","705 EAST ST","MONTICELLO","IN",3.6,1.6,"Indiana",1,c(-86.755556, 40.731944)
"872","EDINBURGH WWTP","701 W RIVER RD","EDINBURGH","IN",1.5,0.57,NA,NA,c(-85.980556, 39.354722)
"873","ATTICA MUNICIPAL WWTP","409 W MONROE ST","ATTICA","IN",0.665,0.28,"Indiana",1,c(-87.249306, 40.297417)
"874","ATTICA MUNICIPAL WWTP","409 W MONROE ST","ATTICA","IN",0.665,0.28,"Indiana",1,c(-87.252417, 40.294694)
"875","NORTH MANCHESTER WWTP","503 S MAPLE ST","NORTH MANCHESTER","IN",1.25,0.59,NA,NA,c(-85.760556, 41.003056)
"876","NORTH MANCHESTER WWTP","503 S MAPLE ST","NORTH MANCHESTER","IN",1.25,0.59,NA,NA,c(-85.768028, 40.998111)
"877","NORTH MANCHESTER WWTP","503 S MAPLE ST","NORTH MANCHESTER","IN",1.25,0.59,NA,NA,c(-85.771667, 40.998889)
"878","NORTH MANCHESTER WWTP","503 S MAPLE ST","NORTH MANCHESTER","IN",1.25,0.59,NA,NA,c(-85.781667, 41.000833)
"879","NORTH MANCHESTER WWTP","503 S MAPLE ST","NORTH MANCHESTER","IN",1.25,0.59,NA,NA,c(-85.782222, 40.995556)
"880","NORTH MANCHESTER WWTP","503 S MAPLE ST","NORTH MANCHESTER","IN",1.25,0.59,NA,NA,c(-85.765556, 41.013056)
"881","NORTH MANCHESTER WWTP","503 S MAPLE ST","NORTH MANCHESTER","IN",1.25,0.59,NA,NA,c(-85.773333, 40.993889)
"882","BREMEN WWTP","561 N KEYSER ST","BREMEN","IN",1.3,1.1,"Indiana",1,c(-86.174444, 41.452778)
"883","NORTH VERNON WWTP","725 N GREENSBURG ST","NORTH VERNON","IN",2.2,1.65,NA,NA,c(-85.613778, 39.00425)
"884","NORTH VERNON WWTP","725 N GREENSBURG ST","NORTH VERNON","IN",2.2,1.65,NA,NA,c(-85.612639, 38.996111)
"885","NORTH VERNON WWTP","725 N GREENSBURG ST","NORTH VERNON","IN",2.2,1.65,NA,NA,c(-85.6, 39.004444)
"886","LAGRANGE WWTP","402 NURSERY ST","LAGRANGE","IN",1.8,0.35,NA,NA,c(-85.415, 41.648611)
"887","LAGRANGE WWTP","402 NURSERY ST","LAGRANGE","IN",1.8,0.35,NA,NA,c(-85.41475, 41.647833)
"888","LAGRANGE WWTP","402 NURSERY ST","LAGRANGE","IN",1.8,0.35,NA,NA,c(-85.414833, 41.646)
"889","LAGRANGE WWTP","402 NURSERY ST","LAGRANGE","IN",1.8,0.35,NA,NA,c(-85.414694, 41.644806)
"890","LAGRANGE WWTP","402 NURSERY ST","LAGRANGE","IN",1.8,0.35,NA,NA,c(-85.415, 41.644444)
"891","LAGRANGE WWTP","402 NURSERY ST","LAGRANGE","IN",1.8,0.35,NA,NA,c(-85.413444, 41.642222)
"892","WINAMAC WWTP","1950 S US 35 S","WINAMAC","IN",0.434,0.32,NA,NA,c(-86.59825, 41.048861)
"893","WINAMAC WWTP","1950 S US 35 S","WINAMAC","IN",0.434,0.32,NA,NA,c(-86.599944, 41.04975)
"894","WINAMAC WWTP","1950 S US 35 S","WINAMAC","IN",0.434,0.32,NA,NA,c(-86.600528, 41.052889)
"895","WINAMAC WWTP","1950 S US 35 S","WINAMAC","IN",0.434,0.32,NA,NA,c(-86.603222, 41.054861)
"896","WINAMAC WWTP","1950 S US 35 S","WINAMAC","IN",0.434,0.32,NA,NA,c(-86.603194, 41.056444)
"897","SOUTH WHITLEY WWTP","600 S MAIN ST","SOUTH WHITLEY","IN",0.45,0.2,NA,NA,c(-85.627694, 41.082722)
"898","SOUTH WHITLEY WWTP","600 S MAIN ST","SOUTH WHITLEY","IN",0.45,0.2,NA,NA,c(-85.626639, 41.083389)
"899","SOUTH WHITLEY WWTP","600 S MAIN ST","SOUTH WHITLEY","IN",0.45,0.2,NA,NA,c(-85.628167, 41.079833)
"900","SOUTH WHITLEY WWTP","600 S MAIN ST","SOUTH WHITLEY","IN",0.45,0.2,NA,NA,c(-85.628278, 41.079806)
"901","KENDALLVILLE WWTP","501 W WAYNE ST","KENDALLVILLE","IN",2.68,1.9,NA,NA,c(-85.272806, 41.447222)
"902","AVILLA WWTP, TOWN OF","401 PROGRESS WAY","AVILLA","IN",0.6,0.35,NA,NA,c(-85.237639, 41.358)
"903","AVILLA WWTP, TOWN OF","401 PROGRESS WAY","AVILLA","IN",0.6,0.35,NA,NA,c(-85.231556, 41.365667)
"904","AVILLA WWTP, TOWN OF","401 PROGRESS WAY","AVILLA","IN",0.6,0.35,NA,NA,c(-85.236889, 41.367028)
"905","AVILLA WWTP, TOWN OF","401 PROGRESS WAY","AVILLA","IN",0.6,0.35,NA,NA,c(-85.236639, 41.363167)
"906","AUBURN WWTP","2010 S WAYNE ST","AUBURN","IN",4.5,2.9,NA,NA,c(-85.055556, 41.366667)
"907","AUBURN WWTP","2010 S WAYNE ST","AUBURN","IN",4.5,2.9,NA,NA,c(-85.055556, 41.356944)
"908","AUBURN WWTP","2010 S WAYNE ST","AUBURN","IN",4.5,2.9,NA,NA,c(-85.066667, 41.352778)
"909","AUBURN WWTP","2010 S WAYNE ST","AUBURN","IN",4.5,2.9,NA,NA,c(-85.058472, 41.348111)
"910","WATERLOO WWTP","120 S BEST ST","WATERLOO","IN",0.369,0.5,NA,NA,c(-85.011056, 41.430056)
"911","WATERLOO WWTP","120 S BEST ST","WATERLOO","IN",0.369,0.5,NA,NA,c(-85.006972, 41.425861)
"912","WATERLOO WWTP","120 S BEST ST","WATERLOO","IN",0.369,0.5,NA,NA,c(-85.009806, 41.430667)
"913","OSSIAN WWTP, TOWN OF","215 LYNN LANE","OSSIAN","IN",0.9,0.42,NA,NA,c(-85.168417, 40.874833)
"914","OSSIAN WWTP, TOWN OF","215 LYNN LANE","OSSIAN","IN",0.9,0.42,NA,NA,c(-85.170833, 40.877611)
"915","OSSIAN WWTP, TOWN OF","215 LYNN LANE","OSSIAN","IN",0.9,0.42,NA,NA,c(-85.171778, 40.878778)
"916","OSSIAN WWTP, TOWN OF","215 LYNN LANE","OSSIAN","IN",0.9,0.42,NA,NA,c(-85.1725, 40.878889)
"917","OSSIAN WWTP, TOWN OF","215 LYNN LANE","OSSIAN","IN",0.9,0.42,NA,NA,c(-85.1735, 40.880778)
"918","OSSIAN WWTP, TOWN OF","215 LYNN LANE","OSSIAN","IN",0.9,0.42,NA,NA,c(-85.177389, 40.883306)
"919","MIDDLETOWN WWTP","211 S 8TH ST","MIDDLETOWN","IN",0.5,0.41,NA,NA,c(-85.530278, 40.053583)
"920","MIDDLETOWN WWTP","211 S 8TH ST","MIDDLETOWN","IN",0.5,0.41,NA,NA,c(-85.533028, 40.051667)
"921","MIDDLETOWN WWTP","211 S 8TH ST","MIDDLETOWN","IN",0.5,0.41,NA,NA,c(-85.536944, 40.049722)
"922","NORTH JUDSON MUNICIPAL WWTP","900 N ELM ST","NORTH JUDSON","IN",0.47,0.37,"Indiana",1,c(-86.775972, 41.219389)
"923","ROSSVILLE WWTP","316 N PLANK ST","ROSSVILLE","IN",0.3,0.65,NA,NA,c(-86.592222, 40.417)
"924","ROSSVILLE WWTP","316 N PLANK ST","ROSSVILLE","IN",0.3,0.65,NA,NA,c(-86.594722, 40.417889)
"925","ROSSVILLE WWTP","316 N PLANK ST","ROSSVILLE","IN",0.3,0.65,NA,NA,c(-86.599444, 40.416028)
"926","ROSSVILLE WWTP","316 N PLANK ST","ROSSVILLE","IN",0.3,0.65,NA,NA,c(-86.600833, 40.415)
"927","ROSSVILLE WWTP","316 N PLANK ST","ROSSVILLE","IN",0.3,0.65,NA,NA,c(-86.610556, 40.424722)
"928","ROSSVILLE WWTP","316 N PLANK ST","ROSSVILLE","IN",0.3,0.65,NA,NA,c(-86.610583, 40.424361)
"929","REMINGTON WWTP","16195 S 630 W","REMINGTON","IN",0.7,0.34,NA,NA,c(-87.157528, 40.771778)
"930","FORTVILLE WWTP","500 W CHURCH ST","FORTVILLE","IN",0.95,0.47,NA,NA,c(-85.861778, 39.933778)
"931","FORTVILLE WWTP","500 W CHURCH ST","FORTVILLE","IN",0.95,0.47,NA,NA,c(-85.852778, 39.934472)
"932","FORTVILLE WWTP","500 W CHURCH ST","FORTVILLE","IN",0.95,0.47,NA,NA,c(-85.850889, 39.935194)
"933","FORTVILLE WWTP","500 W CHURCH ST","FORTVILLE","IN",0.95,0.47,NA,NA,c(-85.850722, 39.93525)
"934","FORTVILLE WWTP","500 W CHURCH ST","FORTVILLE","IN",0.95,0.47,NA,NA,c(-85.849333, 39.935889)
"935","FORTVILLE WWTP","500 W CHURCH ST","FORTVILLE","IN",0.95,0.47,NA,NA,c(-85.848528, 39.936389)
"936","FORTVILLE WWTP","500 W CHURCH ST","FORTVILLE","IN",0.95,0.47,NA,NA,c(-85.8465, 39.936944)
"937","FORTVILLE WWTP","500 W CHURCH ST","FORTVILLE","IN",0.95,0.47,NA,NA,c(-85.843556, 39.937611)
"938","FORTVILLE WWTP","500 W CHURCH ST","FORTVILLE","IN",0.95,0.47,NA,NA,c(-85.852889, 39.931194)
"939","FORTVILLE WWTP","500 W CHURCH ST","FORTVILLE","IN",0.95,0.47,NA,NA,c(-85.853222, 39.931417)
"940","PLYMOUTH WWTP","900 OAKHILL AVE","PLYMOUTH","IN",3.5,1.5,NA,NA,c(-86.320639, 41.320639)
"941","PLYMOUTH WWTP","900 OAKHILL AVE","PLYMOUTH","IN",3.5,1.5,"Indiana",1,c(-86.304917, 41.351639)
"942","PLYMOUTH WWTP","900 OAKHILL AVE","PLYMOUTH","IN",3.5,1.5,"Indiana",1,c(-86.305444, 41.348833)
"943","PLYMOUTH WWTP","900 OAKHILL AVE","PLYMOUTH","IN",3.5,1.5,"Indiana",1,c(-86.305417, 41.347194)
"944","PLYMOUTH WWTP","900 OAKHILL AVE","PLYMOUTH","IN",3.5,1.5,"Indiana",1,c(-86.307583, 41.345583)
"945","PLYMOUTH WWTP","900 OAKHILL AVE","PLYMOUTH","IN",3.5,1.5,"Indiana",1,c(-86.308028, 41.342972)
"946","PLYMOUTH WWTP","900 OAKHILL AVE","PLYMOUTH","IN",3.5,1.5,"Indiana",1,c(-86.308083, 41.34275)
"947","PLYMOUTH WWTP","900 OAKHILL AVE","PLYMOUTH","IN",3.5,1.5,NA,NA,c(-86.318111, 41.335028)
"948","PLYMOUTH WWTP","900 OAKHILL AVE","PLYMOUTH","IN",3.5,1.5,NA,NA,c(-86.320222, 41.335056)
"949","PLYMOUTH WWTP","900 OAKHILL AVE","PLYMOUTH","IN",3.5,1.5,"Indiana",1,c(-86.3055, 41.341556)
"950","TELL CITY WWTP","1123 5TH ST","TELL CITY","IN",2.063,1.9,NA,NA,c(-85.897167, 38.310611)
"951","TELL CITY WWTP","1123 5TH ST","TELL CITY","IN",2.063,1.9,NA,NA,c(-86.773889, 37.950556)
"952","TELL CITY WWTP","1123 5TH ST","TELL CITY","IN",2.063,1.9,NA,NA,c(-86.771111, 37.944722)
"953","TELL CITY WWTP","1123 5TH ST","TELL CITY","IN",2.063,1.9,NA,NA,c(-86.763333, 37.943333)
"954","TELL CITY WWTP","1123 5TH ST","TELL CITY","IN",2.063,1.9,NA,NA,c(-86.760278, 37.958611)
"955","TELL CITY WWTP","1123 5TH ST","TELL CITY","IN",2.063,1.9,NA,NA,c(-86.775278, 37.953889)
"956","ROCKPORT SOUTH WWTP","280 CENTER ST","ROCKPORT","IN",0.5,0.32,"Indiana",1,c(-87.046389, 37.889167)
"957","FAIRMOUNT WWTP","206 W 8TH ST","FAIRMOUNT","IN",0.55,0.47,"Indiana",1,c(-85.650139, 40.423472)
"958","FAIRMOUNT WWTP","206 W 8TH ST","FAIRMOUNT","IN",0.55,0.47,"Indiana",1,c(-85.651417, 40.421056)
"959","FAIRMOUNT WWTP","206 W 8TH ST","FAIRMOUNT","IN",0.55,0.47,"Indiana",1,c(-85.651806, 40.42025)
"960","FAIRMOUNT WWTP","206 W 8TH ST","FAIRMOUNT","IN",0.55,0.47,"Indiana",1,c(-85.651917, 40.419333)
"961","FAIRMOUNT WWTP","206 W 8TH ST","FAIRMOUNT","IN",0.55,0.47,"Indiana",1,c(-85.652528, 40.418194)
"962","FAIRMOUNT WWTP","206 W 8TH ST","FAIRMOUNT","IN",0.55,0.47,"Indiana",1,c(-85.652833, 40.417722)
"963","FAIRMOUNT WWTP","206 W 8TH ST","FAIRMOUNT","IN",0.55,0.47,"Indiana",1,c(-85.653, 40.417361)
"964","FAIRMOUNT WWTP","206 W 8TH ST","FAIRMOUNT","IN",0.55,0.47,"Indiana",1,c(-85.653222, 40.416889)
"965","FAIRMOUNT WWTP","206 W 8TH ST","FAIRMOUNT","IN",0.55,0.47,"Indiana",1,c(-85.653139, 40.416889)
"966","FAIRMOUNT WWTP","206 W 8TH ST","FAIRMOUNT","IN",0.55,0.47,"Indiana",1,c(-85.653444, 40.41475)
"967","FAIRMOUNT WWTP","206 W 8TH ST","FAIRMOUNT","IN",0.55,0.47,"Indiana",1,c(-85.653528, 40.414889)
"968","FAIRMOUNT WWTP","206 W 8TH ST","FAIRMOUNT","IN",0.55,0.47,"Indiana",1,c(-85.653361, 40.413056)
"969","FAIRMOUNT WWTP","206 W 8TH ST","FAIRMOUNT","IN",0.55,0.47,"Indiana",1,c(-85.653167, 40.412194)
"970","FAIRMOUNT WWTP","206 W 8TH ST","FAIRMOUNT","IN",0.55,0.47,"Indiana",1,c(-85.653194, 40.411389)
"971","FAIRMOUNT WWTP","206 W 8TH ST","FAIRMOUNT","IN",0.55,0.47,"Indiana",1,c(-85.653972, 40.409667)
"972","FAIRMOUNT WWTP","206 W 8TH ST","FAIRMOUNT","IN",0.55,0.47,"Indiana",1,c(-85.650139, 40.424278)
"973","FAIRMOUNT WWTP","206 W 8TH ST","FAIRMOUNT","IN",0.55,0.47,"Indiana",1,c(-85.650056, 40.424139)
"974","PLAINFIELD NORTH WATER POLLUTION CONTROL FACILITY","990 S CENTER ST","PLAINFIELD","IN",4,2.6,NA,NA,c(-86.406083, 39.701944)
"975","PLAINFIELD NORTH WATER POLLUTION CONTROL FACILITY","990 S CENTER ST","PLAINFIELD","IN",4,2.6,NA,NA,c(-86.405389, 39.701306)
"976","PLAINFIELD NORTH WATER POLLUTION CONTROL FACILITY","990 S CENTER ST","PLAINFIELD","IN",4,2.6,NA,NA,c(-86.403556, 39.699306)
"977","PLAINFIELD NORTH WATER POLLUTION CONTROL FACILITY","990 S CENTER ST","PLAINFIELD","IN",4,2.6,NA,NA,c(-86.401944, 39.696833)
"978","PLAINFIELD NORTH WATER POLLUTION CONTROL FACILITY","990 S CENTER ST","PLAINFIELD","IN",4,2.6,NA,NA,c(-86.395833, 39.691056)
"979","BRAZIL WWTP","6538 N MURPHY RD","BRAZIL","IN",2,1.5,NA,NA,c(-87.132639, 39.509694)
"980","BRAZIL WWTP","6538 N MURPHY RD","BRAZIL","IN",2,1.5,NA,NA,c(-87.135833, 39.532833)
"981","BRAZIL WWTP","6538 N MURPHY RD","BRAZIL","IN",2,1.5,NA,NA,c(-87.108083, 39.52375)
"982","BROWNSBURG WWTP","225 S MARDALE DR","BROWNSBURG","IN",10,5.25,NA,NA,c(-86.4025, 39.845556)
"983","BROWNSBURG WWTP","225 S MARDALE DR","BROWNSBURG","IN",10,5.25,NA,NA,c(-86.403611, 39.845)
"984","BROWNSBURG WWTP","225 S MARDALE DR","BROWNSBURG","IN",10,5.25,NA,NA,c(-86.401889, 39.840806)
"985","RUSHVILLE WWTP","300 S MCFARLAND ST","RUSHVILLE","IN",2,4,NA,NA,c(-85.485389, 39.327556)
"986","RUSHVILLE WWTP","300 S MCFARLAND ST","RUSHVILLE","IN",2,4,"Indiana",1,c(-85.454556, 39.599722)
"987","ANGOLA WWTP","270 E REDDING RD","ANGOLA","IN",1.7,1.1,NA,NA,c(-84.983778, 41.629139)
"988","ANGOLA WWTP","270 E REDDING RD","ANGOLA","IN",1.7,1.1,NA,NA,c(-84.998028, 41.631444)
"989","ANGOLA WWTP","270 E REDDING RD","ANGOLA","IN",1.7,1.1,NA,NA,c(-84.982389, 41.627417)
"990","OXFORD MUNICIPAL WWTP","105 S HOWARD ST","OXFORD","IN",0.22,0.27,NA,NA,c(-87.245, 40.530833)
"991","OXFORD MUNICIPAL WWTP","105 S HOWARD ST","OXFORD","IN",0.22,0.27,NA,NA,c(-87.248889, 40.513889)
"992","OXFORD MUNICIPAL WWTP","105 S HOWARD ST","OXFORD","IN",0.22,0.27,NA,NA,c(-87.231111, 40.515278)
"993","BERNE WWTP","343 E 550 S","BERNE","IN",1.08,1.92,"Indiana",1,c(-84.936111, 40.666667)
"994","BERNE WWTP","343 E 550 S","BERNE","IN",1.08,1.92,"Indiana",1,c(-84.942278, 40.657972)
"995","BERNE WWTP","343 E 550 S","BERNE","IN",1.08,1.92,"Indiana",1,c(-84.941306, 40.659917)
"996","BERNE WWTP","343 E 550 S","BERNE","IN",1.08,1.92,"Indiana",1,c(-84.938889, 40.659722)
"997","NAPPANEE WWTP, CITY OF","1410 DERKSIN RD","NAPPANEE","IN",1.9,1.427,NA,NA,c(-85.986611, 41.446)
"998","NAPPANEE WWTP, CITY OF","1410 DERKSIN RD","NAPPANEE","IN",1.9,1.427,NA,NA,c(-85.991389, 41.435556)
"999","NAPPANEE WWTP, CITY OF","1410 DERKSIN RD","NAPPANEE","IN",1.9,1.427,NA,NA,c(-85.990194, 41.447278)
"1000","NAPPANEE WWTP, CITY OF","1410 DERKSIN RD","NAPPANEE","IN",1.9,1.427,NA,NA,c(-85.991944, 41.448028)
"1001","NAPPANEE WWTP, CITY OF","1410 DERKSIN RD","NAPPANEE","IN",1.9,1.427,NA,NA,c(-85.994111, 41.448361)
"1002","NAPPANEE WWTP, CITY OF","1410 DERKSIN RD","NAPPANEE","IN",1.9,1.427,NA,NA,c(-85.997222, 41.433889)
"1003","NAPPANEE WWTP, CITY OF","1410 DERKSIN RD","NAPPANEE","IN",1.9,1.427,NA,NA,c(-85.9975, 41.449333)
"1004","NAPPANEE WWTP, CITY OF","1410 DERKSIN RD","NAPPANEE","IN",1.9,1.427,NA,NA,c(-86, 41.448889)
"1005","NAPPANEE WWTP, CITY OF","1410 DERKSIN RD","NAPPANEE","IN",1.9,1.427,NA,NA,c(-85.999972, 41.449333)
"1006","NAPPANEE WWTP, CITY OF","1410 DERKSIN RD","NAPPANEE","IN",1.9,1.427,NA,NA,c(-86.000833, 41.416667)
"1007","NAPPANEE WWTP, CITY OF","1410 DERKSIN RD","NAPPANEE","IN",1.9,1.427,NA,NA,c(-86.002694, 41.4495)
"1008","NAPPANEE WWTP, CITY OF","1410 DERKSIN RD","NAPPANEE","IN",1.9,1.427,NA,NA,c(-86.003333, 41.449583)
"1009","NAPPANEE WWTP, CITY OF","1410 DERKSIN RD","NAPPANEE","IN",1.9,1.427,NA,NA,c(-86.005194, 41.449833)
"1010","NAPPANEE WWTP, CITY OF","1410 DERKSIN RD","NAPPANEE","IN",1.9,1.427,NA,NA,c(-85.983944, 41.445722)
"1011","NAPPANEE WWTP, CITY OF","1410 DERKSIN RD","NAPPANEE","IN",1.9,1.427,NA,NA,c(-86.001667, 41.436944)
"1012","NAPPANEE WWTP, CITY OF","1410 DERKSIN RD","NAPPANEE","IN",1.9,1.427,NA,NA,c(-85.984722, 41.445778)
"1013","TIPTON WWTP","909 E JEFFERSON ST","TIPTON","IN",2,1.455,"Indiana",1,c(-86.035278, 40.279583)
"1014","TIPTON WWTP","909 E JEFFERSON ST","TIPTON","IN",2,1.455,"Indiana",1,c(-86.033806, 40.280833)
"1015","TIPTON WWTP","909 E JEFFERSON ST","TIPTON","IN",2,1.455,"Indiana",1,c(-86.032444, 40.281528)
"1016","TIPTON WWTP","909 E JEFFERSON ST","TIPTON","IN",2,1.455,"Indiana",1,c(-86.03225, 40.281639)
"1017","TIPTON WWTP","909 E JEFFERSON ST","TIPTON","IN",2,1.455,"Indiana",1,c(-86.031472, 40.281861)
"1018","TIPTON WWTP","909 E JEFFERSON ST","TIPTON","IN",2,1.455,"Indiana",1,c(-86.048611, 40.283389)
"1019","TIPTON WWTP","909 E JEFFERSON ST","TIPTON","IN",2,1.455,"Indiana",1,c(-86.042944, 40.277056)
"1020","TIPTON WWTP","909 E JEFFERSON ST","TIPTON","IN",2,1.455,"Indiana",1,c(-86.051722, 40.286194)
"1021","TIPTON WWTP","909 E JEFFERSON ST","TIPTON","IN",2,1.455,"Indiana",1,c(-86.026667, 40.280278)
"1022","TIPTON WWTP","909 E JEFFERSON ST","TIPTON","IN",2,1.455,"Indiana",1,c(-86.035306, 40.27925)
"1023","TIPTON WWTP","909 E JEFFERSON ST","TIPTON","IN",2,1.455,"Indiana",1,c(-86.027806, 40.280889)
"1024","HARTFORD CITY WWTP","1057 S 100 W","HARTFORD CITY","IN",2.2,3.5,NA,NA,c(-85.3605, 40.462222)
"1025","HARTFORD CITY WWTP","1057 S 100 W","HARTFORD CITY","IN",2.2,3.5,NA,NA,c(-85.356111, 40.450556)
"1026","HARTFORD CITY WWTP","1057 S 100 W","HARTFORD CITY","IN",2.2,3.5,NA,NA,c(-85.355944, 40.450417)
"1027","HARTFORD CITY WWTP","1057 S 100 W","HARTFORD CITY","IN",2.2,3.5,"Indiana",1,c(-85.360278, 40.447222)
"1028","HARTFORD CITY WWTP","1057 S 100 W","HARTFORD CITY","IN",2.2,3.5,"Indiana",1,c(-85.364167, 40.445556)
"1029","HARTFORD CITY WWTP","1057 S 100 W","HARTFORD CITY","IN",2.2,3.5,"Indiana",1,c(-85.364444, 40.445)
"1030","HARTFORD CITY WWTP","1057 S 100 W","HARTFORD CITY","IN",2.2,3.5,"Indiana",1,c(-85.374444, 40.446111)
"1031","HARTFORD CITY WWTP","1057 S 100 W","HARTFORD CITY","IN",2.2,3.5,"Indiana",1,c(-85.370278, 40.442222)
"1032","HARTFORD CITY WWTP","1057 S 100 W","HARTFORD CITY","IN",2.2,3.5,NA,NA,c(-85.381667, 40.456944)
"1033","HARTFORD CITY WWTP","1057 S 100 W","HARTFORD CITY","IN",2.2,3.5,"Indiana",1,c(-85.387778, 40.449722)
"1034","HARTFORD CITY WWTP","1057 S 100 W","HARTFORD CITY","IN",2.2,3.5,"Indiana",1,c(-85.366111, 40.443333)
"1035","HARTFORD CITY WWTP","1057 S 100 W","HARTFORD CITY","IN",2.2,3.5,"Indiana",1,c(-85.3675, 40.443056)
"1036","HARTFORD CITY WWTP","1057 S 100 W","HARTFORD CITY","IN",2.2,3.5,"Indiana",1,c(-85.371944, 40.433333)
"1037","HARTFORD CITY WWTP","1057 S 100 W","HARTFORD CITY","IN",2.2,3.5,"Indiana",1,c(-85.383611, 40.435556)
"1038","HARTFORD CITY WWTP","1057 S 100 W","HARTFORD CITY","IN",2.2,3.5,NA,NA,c(-85.344722, 40.454167)
"1039","HARTFORD CITY WWTP","1057 S 100 W","HARTFORD CITY","IN",2.2,3.5,"Indiana",1,c(-85.361944, 40.446944)
"1040","HARTFORD CITY WWTP","1057 S 100 W","HARTFORD CITY","IN",2.2,3.5,"Indiana",1,c(-85.366389, 40.443333)
"1041","EATON WWTP","1815 E EATON ALBANY PIKE","EATON","IN",0.36,0.32,"Indiana",1,c(-85.368056, 40.340833)
"1042","EATON WWTP","1815 E EATON ALBANY PIKE","EATON","IN",0.36,0.32,"Indiana",1,c(-85.355, 40.338667)
"1043","ALBION WWTP","2152 N 50 W","ALBION","IN",0.34,0.28,NA,NA,c(-85.420833, 41.393889)
"1044","BLUFFTON WWTP","702 N MAIN ST","BLUFFTON","IN",6,2.28,"Indiana",1,c(-85.174444, 40.7475)
"1045","BLUFFTON WWTP","702 N MAIN ST","BLUFFTON","IN",6,2.28,"Indiana",1,c(-85.174167, 40.749167)
"1046","BOONVILLE MUNICIPAL WWTP","2455 MILLERSBURG RD","BOONVILLE","IN",8.64,1.94,NA,NA,c(-87.289694, 38.052889)
"1047","BOONVILLE MUNICIPAL WWTP","2455 MILLERSBURG RD","BOONVILLE","IN",8.64,1.94,NA,NA,c(-87.289972, 38.043472)
"1048","BOONVILLE MUNICIPAL WWTP","2455 MILLERSBURG RD","BOONVILLE","IN",8.64,1.94,NA,NA,c(-87.289722, 38.051944)
"1049","BOONVILLE MUNICIPAL WWTP","2455 MILLERSBURG RD","BOONVILLE","IN",8.64,1.94,NA,NA,c(-87.289722, 38.040556)
"1050","BUTLER WWTP","695 E GREEN ST","BUTLER","IN",2,1,NA,NA,c(-84.862889, 41.434722)
"1051","BUTLER WWTP","695 E GREEN ST","BUTLER","IN",2,1,NA,NA,c(-84.857222, 41.43)
"1052","BUTLER WWTP","695 E GREEN ST","BUTLER","IN",2,1,NA,NA,c(-84.853083, 41.430611)
"1053","CENTERVILLE WWTP","816 N MCMINN RD","CENTERVILLE","IN",1,0.42,NA,NA,c(-85.014722, 39.819444)
"1054","CHESTERTON WWTP","220 BROADWAY","CHESTERTON","IN",4.6,2.304,NA,NA,c(-87.062444, 41.620056)
"1055","CLINTON MUNICIPAL WWTP","700 S MAIN ST","CLINTON","IN",1,0.05,"Indiana",1,c(-87.396917, 39.654472)
"1056","CLINTON MUNICIPAL WWTP","700 S MAIN ST","CLINTON","IN",1,0.05,"Indiana",1,c(-87.396806, 39.65825)
"1057","CLINTON MUNICIPAL WWTP","700 S MAIN ST","CLINTON","IN",1,0.05,"Indiana",1,c(-87.398056, 39.652111)
"1058","CLINTON MUNICIPAL WWTP","700 S MAIN ST","CLINTON","IN",1,0.05,"Indiana",1,c(-87.396917, 39.654472)
"1059","CLINTON MUNICIPAL WWTP","700 S MAIN ST","CLINTON","IN",1,0.05,"Indiana",1,c(-87.398083, 39.650028)
"1060","CLINTON MUNICIPAL WWTP","700 S MAIN ST","CLINTON","IN",1,0.05,"Indiana",1,c(-87.396806, 39.657139)
"1061","CLINTON MUNICIPAL WWTP","700 S MAIN ST","CLINTON","IN",1,0.05,"Indiana",1,c(-87.396944, 39.658333)
"1062","COLUMBIA CITY WWTP","1171 S LINE ST","COLUMBIA CITY","IN",3.5,11.5,NA,NA,c(-85.479639, 41.160444)
"1063","COLUMBIA CITY WWTP","1171 S LINE ST","COLUMBIA CITY","IN",3.5,11.5,"Indiana",1,c(-85.488028, 41.136972)
"1064","COLUMBIA CITY WWTP","1171 S LINE ST","COLUMBIA CITY","IN",3.5,11.5,"Indiana",1,c(-85.489472, 41.153889)
"1065","COLUMBIA CITY WWTP","1171 S LINE ST","COLUMBIA CITY","IN",3.5,11.5,"Indiana",1,c(-85.479639, 41.152833)
"1066","COLUMBIA CITY WWTP","1171 S LINE ST","COLUMBIA CITY","IN",3.5,11.5,"Indiana",1,c(-85.490722, 41.152333)
"1067","COLUMBIA CITY WWTP","1171 S LINE ST","COLUMBIA CITY","IN",3.5,11.5,"Indiana",1,c(-85.491083, 41.150806)
"1068","COLUMBIA CITY WWTP","1171 S LINE ST","COLUMBIA CITY","IN",3.5,11.5,"Indiana",1,c(-85.491139, 41.148139)
"1069","COLUMBIA CITY WWTP","1171 S LINE ST","COLUMBIA CITY","IN",3.5,11.5,"Indiana",1,c(-85.488667, 41.147194)
"1070","COLUMBIA CITY WWTP","1171 S LINE ST","COLUMBIA CITY","IN",3.5,11.5,"Indiana",1,c(-85.491806, 41.146667)
"1071","COLUMBIA CITY WWTP","1171 S LINE ST","COLUMBIA CITY","IN",3.5,11.5,"Indiana",1,c(-85.491694, 41.151889)
"1072","COLUMBIA CITY WWTP","1171 S LINE ST","COLUMBIA CITY","IN",3.5,11.5,"Indiana",1,c(-85.498694, 41.154333)
"1073","COLUMBIA CITY WWTP","1171 S LINE ST","COLUMBIA CITY","IN",3.5,11.5,"Indiana",1,c(-85.500222, 41.157028)
"1074","COLUMBIA CITY WWTP","1171 S LINE ST","COLUMBIA CITY","IN",3.5,11.5,"Indiana",1,c(-85.491556, 41.148917)
"1075","COLUMBIA CITY WWTP","1171 S LINE ST","COLUMBIA CITY","IN",3.5,11.5,"Indiana",1,c(-85.488889, 41.146111)
"1076","CROTHERSVILLE WWTP","500 S BETHANY RD","CROTHERSVILLE","IN",0.47,0.31,NA,NA,c(-85.848889, 38.790833)
"1077","CROTHERSVILLE WWTP","500 S BETHANY RD","CROTHERSVILLE","IN",0.47,0.31,NA,NA,c(-85.848944, 38.790972)
"1078","CROTHERSVILLE WWTP","500 S BETHANY RD","CROTHERSVILLE","IN",0.47,0.31,NA,NA,c(-85.848556, 38.791361)
"1079","CROTHERSVILLE WWTP","500 S BETHANY RD","CROTHERSVILLE","IN",0.47,0.31,NA,NA,c(-85.849444, 38.790833)
"1080","EAST CHICAGO SANITARY DISTRICT","5201 INDIANAPOLIS BLVD","EAST CHICAGO","IN",15,12.26,"Indiana",1,c(-87.465, 41.648889)
"1081","EAST CHICAGO SANITARY DISTRICT","5201 INDIANAPOLIS BLVD","EAST CHICAGO","IN",15,12.26,"Indiana",1,c(-87.4325, 41.613333)
"1082","EAST CHICAGO SANITARY DISTRICT","5201 INDIANAPOLIS BLVD","EAST CHICAGO","IN",15,12.26,"Indiana",1,c(-87.479444, 41.616389)
"1083","FRANKFORT WWTP, CITY OF","45 W 100 N","FRANKFORT","IN",9,3.3,NA,NA,c(-86.505833, 40.300278)
"1084","GARY SANITARY DISTRICT","3600 W 3RD AVE","GARY","IN",60,43.013,"Indiana",1,c(-87.389167, 41.608333)
"1085","GARY SANITARY DISTRICT","3600 W 3RD AVE","GARY","IN",60,43.013,"Indiana",1,c(-87.375, 41.602222)
"1086","GARY SANITARY DISTRICT","3600 W 3RD AVE","GARY","IN",60,43.013,"Indiana",1,c(-87.272778, 41.594444)
"1087","GARY SANITARY DISTRICT","3600 W 3RD AVE","GARY","IN",60,43.013,"Indiana",1,c(-87.336389, 41.560833)
"1088","GARY SANITARY DISTRICT","3600 W 3RD AVE","GARY","IN",60,43.013,"Indiana",1,c(-87.325833, 41.607778)
"1089","GARY SANITARY DISTRICT","3600 W 3RD AVE","GARY","IN",60,43.013,"Indiana",1,c(-87.323611, 41.607778)
"1090","GARY SANITARY DISTRICT","3600 W 3RD AVE","GARY","IN",60,43.013,"Indiana",1,c(-87.35, 41.607778)
"1091","GARY SANITARY DISTRICT","3600 W 3RD AVE","GARY","IN",60,43.013,"Indiana",1,c(-87.3525, 41.606944)
"1092","GARY SANITARY DISTRICT","3600 W 3RD AVE","GARY","IN",60,43.013,"Indiana",1,c(-87.3725, 41.608889)
"1093","GARY SANITARY DISTRICT","3600 W 3RD AVE","GARY","IN",60,43.013,"Indiana",1,c(-87.377778, 41.606111)
"1094","GARY SANITARY DISTRICT","3600 W 3RD AVE","GARY","IN",60,43.013,"Indiana",1,c(-87.412778, 41.608889)
"1095","GARY SANITARY DISTRICT","3600 W 3RD AVE","GARY","IN",60,43.013,"Indiana",1,c(-87.318889, 41.573056)
"1096","GARY SANITARY DISTRICT","3600 W 3RD AVE","GARY","IN",60,43.013,"Indiana",1,c(-87.306111, 41.573611)
"1097","GARY SANITARY DISTRICT","3600 W 3RD AVE","GARY","IN",60,43.013,"Indiana",1,c(-87.335833, 41.560833)
"1098","GARY SANITARY DISTRICT","3600 W 3RD AVE","GARY","IN",60,43.013,"Indiana",1,c(-87.335833, 41.56)
"1099","HAMMOND WASTEWATER FACILITY","5143 COLUMBIA AVE","HAMMOND","IN",37.8,37.783,"Indiana",1,c(-87.493083, 41.616083)
"1100","HAMMOND WASTEWATER FACILITY","5143 COLUMBIA AVE","HAMMOND","IN",37.8,37.783,"Indiana",1,c(-87.513083, 41.622778)
"1101","HAMMOND WASTEWATER FACILITY","5143 COLUMBIA AVE","HAMMOND","IN",37.8,37.783,"Indiana",1,c(-87.513083, 41.622194)
"1102","HAMMOND WASTEWATER FACILITY","5143 COLUMBIA AVE","HAMMOND","IN",37.8,37.783,"Indiana",1,c(-87.461389, 41.613889)
"1103","HAMMOND WASTEWATER FACILITY","5143 COLUMBIA AVE","HAMMOND","IN",37.8,37.783,"Indiana",1,c(-87.461694, 41.569972)
"1104","HAMMOND WASTEWATER FACILITY","5143 COLUMBIA AVE","HAMMOND","IN",37.8,37.783,NA,NA,c(-87.474389, 41.568083)
"1105","HAMMOND WASTEWATER FACILITY","5143 COLUMBIA AVE","HAMMOND","IN",37.8,37.783,NA,NA,c(-87.493083, 41.568889)
"1106","HAMMOND WASTEWATER FACILITY","5143 COLUMBIA AVE","HAMMOND","IN",37.8,37.783,"Indiana",1,c(-87.504972, 41.570278)
"1107","HAMMOND WASTEWATER FACILITY","5143 COLUMBIA AVE","HAMMOND","IN",37.8,37.783,NA,NA,c(-87.513583, 41.573583)
"1108","HAMMOND WASTEWATER FACILITY","5143 COLUMBIA AVE","HAMMOND","IN",37.8,37.783,NA,NA,c(-87.524694, 41.581083)
"1109","HAMMOND WASTEWATER FACILITY","5143 COLUMBIA AVE","HAMMOND","IN",37.8,37.783,NA,NA,c(-87.522194, 41.577472)
"1110","HAMMOND WASTEWATER FACILITY","5143 COLUMBIA AVE","HAMMOND","IN",37.8,37.783,NA,NA,c(-87.485583, 41.566083)
"1111","HAMMOND WASTEWATER FACILITY","5143 COLUMBIA AVE","HAMMOND","IN",37.8,37.783,NA,NA,c(-87.485583, 41.566083)
"1112","HAMMOND WASTEWATER FACILITY","5143 COLUMBIA AVE","HAMMOND","IN",37.8,37.783,NA,NA,c(-87.484389, 41.552194)
"1113","HAMMOND WASTEWATER FACILITY","5143 COLUMBIA AVE","HAMMOND","IN",37.8,37.783,NA,NA,c(-87.486083, 41.552194)
"1114","HAMMOND WASTEWATER FACILITY","5143 COLUMBIA AVE","HAMMOND","IN",37.8,37.783,NA,NA,c(-87.487778, 41.552194)
"1115","HAMMOND WASTEWATER FACILITY","5143 COLUMBIA AVE","HAMMOND","IN",37.8,37.783,NA,NA,c(-87.490583, 41.552194)
"1116","HAMMOND WASTEWATER FACILITY","5143 COLUMBIA AVE","HAMMOND","IN",37.8,37.783,NA,NA,c(-87.495, 41.552222)
"1117","HAMMOND WASTEWATER FACILITY","5143 COLUMBIA AVE","HAMMOND","IN",37.8,37.783,NA,NA,c(-87.495, 41.551389)
"1118","HAMMOND WASTEWATER FACILITY","5143 COLUMBIA AVE","HAMMOND","IN",37.8,37.783,NA,NA,c(-87.497222, 41.552222)
"1119","HAMMOND WASTEWATER FACILITY","5143 COLUMBIA AVE","HAMMOND","IN",37.8,37.783,NA,NA,c(-87.505833, 41.519722)
"1120","HUNTINGTON WWTP","20 HITZFIELD ST","HUNTINGTON","IN",7.5,NA,NA,NA,c(-85.531944, 40.876667)
"1121","HUNTINGTON WWTP","20 HITZFIELD ST","HUNTINGTON","IN",7.5,NA,NA,NA,c(-85.499056, 40.878806)
"1122","HUNTINGTON WWTP","20 HITZFIELD ST","HUNTINGTON","IN",7.5,NA,NA,NA,c(-85.504, 40.877083)
"1123","HUNTINGTON WWTP","20 HITZFIELD ST","HUNTINGTON","IN",7.5,NA,NA,NA,c(-85.503333, 40.876111)
"1124","HUNTINGTON WWTP","20 HITZFIELD ST","HUNTINGTON","IN",7.5,NA,NA,NA,c(-85.498611, 40.878056)
"1125","HUNTINGTON WWTP","20 HITZFIELD ST","HUNTINGTON","IN",7.5,NA,"Indiana",1,c(-85.492778, 40.879194)
"1126","HUNTINGTON WWTP","20 HITZFIELD ST","HUNTINGTON","IN",7.5,NA,NA,NA,c(-85.494389, 40.879889)
"1127","HUNTINGTON WWTP","20 HITZFIELD ST","HUNTINGTON","IN",7.5,NA,NA,NA,c(-85.496111, 40.880556)
"1128","HUNTINGTON WWTP","20 HITZFIELD ST","HUNTINGTON","IN",7.5,NA,NA,NA,c(-85.494944, 40.881917)
"1129","HUNTINGTON WWTP","20 HITZFIELD ST","HUNTINGTON","IN",7.5,NA,NA,NA,c(-85.4935, 40.882083)
"1130","HUNTINGTON WWTP","20 HITZFIELD ST","HUNTINGTON","IN",7.5,NA,NA,NA,c(-85.493611, 40.882222)
"1131","HUNTINGTON WWTP","20 HITZFIELD ST","HUNTINGTON","IN",7.5,NA,NA,NA,c(-85.492944, 40.883083)
"1132","HUNTINGTON WWTP","20 HITZFIELD ST","HUNTINGTON","IN",7.5,NA,NA,NA,c(-85.491889, 40.883611)
"1133","HUNTINGTON WWTP","20 HITZFIELD ST","HUNTINGTON","IN",7.5,NA,"Indiana",1,c(-85.490194, 40.884472)
"1134","HUNTINGTON WWTP","20 HITZFIELD ST","HUNTINGTON","IN",7.5,NA,NA,NA,c(-85.490528, 40.889972)
"1135","INDIANAPOLIS BELMONT & SOUTHPORT ADVANCED  WTP","2700 S BELMONT AVE","INDIANAPOLIS","IN",125,107,"Indiana",1,c(-86.224806, 39.669694)
"1136","INDIANAPOLIS BELMONT & SOUTHPORT ADVANCED  WTP","2700 S BELMONT AVE","INDIANAPOLIS","IN",125,107,"Indiana",1,c(-86.188056, 39.728222)
"1137","INDIANAPOLIS BELMONT & SOUTHPORT ADVANCED  WTP","2700 S BELMONT AVE","INDIANAPOLIS","IN",125,107,"Indiana",1,c(-86.201083, 39.743444)
"1138","INDIANAPOLIS BELMONT & SOUTHPORT ADVANCED  WTP","2700 S BELMONT AVE","INDIANAPOLIS","IN",125,107,"Indiana",1,c(-86.169361, 39.736639)
"1139","INDIANAPOLIS BELMONT & SOUTHPORT ADVANCED  WTP","2700 S BELMONT AVE","INDIANAPOLIS","IN",125,107,"Indiana",1,c(-86.168167, 39.742083)
"1140","INDIANAPOLIS BELMONT & SOUTHPORT ADVANCED  WTP","2700 S BELMONT AVE","INDIANAPOLIS","IN",125,107,"Indiana",1,c(-86.173889, 39.747444)
"1141","INDIANAPOLIS BELMONT & SOUTHPORT ADVANCED  WTP","2700 S BELMONT AVE","INDIANAPOLIS","IN",125,107,"Indiana",1,c(-86.141889, 39.729944)
"1142","INDIANAPOLIS BELMONT & SOUTHPORT ADVANCED  WTP","2700 S BELMONT AVE","INDIANAPOLIS","IN",125,107,"Indiana",1,c(-86.139583, 39.728861)
"1143","INDIANAPOLIS BELMONT & SOUTHPORT ADVANCED  WTP","2700 S BELMONT AVE","INDIANAPOLIS","IN",125,107,"Indiana",1,c(-86.134472, 39.728944)
"1144","INDIANAPOLIS BELMONT & SOUTHPORT ADVANCED  WTP","2700 S BELMONT AVE","INDIANAPOLIS","IN",125,107,"Indiana",1,c(-86.158028, 39.732028)
"1145","INDIANAPOLIS BELMONT & SOUTHPORT ADVANCED  WTP","2700 S BELMONT AVE","INDIANAPOLIS","IN",125,107,"Indiana",1,c(-86.156444, 39.732778)
"1146","INDIANAPOLIS BELMONT & SOUTHPORT ADVANCED  WTP","2700 S BELMONT AVE","INDIANAPOLIS","IN",125,107,"Indiana",1,c(-86.151778, 39.734889)
"1147","INDIANAPOLIS BELMONT & SOUTHPORT ADVANCED  WTP","2700 S BELMONT AVE","INDIANAPOLIS","IN",125,107,"Indiana",1,c(-86.146333, 39.737167)
"1148","INDIANAPOLIS BELMONT & SOUTHPORT ADVANCED  WTP","2700 S BELMONT AVE","INDIANAPOLIS","IN",125,107,"Indiana",1,c(-86.142944, 39.743694)
"1149","INDIANAPOLIS BELMONT & SOUTHPORT ADVANCED  WTP","2700 S BELMONT AVE","INDIANAPOLIS","IN",125,107,"Indiana",1,c(-86.139889, 39.744806)
"1150","INDIANAPOLIS BELMONT & SOUTHPORT ADVANCED  WTP","2700 S BELMONT AVE","INDIANAPOLIS","IN",125,107,"Indiana",1,c(-86.134944, 39.747472)
"1151","INDIANAPOLIS BELMONT & SOUTHPORT ADVANCED  WTP","2700 S BELMONT AVE","INDIANAPOLIS","IN",125,107,"Indiana",1,c(-86.130639, 39.749556)
"1152","INDIANAPOLIS BELMONT & SOUTHPORT ADVANCED  WTP","2700 S BELMONT AVE","INDIANAPOLIS","IN",125,107,"Indiana",1,c(-86.127694, 39.748917)
"1153","INDIANAPOLIS BELMONT & SOUTHPORT ADVANCED  WTP","2700 S BELMONT AVE","INDIANAPOLIS","IN",125,107,"Indiana",1,c(-86.127167, 39.748528)
"1154","INDIANAPOLIS BELMONT & SOUTHPORT ADVANCED  WTP","2700 S BELMONT AVE","INDIANAPOLIS","IN",125,107,"Indiana",1,c(-86.124472, 39.749333)
"1155","INDIANAPOLIS BELMONT & SOUTHPORT ADVANCED  WTP","2700 S BELMONT AVE","INDIANAPOLIS","IN",125,107,"Indiana",1,c(-86.207361, 39.750306)
"1156","INDIANAPOLIS BELMONT & SOUTHPORT ADVANCED  WTP","2700 S BELMONT AVE","INDIANAPOLIS","IN",125,107,"Indiana",1,c(-86.221944, 39.771639)
"1157","INDIANAPOLIS BELMONT & SOUTHPORT ADVANCED  WTP","2700 S BELMONT AVE","INDIANAPOLIS","IN",125,107,NA,NA,c(-86.139028, 39.77375)
"1158","INDIANAPOLIS BELMONT & SOUTHPORT ADVANCED  WTP","2700 S BELMONT AVE","INDIANAPOLIS","IN",125,107,NA,NA,c(-86.132972, 39.78125)
"1159","INDIANAPOLIS BELMONT & SOUTHPORT ADVANCED  WTP","2700 S BELMONT AVE","INDIANAPOLIS","IN",125,107,"Indiana",1,c(-86.126222, 39.785667)
"1160","INDIANAPOLIS BELMONT & SOUTHPORT ADVANCED  WTP","2700 S BELMONT AVE","INDIANAPOLIS","IN",125,107,NA,NA,c(-86.172944, 39.767417)
"1161","INDIANAPOLIS BELMONT & SOUTHPORT ADVANCED  WTP","2700 S BELMONT AVE","INDIANAPOLIS","IN",125,107,NA,NA,c(-86.175944, 39.769028)
"1162","INDIANAPOLIS BELMONT & SOUTHPORT ADVANCED  WTP","2700 S BELMONT AVE","INDIANAPOLIS","IN",125,107,"Indiana",1,c(-86.179639, 39.720528)
"1163","INDIANAPOLIS BELMONT & SOUTHPORT ADVANCED  WTP","2700 S BELMONT AVE","INDIANAPOLIS","IN",125,107,"Indiana",1,c(-86.186806, 39.771639)
"1164","INDIANAPOLIS BELMONT & SOUTHPORT ADVANCED  WTP","2700 S BELMONT AVE","INDIANAPOLIS","IN",125,107,"Indiana",1,c(-86.189361, 39.774639)
"1165","INDIANAPOLIS BELMONT & SOUTHPORT ADVANCED  WTP","2700 S BELMONT AVE","INDIANAPOLIS","IN",125,107,"Indiana",1,c(-86.191361, 39.778806)
"1166","INDIANAPOLIS BELMONT & SOUTHPORT ADVANCED  WTP","2700 S BELMONT AVE","INDIANAPOLIS","IN",125,107,"Indiana",1,c(-86.187528, 39.785806)
"1167","INDIANAPOLIS BELMONT & SOUTHPORT ADVANCED  WTP","2700 S BELMONT AVE","INDIANAPOLIS","IN",125,107,"Indiana",1,c(-86.190972, 39.786361)
"1168","INDIANAPOLIS BELMONT & SOUTHPORT ADVANCED  WTP","2700 S BELMONT AVE","INDIANAPOLIS","IN",125,107,"Indiana",1,c(-86.194528, 39.785917)
"1169","INDIANAPOLIS BELMONT & SOUTHPORT ADVANCED  WTP","2700 S BELMONT AVE","INDIANAPOLIS","IN",125,107,"Indiana",1,c(-86.201806, 39.793833)
"1170","INDIANAPOLIS BELMONT & SOUTHPORT ADVANCED  WTP","2700 S BELMONT AVE","INDIANAPOLIS","IN",125,107,"Indiana",1,c(-86.177306, 39.781833)
"1171","INDIANAPOLIS BELMONT & SOUTHPORT ADVANCED  WTP","2700 S BELMONT AVE","INDIANAPOLIS","IN",125,107,"Indiana",1,c(-86.175556, 39.800306)
"1172","INDIANAPOLIS BELMONT & SOUTHPORT ADVANCED  WTP","2700 S BELMONT AVE","INDIANAPOLIS","IN",125,107,NA,NA,c(-86.162333, 39.797278)
"1173","INDIANAPOLIS BELMONT & SOUTHPORT ADVANCED  WTP","2700 S BELMONT AVE","INDIANAPOLIS","IN",125,107,"Indiana",1,c(-86.162694, 39.801583)
"1174","INDIANAPOLIS BELMONT & SOUTHPORT ADVANCED  WTP","2700 S BELMONT AVE","INDIANAPOLIS","IN",125,107,"Indiana",1,c(-86.158972, 39.802778)
"1175","INDIANAPOLIS BELMONT & SOUTHPORT ADVANCED  WTP","2700 S BELMONT AVE","INDIANAPOLIS","IN",125,107,"Indiana",1,c(-86.156722, 39.803722)
"1176","INDIANAPOLIS BELMONT & SOUTHPORT ADVANCED  WTP","2700 S BELMONT AVE","INDIANAPOLIS","IN",125,107,"Indiana",1,c(-86.155417, 39.8045)
"1177","INDIANAPOLIS BELMONT & SOUTHPORT ADVANCED  WTP","2700 S BELMONT AVE","INDIANAPOLIS","IN",125,107,"Indiana",1,c(-86.151722, 39.80575)
"1178","INDIANAPOLIS BELMONT & SOUTHPORT ADVANCED  WTP","2700 S BELMONT AVE","INDIANAPOLIS","IN",125,107,"Indiana",1,c(-86.150694, 39.80575)
"1179","INDIANAPOLIS BELMONT & SOUTHPORT ADVANCED  WTP","2700 S BELMONT AVE","INDIANAPOLIS","IN",125,107,"Indiana",1,c(-86.149417, 39.805833)
"1180","INDIANAPOLIS BELMONT & SOUTHPORT ADVANCED  WTP","2700 S BELMONT AVE","INDIANAPOLIS","IN",125,107,"Indiana",1,c(-86.148917, 39.805444)
"1181","INDIANAPOLIS BELMONT & SOUTHPORT ADVANCED  WTP","2700 S BELMONT AVE","INDIANAPOLIS","IN",125,107,"Indiana",1,c(-86.148083, 39.806389)
"1182","INDIANAPOLIS BELMONT & SOUTHPORT ADVANCED  WTP","2700 S BELMONT AVE","INDIANAPOLIS","IN",125,107,"Indiana",1,c(-86.141917, 39.810389)
"1183","INDIANAPOLIS BELMONT & SOUTHPORT ADVANCED  WTP","2700 S BELMONT AVE","INDIANAPOLIS","IN",125,107,"Indiana",1,c(-86.143472, 39.813972)
"1184","INDIANAPOLIS BELMONT & SOUTHPORT ADVANCED  WTP","2700 S BELMONT AVE","INDIANAPOLIS","IN",125,107,"Indiana",1,c(-86.139444, 39.816722)
"1185","INDIANAPOLIS BELMONT & SOUTHPORT ADVANCED  WTP","2700 S BELMONT AVE","INDIANAPOLIS","IN",125,107,"Indiana",1,c(-86.137472, 39.817722)
"1186","INDIANAPOLIS BELMONT & SOUTHPORT ADVANCED  WTP","2700 S BELMONT AVE","INDIANAPOLIS","IN",125,107,"Indiana",1,c(-86.136056, 39.821)
"1187","INDIANAPOLIS BELMONT & SOUTHPORT ADVANCED  WTP","2700 S BELMONT AVE","INDIANAPOLIS","IN",125,107,"Indiana",1,c(-86.122306, 39.749972)
"1188","INDIANAPOLIS BELMONT & SOUTHPORT ADVANCED  WTP","2700 S BELMONT AVE","INDIANAPOLIS","IN",125,107,"Indiana",1,c(-86.120889, 39.7505)
"1189","INDIANAPOLIS BELMONT & SOUTHPORT ADVANCED  WTP","2700 S BELMONT AVE","INDIANAPOLIS","IN",125,107,"Indiana",1,c(-86.120889, 39.752417)
"1190","INDIANAPOLIS BELMONT & SOUTHPORT ADVANCED  WTP","2700 S BELMONT AVE","INDIANAPOLIS","IN",125,107,"Indiana",1,c(-86.108556, 39.757944)
"1191","INDIANAPOLIS BELMONT & SOUTHPORT ADVANCED  WTP","2700 S BELMONT AVE","INDIANAPOLIS","IN",125,107,"Indiana",1,c(-86.104944, 39.75975)
"1192","INDIANAPOLIS BELMONT & SOUTHPORT ADVANCED  WTP","2700 S BELMONT AVE","INDIANAPOLIS","IN",125,107,"Indiana",1,c(-86.102056, 39.763056)
"1193","INDIANAPOLIS BELMONT & SOUTHPORT ADVANCED  WTP","2700 S BELMONT AVE","INDIANAPOLIS","IN",125,107,"Indiana",1,c(-86.095306, 39.763944)
"1194","INDIANAPOLIS BELMONT & SOUTHPORT ADVANCED  WTP","2700 S BELMONT AVE","INDIANAPOLIS","IN",125,107,"Indiana",1,c(-86.092944, 39.767528)
"1195","INDIANAPOLIS BELMONT & SOUTHPORT ADVANCED  WTP","2700 S BELMONT AVE","INDIANAPOLIS","IN",125,107,"Indiana",1,c(-86.088583, 39.76725)
"1196","INDIANAPOLIS BELMONT & SOUTHPORT ADVANCED  WTP","2700 S BELMONT AVE","INDIANAPOLIS","IN",125,107,"Indiana",1,c(-86.085889, 39.769528)
"1197","INDIANAPOLIS BELMONT & SOUTHPORT ADVANCED  WTP","2700 S BELMONT AVE","INDIANAPOLIS","IN",125,107,NA,NA,c(-86.079889, 39.773139)
"1198","INDIANAPOLIS BELMONT & SOUTHPORT ADVANCED  WTP","2700 S BELMONT AVE","INDIANAPOLIS","IN",125,107,NA,NA,c(-86.07775, 39.7755)
"1199","INDIANAPOLIS BELMONT & SOUTHPORT ADVANCED  WTP","2700 S BELMONT AVE","INDIANAPOLIS","IN",125,107,NA,NA,c(-86.073778, 39.775694)
"1200","INDIANAPOLIS BELMONT & SOUTHPORT ADVANCED  WTP","2700 S BELMONT AVE","INDIANAPOLIS","IN",125,107,NA,NA,c(-86.073806, 39.775806)
"1201","INDIANAPOLIS BELMONT & SOUTHPORT ADVANCED  WTP","2700 S BELMONT AVE","INDIANAPOLIS","IN",125,107,NA,NA,c(-86.069833, 39.776444)
"1202","INDIANAPOLIS BELMONT & SOUTHPORT ADVANCED  WTP","2700 S BELMONT AVE","INDIANAPOLIS","IN",125,107,NA,NA,c(-86.068278, 39.775833)
"1203","INDIANAPOLIS BELMONT & SOUTHPORT ADVANCED  WTP","2700 S BELMONT AVE","INDIANAPOLIS","IN",125,107,NA,NA,c(-86.064028, 39.775972)
"1204","INDIANAPOLIS BELMONT & SOUTHPORT ADVANCED  WTP","2700 S BELMONT AVE","INDIANAPOLIS","IN",125,107,NA,NA,c(-86.060139, 39.775056)
"1205","INDIANAPOLIS BELMONT & SOUTHPORT ADVANCED  WTP","2700 S BELMONT AVE","INDIANAPOLIS","IN",125,107,NA,NA,c(-86.058194, 39.775361)
"1206","INDIANAPOLIS BELMONT & SOUTHPORT ADVANCED  WTP","2700 S BELMONT AVE","INDIANAPOLIS","IN",125,107,NA,NA,c(-86.057556, 39.7755)
"1207","INDIANAPOLIS BELMONT & SOUTHPORT ADVANCED  WTP","2700 S BELMONT AVE","INDIANAPOLIS","IN",125,107,"Indiana",1,c(-86.124222, 39.786556)
"1208","INDIANAPOLIS BELMONT & SOUTHPORT ADVANCED  WTP","2700 S BELMONT AVE","INDIANAPOLIS","IN",125,107,"Indiana",1,c(-86.12425, 39.786639)
"1209","INDIANAPOLIS BELMONT & SOUTHPORT ADVANCED  WTP","2700 S BELMONT AVE","INDIANAPOLIS","IN",125,107,"Indiana",1,c(-86.120667, 39.786306)
"1210","INDIANAPOLIS BELMONT & SOUTHPORT ADVANCED  WTP","2700 S BELMONT AVE","INDIANAPOLIS","IN",125,107,"Indiana",1,c(-86.119611, 39.786083)
"1211","INDIANAPOLIS BELMONT & SOUTHPORT ADVANCED  WTP","2700 S BELMONT AVE","INDIANAPOLIS","IN",125,107,"Indiana",1,c(-86.118083, 39.785611)
"1212","INDIANAPOLIS BELMONT & SOUTHPORT ADVANCED  WTP","2700 S BELMONT AVE","INDIANAPOLIS","IN",125,107,"Indiana",1,c(-86.117306, 39.78575)
"1213","INDIANAPOLIS BELMONT & SOUTHPORT ADVANCED  WTP","2700 S BELMONT AVE","INDIANAPOLIS","IN",125,107,"Indiana",1,c(-86.103917, 39.791639)
"1214","INDIANAPOLIS BELMONT & SOUTHPORT ADVANCED  WTP","2700 S BELMONT AVE","INDIANAPOLIS","IN",125,107,"Indiana",1,c(-86.100722, 39.792278)
"1215","INDIANAPOLIS BELMONT & SOUTHPORT ADVANCED  WTP","2700 S BELMONT AVE","INDIANAPOLIS","IN",125,107,"Indiana",1,c(-86.102778, 39.828861)
"1216","INDIANAPOLIS BELMONT & SOUTHPORT ADVANCED  WTP","2700 S BELMONT AVE","INDIANAPOLIS","IN",125,107,"Indiana",1,c(-86.125028, 39.748833)
"1217","INDIANAPOLIS BELMONT & SOUTHPORT ADVANCED  WTP","2700 S BELMONT AVE","INDIANAPOLIS","IN",125,107,"Indiana",1,c(-86.123222, 39.749472)
"1218","INDIANAPOLIS BELMONT & SOUTHPORT ADVANCED  WTP","2700 S BELMONT AVE","INDIANAPOLIS","IN",125,107,"Indiana",1,c(-86.12325, 39.749472)
"1219","INDIANAPOLIS BELMONT & SOUTHPORT ADVANCED  WTP","2700 S BELMONT AVE","INDIANAPOLIS","IN",125,107,"Indiana",1,c(-86.124278, 39.749444)
"1220","INDIANAPOLIS BELMONT & SOUTHPORT ADVANCED  WTP","2700 S BELMONT AVE","INDIANAPOLIS","IN",125,107,NA,NA,c(-86.172333, 39.756222)
"1221","INDIANAPOLIS BELMONT & SOUTHPORT ADVANCED  WTP","2700 S BELMONT AVE","INDIANAPOLIS","IN",125,107,NA,NA,c(-86.172861, 39.7545)
"1222","INDIANAPOLIS BELMONT & SOUTHPORT ADVANCED  WTP","2700 S BELMONT AVE","INDIANAPOLIS","IN",125,107,"Indiana",1,c(-86.174, 39.729611)
"1223","INDIANAPOLIS BELMONT & SOUTHPORT ADVANCED  WTP","2700 S BELMONT AVE","INDIANAPOLIS","IN",125,107,"Indiana",1,c(-86.168917, 39.744083)
"1224","INDIANAPOLIS BELMONT & SOUTHPORT ADVANCED  WTP","2700 S BELMONT AVE","INDIANAPOLIS","IN",125,107,"Indiana",1,c(-86.142639, 39.741694)
"1225","INDIANAPOLIS BELMONT & SOUTHPORT ADVANCED  WTP","2700 S BELMONT AVE","INDIANAPOLIS","IN",125,107,"Indiana",1,c(-86.165972, 39.729472)
"1226","INDIANAPOLIS BELMONT & SOUTHPORT ADVANCED  WTP","2700 S BELMONT AVE","INDIANAPOLIS","IN",125,107,NA,NA,c(-86.15825, 39.761472)
"1227","INDIANAPOLIS BELMONT & SOUTHPORT ADVANCED  WTP","2700 S BELMONT AVE","INDIANAPOLIS","IN",125,107,"Indiana",1,c(-86.130528, 39.749417)
"1228","INDIANAPOLIS BELMONT & SOUTHPORT ADVANCED  WTP","2700 S BELMONT AVE","INDIANAPOLIS","IN",125,107,NA,NA,c(-86.163667, 39.759167)
"1229","INDIANAPOLIS BELMONT & SOUTHPORT ADVANCED  WTP","2700 S BELMONT AVE","INDIANAPOLIS","IN",125,107,NA,NA,c(-86.158611, 39.759333)
"1230","INDIANAPOLIS BELMONT & SOUTHPORT ADVANCED  WTP","2700 S BELMONT AVE","INDIANAPOLIS","IN",125,107,"Indiana",1,c(-86.151833, 39.734778)
"1231","INDIANAPOLIS BELMONT & SOUTHPORT ADVANCED  WTP","2700 S BELMONT AVE","INDIANAPOLIS","IN",125,107,"Indiana",1,c(-86.161528, 39.802361)
"1232","INDIANAPOLIS BELMONT & SOUTHPORT ADVANCED  WTP","2700 S BELMONT AVE","INDIANAPOLIS","IN",125,107,NA,NA,c(-86.155444, 39.804083)
"1233","INDIANAPOLIS BELMONT & SOUTHPORT ADVANCED  WTP","2700 S BELMONT AVE","INDIANAPOLIS","IN",125,107,NA,NA,c(-86.144611, 39.768111)
"1234","INDIANAPOLIS BELMONT & SOUTHPORT ADVANCED  WTP","2700 S BELMONT AVE","INDIANAPOLIS","IN",125,107,"Indiana",1,c(-86.129222, 39.826722)
"1235","INDIANAPOLIS BELMONT & SOUTHPORT ADVANCED  WTP","2700 S BELMONT AVE","INDIANAPOLIS","IN",125,107,NA,NA,c(-86.1405, 39.771083)
"1236","INDIANAPOLIS BELMONT & SOUTHPORT ADVANCED  WTP","2700 S BELMONT AVE","INDIANAPOLIS","IN",125,107,NA,NA,c(-86.142028, 39.769472)
"1237","INDIANAPOLIS BELMONT & SOUTHPORT ADVANCED  WTP","2700 S BELMONT AVE","INDIANAPOLIS","IN",125,107,NA,NA,c(-86.145806, 39.766778)
"1238","INDIANAPOLIS BELMONT & SOUTHPORT ADVANCED  WTP","2700 S BELMONT AVE","INDIANAPOLIS","IN",125,107,"Indiana",1,c(-86.130861, 39.825722)
"1239","INDIANAPOLIS BELMONT & SOUTHPORT ADVANCED  WTP","2700 S BELMONT AVE","INDIANAPOLIS","IN",125,107,"Indiana",1,c(-86.138722, 39.81725)
"1240","INDIANAPOLIS BELMONT & SOUTHPORT ADVANCED  WTP","2700 S BELMONT AVE","INDIANAPOLIS","IN",125,107,"Indiana",1,c(-86.098444, 39.795861)
"1241","INDIANAPOLIS BELMONT & SOUTHPORT ADVANCED  WTP","2700 S BELMONT AVE","INDIANAPOLIS","IN",125,107,"Indiana",1,c(-86.196389, 39.735944)
"1242","INDIANAPOLIS BELMONT & SOUTHPORT ADVANCED  WTP","2700 S BELMONT AVE","INDIANAPOLIS","IN",125,107,"Indiana",1,c(-86.188111, 39.772972)
"1243","INDIANAPOLIS BELMONT & SOUTHPORT ADVANCED  WTP","2700 S BELMONT AVE","INDIANAPOLIS","IN",125,107,"Indiana",1,c(-86.154556, 39.733778)
"1244","INDIANAPOLIS BELMONT & SOUTHPORT ADVANCED  WTP","2700 S BELMONT AVE","INDIANAPOLIS","IN",125,107,"Indiana",1,c(-86.146528, 39.737333)
"1245","INDIANAPOLIS BELMONT & SOUTHPORT ADVANCED  WTP","2700 S BELMONT AVE","INDIANAPOLIS","IN",125,107,"Indiana",1,c(-86.147056, 39.736722)
"1246","INDIANAPOLIS BELMONT & SOUTHPORT ADVANCED  WTP","2700 S BELMONT AVE","INDIANAPOLIS","IN",125,107,"Indiana",1,c(-86.142778, 39.741694)
"1247","INDIANAPOLIS BELMONT & SOUTHPORT ADVANCED  WTP","2700 S BELMONT AVE","INDIANAPOLIS","IN",125,107,NA,NA,c(-86.142417, 39.769472)
"1248","INDIANAPOLIS BELMONT & SOUTHPORT ADVANCED  WTP","2700 S BELMONT AVE","INDIANAPOLIS","IN",125,107,NA,NA,c(-86.16025, 39.759361)
"1249","INDIANAPOLIS BELMONT & SOUTHPORT ADVANCED  WTP","2700 S BELMONT AVE","INDIANAPOLIS","IN",125,107,NA,NA,c(-86.078583, 39.774806)
"1250","INDIANAPOLIS BELMONT & SOUTHPORT ADVANCED  WTP","2700 S BELMONT AVE","INDIANAPOLIS","IN",125,107,NA,NA,c(-86.163056, 39.854028)
"1251","INDIANAPOLIS BELMONT & SOUTHPORT ADVANCED  WTP","2700 S BELMONT AVE","INDIANAPOLIS","IN",125,107,NA,NA,c(-86.164306, 39.852694)
"1252","INDIANAPOLIS BELMONT & SOUTHPORT ADVANCED  WTP","2700 S BELMONT AVE","INDIANAPOLIS","IN",125,107,NA,NA,c(-86.153167, 39.875056)
"1253","INDIANAPOLIS BELMONT & SOUTHPORT ADVANCED  WTP","2700 S BELMONT AVE","INDIANAPOLIS","IN",125,107,NA,NA,c(-86.164389, 39.852667)
"1254","INDIANAPOLIS BELMONT & SOUTHPORT ADVANCED  WTP","2700 S BELMONT AVE","INDIANAPOLIS","IN",125,107,"Indiana",1,c(-86.176639, 39.781444)
"1255","INDIANAPOLIS BELMONT & SOUTHPORT ADVANCED  WTP","2700 S BELMONT AVE","INDIANAPOLIS","IN",125,107,"Indiana",1,c(-86.142861, 39.808694)
"1256","INDIANAPOLIS BELMONT & SOUTHPORT ADVANCED  WTP","2700 S BELMONT AVE","INDIANAPOLIS","IN",125,107,"Indiana",1,c(-86.125389, 39.83225)
"1257","INDIANAPOLIS BELMONT & SOUTHPORT ADVANCED  WTP","2700 S BELMONT AVE","INDIANAPOLIS","IN",125,107,"Indiana",1,c(-86.232917, 39.726083)
"1258","INDIANAPOLIS BELMONT & SOUTHPORT ADVANCED  WTP","2700 S BELMONT AVE","INDIANAPOLIS","IN",125,107,"Indiana",1,c(-86.237278, 39.727)
"1259","INDIANAPOLIS BELMONT & SOUTHPORT ADVANCED  WTP","2700 S BELMONT AVE","INDIANAPOLIS","IN",125,107,"Indiana",1,c(-86.210528, 39.759694)
"1260","INDIANAPOLIS BELMONT & SOUTHPORT ADVANCED  WTP","2700 S BELMONT AVE","INDIANAPOLIS","IN",125,107,"Indiana",1,c(-86.084361, 39.770278)
"1261","INDIANAPOLIS BELMONT & SOUTHPORT ADVANCED  WTP","2700 S BELMONT AVE","INDIANAPOLIS","IN",125,107,"Indiana",1,c(-86.094194, 39.767056)
"1262","INDIANAPOLIS BELMONT & SOUTHPORT ADVANCED  WTP","2700 S BELMONT AVE","INDIANAPOLIS","IN",125,107,NA,NA,c(-86.070889, 39.776778)
"1263","INDIANAPOLIS BELMONT & SOUTHPORT ADVANCED  WTP","2700 S BELMONT AVE","INDIANAPOLIS","IN",125,107,NA,NA,c(-86.068528, 39.775806)
"1264","INDIANAPOLIS BELMONT & SOUTHPORT ADVANCED  WTP","2700 S BELMONT AVE","INDIANAPOLIS","IN",125,107,NA,NA,c(-86.064222, 39.775833)
"1265","INDIANAPOLIS BELMONT & SOUTHPORT ADVANCED  WTP","2700 S BELMONT AVE","INDIANAPOLIS","IN",125,107,"Indiana",1,c(-86.138556, 39.697667)
"1266","INDIANAPOLIS BELMONT & SOUTHPORT ADVANCED  WTP","2700 S BELMONT AVE","INDIANAPOLIS","IN",125,107,NA,NA,c(-86.222972, 39.691944)
"1267","INDIANAPOLIS BELMONT & SOUTHPORT ADVANCED  WTP","2700 S BELMONT AVE","INDIANAPOLIS","IN",125,107,NA,NA,c(-86.064, 39.775917)
"1268","INDIANAPOLIS BELMONT & SOUTHPORT ADVANCED  WTP","2700 S BELMONT AVE","INDIANAPOLIS","IN",125,107,NA,NA,c(-86.145694, 39.766917)
"1269","INDIANAPOLIS BELMONT & SOUTHPORT ADVANCED  WTP","2700 S BELMONT AVE","INDIANAPOLIS","IN",125,107,"Indiana",1,c(-86.174417, 39.800528)
"1270","INDIANAPOLIS BELMONT & SOUTHPORT ADVANCED  WTP","2700 S BELMONT AVE","INDIANAPOLIS","IN",125,107,"Indiana",1,c(-86.143528, 39.813917)
"1271","JEFFERSONVILLE DOWNTOWN WWTP","1400 PENNSYLVANIA AVE","JEFFERSONVILLE","IN",9,5.35,NA,NA,c(-85.750806, 38.269556)
"1272","JEFFERSONVILLE DOWNTOWN WWTP","1400 PENNSYLVANIA AVE","JEFFERSONVILLE","IN",9,5.35,NA,NA,c(-85.747444, 38.267583)
"1273","JEFFERSONVILLE DOWNTOWN WWTP","1400 PENNSYLVANIA AVE","JEFFERSONVILLE","IN",9,5.35,NA,NA,c(-85.743083, 38.267667)
"1274","JEFFERSONVILLE DOWNTOWN WWTP","1400 PENNSYLVANIA AVE","JEFFERSONVILLE","IN",9,5.35,NA,NA,c(-85.738444, 38.269194)
"1275","JEFFERSONVILLE DOWNTOWN WWTP","1400 PENNSYLVANIA AVE","JEFFERSONVILLE","IN",9,5.35,NA,NA,c(-85.73725, 38.269861)
"1276","JEFFERSONVILLE DOWNTOWN WWTP","1400 PENNSYLVANIA AVE","JEFFERSONVILLE","IN",9,5.35,NA,NA,c(-85.734806, 38.271139)
"1277","JEFFERSONVILLE DOWNTOWN WWTP","1400 PENNSYLVANIA AVE","JEFFERSONVILLE","IN",9,5.35,"Indiana",1,c(-85.733222, 38.273639)
"1278","JEFFERSONVILLE DOWNTOWN WWTP","1400 PENNSYLVANIA AVE","JEFFERSONVILLE","IN",9,5.35,"Indiana",1,c(-85.728944, 38.27575)
"1279","JEFFERSONVILLE DOWNTOWN WWTP","1400 PENNSYLVANIA AVE","JEFFERSONVILLE","IN",9,5.35,"Indiana",1,c(-85.726861, 38.276861)
"1280","JEFFERSONVILLE DOWNTOWN WWTP","1400 PENNSYLVANIA AVE","JEFFERSONVILLE","IN",9,5.35,NA,NA,c(-85.713111, 38.284444)
"1281","JEFFERSONVILLE DOWNTOWN WWTP","1400 PENNSYLVANIA AVE","JEFFERSONVILLE","IN",9,5.35,NA,NA,c(-85.717444, 38.295694)
"1282","JEFFERSONVILLE DOWNTOWN WWTP","1400 PENNSYLVANIA AVE","JEFFERSONVILLE","IN",9,5.35,"Indiana",1,c(-85.723972, 38.294611)
"1283","JEFFERSONVILLE DOWNTOWN WWTP","1400 PENNSYLVANIA AVE","JEFFERSONVILLE","IN",9,5.35,"Indiana",1,c(-85.747833, 38.2795)
"1284","JEFFERSONVILLE DOWNTOWN WWTP","1400 PENNSYLVANIA AVE","JEFFERSONVILLE","IN",9,5.35,"Indiana",1,c(-85.733056, 38.273611)
"1285","JEFFERSONVILLE DOWNTOWN WWTP","1400 PENNSYLVANIA AVE","JEFFERSONVILLE","IN",9,5.35,NA,NA,c(-85.736944, 38.269722)
"1286","JEFFERSONVILLE DOWNTOWN WWTP","1400 PENNSYLVANIA AVE","JEFFERSONVILLE","IN",9,5.35,"Indiana",1,c(-85.731944, 38.272222)
"1287","LIGONIER WWTP","305 BRANCH ST","LIGONIER","IN",1.5,0.45,NA,NA,c(-85.598694, 41.467389)
"1288","LIGONIER WWTP","305 BRANCH ST","LIGONIER","IN",1.5,0.45,NA,NA,c(-85.592944, 41.465944)
"1289","LIGONIER WWTP","305 BRANCH ST","LIGONIER","IN",1.5,0.45,NA,NA,c(-85.597806, 41.451306)
"1290","LIGONIER WWTP","305 BRANCH ST","LIGONIER","IN",1.5,0.45,NA,NA,c(-85.5915, 41.466361)
"1291","LIGONIER WWTP","305 BRANCH ST","LIGONIER","IN",1.5,0.45,NA,NA,c(-85.587778, 41.466944)
"1292","LOGANSPORT MUNICIPAL WWTP","1400 W WABASH AVE","LOGANSPORT","IN",9,5.92,NA,NA,c(-86.387806, 40.747528)
"1293","LOGANSPORT MUNICIPAL WWTP","1400 W WABASH AVE","LOGANSPORT","IN",9,5.92,"Indiana",1,c(-86.386472, 40.747194)
"1294","LOGANSPORT MUNICIPAL WWTP","1400 W WABASH AVE","LOGANSPORT","IN",9,5.92,"Indiana",1,c(-86.378111, 40.747944)
"1295","LOGANSPORT MUNICIPAL WWTP","1400 W WABASH AVE","LOGANSPORT","IN",9,5.92,"Indiana",1,c(-86.374917, 40.749333)
"1296","LOGANSPORT MUNICIPAL WWTP","1400 W WABASH AVE","LOGANSPORT","IN",9,5.92,"Indiana",1,c(-86.369083, 40.756167)
"1297","LOGANSPORT MUNICIPAL WWTP","1400 W WABASH AVE","LOGANSPORT","IN",9,5.92,"Indiana",1,c(-86.36875, 40.756472)
"1298","LOGANSPORT MUNICIPAL WWTP","1400 W WABASH AVE","LOGANSPORT","IN",9,5.92,"Indiana",1,c(-86.368139, 40.756806)
"1299","LOGANSPORT MUNICIPAL WWTP","1400 W WABASH AVE","LOGANSPORT","IN",9,5.92,"Indiana",1,c(-86.3645, 40.758528)
"1300","LOGANSPORT MUNICIPAL WWTP","1400 W WABASH AVE","LOGANSPORT","IN",9,5.92,"Indiana",1,c(-86.363972, 40.759056)
"1301","LOGANSPORT MUNICIPAL WWTP","1400 W WABASH AVE","LOGANSPORT","IN",9,5.92,"Indiana",1,c(-86.358528, 40.759111)
"1302","LOGANSPORT MUNICIPAL WWTP","1400 W WABASH AVE","LOGANSPORT","IN",9,5.92,"Indiana",1,c(-86.361583, 40.75925)
"1303","LOGANSPORT MUNICIPAL WWTP","1400 W WABASH AVE","LOGANSPORT","IN",9,5.92,"Indiana",1,c(-86.364639, 40.757556)
"1304","LOGANSPORT MUNICIPAL WWTP","1400 W WABASH AVE","LOGANSPORT","IN",9,5.92,"Indiana",1,c(-86.372083, 40.75025)
"1305","LOGANSPORT MUNICIPAL WWTP","1400 W WABASH AVE","LOGANSPORT","IN",9,5.92,"Indiana",1,c(-86.363778, 40.751222)
"1306","LOGANSPORT MUNICIPAL WWTP","1400 W WABASH AVE","LOGANSPORT","IN",9,5.92,"Indiana",1,c(-86.36775, 40.749056)
"1307","LOWELL WWTP","7500 BELSHAW RD","LOWELL","IN",4,3.378,NA,NA,c(-87.415278, 41.267222)
"1308","LOWELL WWTP","7500 BELSHAW RD","LOWELL","IN",4,3.378,NA,NA,c(-87.415278, 41.262778)
"1309","MARKLE WWTP","405 W MORSE ST","MARKLE","IN",0.45,0.17,NA,NA,c(-85.344472, 40.826278)
"1310","MICHIGAN CITY - J. B. GIFFORD WWTP","1100 E 8TH ST","MICHIGAN CITY","IN",15,8.909,"Indiana",1,c(-86.881111, 41.720833)
"1311","MICHIGAN CITY - J. B. GIFFORD WWTP","1100 E 8TH ST","MICHIGAN CITY","IN",15,8.909,"Indiana",1,c(-86.885167, 41.718583)
"1312","NEW CASTLE WWTP","10 MIDWAY DR","NEW CASTLE","IN",10,NA,"Indiana",1,c(-85.381111, 39.941944)
"1313","NEW CASTLE WWTP","10 MIDWAY DR","NEW CASTLE","IN",10,NA,"Indiana",1,c(-85.373917, 39.937)
"1314","NEW CASTLE WWTP","10 MIDWAY DR","NEW CASTLE","IN",10,NA,"Indiana",1,c(-85.376806, 39.918833)
"1315","NEW CASTLE WWTP","10 MIDWAY DR","NEW CASTLE","IN",10,NA,NA,NA,c(-85.376583, 39.906667)
"1316","NEW CASTLE WWTP","10 MIDWAY DR","NEW CASTLE","IN",10,NA,NA,NA,c(-85.384444, 39.933056)
"1317","NEW CASTLE WWTP","10 MIDWAY DR","NEW CASTLE","IN",10,NA,NA,NA,c(-85.384444, 39.929194)
"1318","NEW CASTLE WWTP","10 MIDWAY DR","NEW CASTLE","IN",10,NA,NA,NA,c(-85.394722, 39.918889)
"1319","NEW CASTLE WWTP","10 MIDWAY DR","NEW CASTLE","IN",10,NA,NA,NA,c(-85.395278, 39.917778)
"1320","NEW CASTLE WWTP","10 MIDWAY DR","NEW CASTLE","IN",10,NA,NA,NA,c(-85.384278, 39.930167)
"1321","PAOLI MUNICIPAL WWTP","1571 W WILLOW CREEK RD","PAOLI","IN",1.75,0.77,NA,NA,c(-86.485778, 38.555194)
"1322","PAOLI MUNICIPAL WWTP","1571 W WILLOW CREEK RD","PAOLI","IN",1.75,0.77,NA,NA,c(-86.476111, 38.555833)
"1323","PAOLI MUNICIPAL WWTP","1571 W WILLOW CREEK RD","PAOLI","IN",1.75,0.77,"Indiana",1,c(-86.4725, 38.555361)
"1324","PAOLI MUNICIPAL WWTP","1571 W WILLOW CREEK RD","PAOLI","IN",1.75,0.77,NA,NA,c(-86.490611, 38.590694)
"1325","REDKEY WWTP","455 S UNION ST","REDKEY","IN",0.3,0.675,"Indiana",1,c(-85.151389, 40.349444)
"1326","REDKEY WWTP","455 S UNION ST","REDKEY","IN",0.3,0.675,"Indiana",1,c(-85.148889, 40.347222)
"1327","REDKEY WWTP","455 S UNION ST","REDKEY","IN",0.3,0.675,"Indiana",1,c(-85.148611, 40.349722)
"1328","REDKEY WWTP","455 S UNION ST","REDKEY","IN",0.3,0.675,"Indiana",1,c(-85.144167, 40.349444)
"1329","REDKEY WWTP","455 S UNION ST","REDKEY","IN",0.3,0.675,"Indiana",1,c(-85.145833, 40.349722)
"1330","REDKEY WWTP","455 S UNION ST","REDKEY","IN",0.3,0.675,"Indiana",1,c(-85.153333, 40.344722)
"1331","REDKEY WWTP","455 S UNION ST","REDKEY","IN",0.3,0.675,"Indiana",1,c(-85.161389, 40.348889)
"1332","REDKEY WWTP","455 S UNION ST","REDKEY","IN",0.3,0.675,"Indiana",1,c(-85.161944, 40.348889)
"1333","REDKEY WWTP","455 S UNION ST","REDKEY","IN",0.3,0.675,"Indiana",1,c(-85.151111, 40.350556)
"1334","RENSSELAER WWTP","1750 W DAUGHERTY RD","RENSSELAER","IN",1.6,1.65,NA,NA,c(-87.144, 40.931167)
"1335","RENSSELAER WWTP","1750 W DAUGHERTY RD","RENSSELAER","IN",1.6,1.65,NA,NA,c(-87.149917, 40.930778)
"1336","RENSSELAER WWTP","1750 W DAUGHERTY RD","RENSSELAER","IN",1.6,1.65,"Indiana",1,c(-87.152167, 40.932333)
"1337","RENSSELAER WWTP","1750 W DAUGHERTY RD","RENSSELAER","IN",1.6,1.65,"Indiana",1,c(-87.152306, 40.933333)
"1338","RENSSELAER WWTP","1750 W DAUGHERTY RD","RENSSELAER","IN",1.6,1.65,"Indiana",1,c(-87.153222, 40.934333)
"1339","RENSSELAER WWTP","1750 W DAUGHERTY RD","RENSSELAER","IN",1.6,1.65,"Indiana",1,c(-87.153889, 40.934861)
"1340","RENSSELAER WWTP","1750 W DAUGHERTY RD","RENSSELAER","IN",1.6,1.65,"Indiana",1,c(-87.158389, 40.93625)
"1341","RENSSELAER WWTP","1750 W DAUGHERTY RD","RENSSELAER","IN",1.6,1.65,"Indiana",1,c(-87.161194, 40.934806)
"1342","RENSSELAER WWTP","1750 W DAUGHERTY RD","RENSSELAER","IN",1.6,1.65,NA,NA,c(-87.141806, 40.931083)
"1343","RENSSELAER WWTP","1750 W DAUGHERTY RD","RENSSELAER","IN",1.6,1.65,"Indiana",1,c(-87.158611, 40.935833)
"1344","SEYMOUR WWTP, CITY OF","5716 E 525 N","SEYMOUR","IN",8.7,30,NA,NA,c(-85.929167, 38.957639)
"1345","SOUTH BEND MUNICIPAL WWTP","3113 RIVERSIDE DR","SOUTH BEND","IN",77,48,"Indiana",1,c(-86.268278, 41.707444)
"1346","SOUTH BEND MUNICIPAL WWTP","3113 RIVERSIDE DR","SOUTH BEND","IN",77,48,"Indiana",1,c(-86.264417, 41.702444)
"1347","SOUTH BEND MUNICIPAL WWTP","3113 RIVERSIDE DR","SOUTH BEND","IN",77,48,"Indiana",1,c(-86.262972, 41.695083)
"1348","SOUTH BEND MUNICIPAL WWTP","3113 RIVERSIDE DR","SOUTH BEND","IN",77,48,NA,NA,c(-86.263472, 41.693306)
"1349","SOUTH BEND MUNICIPAL WWTP","3113 RIVERSIDE DR","SOUTH BEND","IN",77,48,NA,NA,c(-86.25875, 41.689278)
"1350","SOUTH BEND MUNICIPAL WWTP","3113 RIVERSIDE DR","SOUTH BEND","IN",77,48,NA,NA,c(-86.253778, 41.687278)
"1351","SOUTH BEND MUNICIPAL WWTP","3113 RIVERSIDE DR","SOUTH BEND","IN",77,48,NA,NA,c(-86.252389, 41.687472)
"1352","SOUTH BEND MUNICIPAL WWTP","3113 RIVERSIDE DR","SOUTH BEND","IN",77,48,NA,NA,c(-86.247139, 41.685028)
"1353","SOUTH BEND MUNICIPAL WWTP","3113 RIVERSIDE DR","SOUTH BEND","IN",77,48,"Indiana",1,c(-86.241361, 41.67125)
"1354","SOUTH BEND MUNICIPAL WWTP","3113 RIVERSIDE DR","SOUTH BEND","IN",77,48,"Indiana",1,c(-86.236722, 41.66575)
"1355","SOUTH BEND MUNICIPAL WWTP","3113 RIVERSIDE DR","SOUTH BEND","IN",77,48,"Indiana",1,c(-86.234917, 41.663306)
"1356","SOUTH BEND MUNICIPAL WWTP","3113 RIVERSIDE DR","SOUTH BEND","IN",77,48,"Indiana",1,c(-86.225389, 41.65925)
"1357","SOUTH BEND MUNICIPAL WWTP","3113 RIVERSIDE DR","SOUTH BEND","IN",77,48,"Indiana",1,c(-86.221861, 41.659472)
"1358","SOUTH BEND MUNICIPAL WWTP","3113 RIVERSIDE DR","SOUTH BEND","IN",77,48,NA,NA,c(-86.253833, 41.688)
"1359","SOUTH BEND MUNICIPAL WWTP","3113 RIVERSIDE DR","SOUTH BEND","IN",77,48,"Indiana",1,c(-86.250028, 41.688361)
"1360","SOUTH BEND MUNICIPAL WWTP","3113 RIVERSIDE DR","SOUTH BEND","IN",77,48,"Indiana",1,c(-86.245861, 41.683278)
"1361","SOUTH BEND MUNICIPAL WWTP","3113 RIVERSIDE DR","SOUTH BEND","IN",77,48,"Indiana",1,c(-86.245861, 41.683278)
"1362","SOUTH BEND MUNICIPAL WWTP","3113 RIVERSIDE DR","SOUTH BEND","IN",77,48,"Indiana",1,c(-86.247528, 41.677722)
"1363","SOUTH BEND MUNICIPAL WWTP","3113 RIVERSIDE DR","SOUTH BEND","IN",77,48,"Indiana",1,c(-86.241528, 41.672278)
"1364","SOUTH BEND MUNICIPAL WWTP","3113 RIVERSIDE DR","SOUTH BEND","IN",77,48,"Indiana",1,c(-86.236944, 41.668639)
"1365","SOUTH BEND MUNICIPAL WWTP","3113 RIVERSIDE DR","SOUTH BEND","IN",77,48,"Indiana",1,c(-86.229389, 41.661333)
"1366","SOUTH BEND MUNICIPAL WWTP","3113 RIVERSIDE DR","SOUTH BEND","IN",77,48,"Indiana",1,c(-86.226639, 41.660472)
"1367","SOUTH BEND MUNICIPAL WWTP","3113 RIVERSIDE DR","SOUTH BEND","IN",77,48,"Indiana",1,c(-86.225611, 41.660194)
"1368","SOUTH BEND MUNICIPAL WWTP","3113 RIVERSIDE DR","SOUTH BEND","IN",77,48,"Indiana",1,c(-86.216722, 41.662)
"1369","SOUTH BEND MUNICIPAL WWTP","3113 RIVERSIDE DR","SOUTH BEND","IN",77,48,"Indiana",1,c(-86.210694, 41.661)
"1370","SOUTH BEND MUNICIPAL WWTP","3113 RIVERSIDE DR","SOUTH BEND","IN",77,48,"Indiana",1,c(-86.209306, 41.660528)
"1371","SOUTH BEND MUNICIPAL WWTP","3113 RIVERSIDE DR","SOUTH BEND","IN",77,48,"Indiana",1,c(-86.203361, 41.659389)
"1372","SOUTH BEND MUNICIPAL WWTP","3113 RIVERSIDE DR","SOUTH BEND","IN",77,48,"Indiana",1,c(-86.197861, 41.660472)
"1373","SOUTH BEND MUNICIPAL WWTP","3113 RIVERSIDE DR","SOUTH BEND","IN",77,48,"Indiana",1,c(-86.196583, 41.661056)
"1374","SOUTH BEND MUNICIPAL WWTP","3113 RIVERSIDE DR","SOUTH BEND","IN",77,48,"Indiana",1,c(-86.270083, 41.711889)
"1375","SOUTH BEND MUNICIPAL WWTP","3113 RIVERSIDE DR","SOUTH BEND","IN",77,48,"Indiana",1,c(-86.268417, 41.717167)
"1376","SOUTH BEND MUNICIPAL WWTP","3113 RIVERSIDE DR","SOUTH BEND","IN",77,48,"Indiana",1,c(-86.222333, 41.659139)
"1377","SOUTH BEND MUNICIPAL WWTP","3113 RIVERSIDE DR","SOUTH BEND","IN",77,48,"Indiana",1,c(-86.23625, 41.664944)
"1378","SOUTH BEND MUNICIPAL WWTP","3113 RIVERSIDE DR","SOUTH BEND","IN",77,48,"Indiana",1,c(-86.267722, 41.719556)
"1379","SOUTH BEND MUNICIPAL WWTP","3113 RIVERSIDE DR","SOUTH BEND","IN",77,48,"Indiana",1,c(-86.23, 41.661389)
"1380","SOUTH BEND MUNICIPAL WWTP","3113 RIVERSIDE DR","SOUTH BEND","IN",77,48,NA,NA,c(-86.249722, 41.679167)
"1381","SOUTH BEND MUNICIPAL WWTP","3113 RIVERSIDE DR","SOUTH BEND","IN",77,48,"Indiana",1,c(-86.249722, 41.678889)
"1382","SULLIVAN WWTP","361 E SR 54","SULLIVAN","IN",2.1,2.1,"Indiana",1,c(-87.419778, 39.092667)
"1383","SULLIVAN WWTP","361 E SR 54","SULLIVAN","IN",2.1,2.1,"Indiana",1,c(-87.416861, 39.084583)
"1384","SULLIVAN WWTP","361 E SR 54","SULLIVAN","IN",2.1,2.1,"Indiana",1,c(-87.402417, 39.078222)
"1385","SULLIVAN WWTP","361 E SR 54","SULLIVAN","IN",2.1,2.1,"Indiana",1,c(-87.401722, 39.081028)
"1386","SULLIVAN WWTP","361 E SR 54","SULLIVAN","IN",2.1,2.1,"Indiana",1,c(-87.379194, 39.088278)
"1387","SUMMITVILLE WWTP","1450 N, SR 9, AND 100 E","SUMMITVILLE","IN",0.11,0.19,NA,NA,c(-85.651833, 40.334306)
"1388","SUMMITVILLE WWTP","1450 N, SR 9, AND 100 E","SUMMITVILLE","IN",0.11,0.19,NA,NA,c(-85.652111, 40.334306)
"1389","SUMMITVILLE WWTP","1450 N, SR 9, AND 100 E","SUMMITVILLE","IN",0.11,0.19,NA,NA,c(-85.644111, 40.342361)
"1390","ELDEN KUEHL POLLUTION CON FAC","1251 JOLIET RD","VALPARAISO","IN",8,4.62,NA,NA,c(-87.073333, 41.465278)
"1391","ELDEN KUEHL POLLUTION CON FAC","1251 JOLIET RD","VALPARAISO","IN",8,4.62,NA,NA,c(-87.075556, 41.471389)
"1392","ELDEN KUEHL POLLUTION CON FAC","1251 JOLIET RD","VALPARAISO","IN",8,4.62,NA,NA,c(-87.070556, 41.48)
"1393","VEEDERSBURG MUNICIPAL WWTP","48 TRESTLE RD","VEEDERSBURG","IN",0.84,0.37,"Indiana",1,c(-87.263778, 40.100472)
"1394","WABASH WWTP","700 S CARROLL ST","WABASH","IN",4,10,"Indiana",1,c(-85.824444, 40.791111)
"1395","WABASH WWTP","700 S CARROLL ST","WABASH","IN",4,10,"Indiana",1,c(-85.8225, 40.790778)
"1396","WABASH WWTP","700 S CARROLL ST","WABASH","IN",4,10,"Indiana",1,c(-85.827361, 40.799722)
"1397","WABASH WWTP","700 S CARROLL ST","WABASH","IN",4,10,"Indiana",1,c(-85.826611, 40.790417)
"1398","WABASH WWTP","700 S CARROLL ST","WABASH","IN",4,10,"Indiana",1,c(-85.839167, 40.795833)
"1399","WABASH WWTP","700 S CARROLL ST","WABASH","IN",4,10,"Indiana",1,c(-85.823056, 40.805333)
"1400","WABASH WWTP","700 S CARROLL ST","WABASH","IN",4,10,"Indiana",1,c(-85.822222, 40.815)
"1401","WABASH WWTP","700 S CARROLL ST","WABASH","IN",4,10,"Indiana",1,c(-85.822222, 40.815611)
"1402","WABASH WWTP","700 S CARROLL ST","WABASH","IN",4,10,"Indiana",1,c(-85.839528, 40.79525)
"1403","WABASH WWTP","700 S CARROLL ST","WABASH","IN",4,10,"Indiana",1,c(-85.824056, 40.814722)
"1404","WABASH WWTP","700 S CARROLL ST","WABASH","IN",4,10,"Indiana",1,c(-85.835278, 40.79)
"1405","WAKARUSA WWTP","W WATERFORD ST & COUNTY RD 1","WAKARUSA","IN",0.5,0.28,NA,NA,c(-86.032194, 41.537389)
"1406","WAKARUSA WWTP","W WATERFORD ST & COUNTY RD 1","WAKARUSA","IN",0.5,0.28,NA,NA,c(-86.022556, 41.538056)
"1407","WAKARUSA WWTP","W WATERFORD ST & COUNTY RD 1","WAKARUSA","IN",0.5,0.28,NA,NA,c(-86.022556, 41.538111)
"1408","WAKARUSA WWTP","W WATERFORD ST & COUNTY RD 1","WAKARUSA","IN",0.5,0.28,NA,NA,c(-86.021806, 41.538056)
"1409","WAKARUSA WWTP","W WATERFORD ST & COUNTY RD 1","WAKARUSA","IN",0.5,0.28,NA,NA,c(-86.020194, 41.537861)
"1410","WAKARUSA WWTP","W WATERFORD ST & COUNTY RD 1","WAKARUSA","IN",0.5,0.28,NA,NA,c(-86.018556, 41.535417)
"1411","WARREN WWTP","315 W SECOND ST","WARREN","IN",0.6,0.4,NA,NA,c(-85.425583, 40.680722)
"1412","WARREN WWTP","315 W SECOND ST","WARREN","IN",0.6,0.4,NA,NA,c(-85.429667, 40.681583)
"1413","WARREN WWTP","315 W SECOND ST","WARREN","IN",0.6,0.4,NA,NA,c(-85.431611, 40.683)
"1414","WARREN WWTP","315 W SECOND ST","WARREN","IN",0.6,0.4,NA,NA,c(-85.431083, 40.684389)
"1415","WEST LAFAYETTE WWTP","470 S RIVER RD","WEST LAFAYETTE","IN",10.5,18,NA,NA,c(-86.896972, 40.431611)
"1416","WEST LAFAYETTE WWTP","470 S RIVER RD","WEST LAFAYETTE","IN",10.5,18,NA,NA,c(-86.897333, 40.427417)
"1417","WEST LAFAYETTE WWTP","470 S RIVER RD","WEST LAFAYETTE","IN",10.5,18,NA,NA,c(-86.896972, 40.427417)
"1418","WEST LAFAYETTE WWTP","470 S RIVER RD","WEST LAFAYETTE","IN",10.5,18,NA,NA,c(-86.900417, 40.416083)
"1419","AKRON WWTP","SR 14 & NOYER DR","AKRON","IN",0.25,0.13,NA,NA,c(-86.033944, 41.0325)
"1420","AKRON WWTP","SR 14 & NOYER DR","AKRON","IN",0.25,0.13,NA,NA,c(-86.028306, 41.038833)
"1421","AKRON WWTP","SR 14 & NOYER DR","AKRON","IN",0.25,0.13,NA,NA,c(-86.028278, 41.037889)
"1422","LA PORTE WWTP","2101 BOYD BLVD","LA PORTE","IN",7,5.052,NA,NA,c(-86.690278, 41.585278)
"1423","MARION UTILITIES","RAYMOND H. STRICKLAND WWTP","MARION","IN",12,6.25,"Indiana",1,c(-85.66, 40.578889)
"1424","MARION UTILITIES","RAYMOND H. STRICKLAND WWTP","MARION","IN",12,6.25,NA,NA,c(-85.66, 40.575833)
"1425","MARION UTILITIES","RAYMOND H. STRICKLAND WWTP","MARION","IN",12,6.25,NA,NA,c(-85.662778, 40.581944)
"1426","MARION UTILITIES","RAYMOND H. STRICKLAND WWTP","MARION","IN",12,6.25,NA,NA,c(-85.663056, 40.5725)
"1427","MARION UTILITIES","RAYMOND H. STRICKLAND WWTP","MARION","IN",12,6.25,"Indiana",1,c(-85.665833, 40.536667)
"1428","MARION UTILITIES","RAYMOND H. STRICKLAND WWTP","MARION","IN",12,6.25,"Indiana",1,c(-85.648056, 40.542222)
"1429","MARION UTILITIES","RAYMOND H. STRICKLAND WWTP","MARION","IN",12,6.25,"Indiana",1,c(-85.658111, 40.560639)
"1430","MARION UTILITIES","RAYMOND H. STRICKLAND WWTP","MARION","IN",12,6.25,"Indiana",1,c(-85.653611, 40.560833)
"1431","TERRE HAUTE WWTP, CITY OF","3200 S SR 63","TERRE HAUTE","IN",24,9.1,"Indiana",1,c(-87.427528, 39.43775)
"1432","TERRE HAUTE WWTP, CITY OF","3200 S SR 63","TERRE HAUTE","IN",24,9.1,"Indiana",1,c(-87.427222, 39.437972)
"1433","TERRE HAUTE WWTP, CITY OF","3200 S SR 63","TERRE HAUTE","IN",24,9.1,"Indiana",1,c(-87.424, 39.448333)
"1434","TERRE HAUTE WWTP, CITY OF","3200 S SR 63","TERRE HAUTE","IN",24,9.1,"Indiana",1,c(-87.419306, 39.458083)
"1435","TERRE HAUTE WWTP, CITY OF","3200 S SR 63","TERRE HAUTE","IN",24,9.1,"Indiana",1,c(-87.418639, 39.461389)
"1436","TERRE HAUTE WWTP, CITY OF","3200 S SR 63","TERRE HAUTE","IN",24,9.1,"Indiana",1,c(-87.418833, 39.464278)
"1437","TERRE HAUTE WWTP, CITY OF","3200 S SR 63","TERRE HAUTE","IN",24,9.1,"Indiana",1,c(-87.418889, 39.465389)
"1438","TERRE HAUTE WWTP, CITY OF","3200 S SR 63","TERRE HAUTE","IN",24,9.1,"Indiana",1,c(-87.418944, 39.4705)
"1439","TERRE HAUTE WWTP, CITY OF","3200 S SR 63","TERRE HAUTE","IN",24,9.1,NA,NA,c(-87.42, 39.475)
"1440","TERRE HAUTE WWTP, CITY OF","3200 S SR 63","TERRE HAUTE","IN",24,9.1,"Indiana",1,c(-87.426111, 39.448056)
"1441","TERRE HAUTE WWTP, CITY OF","3200 S SR 63","TERRE HAUTE","IN",24,9.1,"Indiana",1,c(-87.431667, 39.4425)
"1442","RICHMOND WWTP, CITY OF","(WILLIAM EDWIN ROSS)","RICHMOND","IN",18,9.1,"Indiana",1,c(-84.911111, 39.803333)
"1443","RICHMOND WWTP, CITY OF","(WILLIAM EDWIN ROSS)","RICHMOND","IN",18,9.1,"Indiana",1,c(-84.898333, 39.817778)
"1444","RICHMOND WWTP, CITY OF","(WILLIAM EDWIN ROSS)","RICHMOND","IN",18,9.1,"Indiana",1,c(-84.898833, 39.832417)
"1445","RICHMOND WWTP, CITY OF","(WILLIAM EDWIN ROSS)","RICHMOND","IN",18,9.1,"Indiana",1,c(-84.897083, 39.820167)
"1446","RICHMOND WWTP, CITY OF","(WILLIAM EDWIN ROSS)","RICHMOND","IN",18,9.1,"Indiana",1,c(-84.898111, 39.817778)
"1447","MUNCIE WATER POLLUTION CONTROL FACILITY","5150 W KILGORE AVE","MUNCIE","IN",24,17.7,"Indiana",1,c(-85.35975, 40.190306)
"1448","MUNCIE WATER POLLUTION CONTROL FACILITY","5150 W KILGORE AVE","MUNCIE","IN",24,17.7,"Indiana",1,c(-85.363083, 40.191694)
"1449","MUNCIE WATER POLLUTION CONTROL FACILITY","5150 W KILGORE AVE","MUNCIE","IN",24,17.7,NA,NA,c(-85.382806, 40.203361)
"1450","MUNCIE WATER POLLUTION CONTROL FACILITY","5150 W KILGORE AVE","MUNCIE","IN",24,17.7,"Indiana",1,c(-85.392528, 40.201417)
"1451","MUNCIE WATER POLLUTION CONTROL FACILITY","5150 W KILGORE AVE","MUNCIE","IN",24,17.7,"Indiana",1,c(-85.390556, 40.195861)
"1452","MUNCIE WATER POLLUTION CONTROL FACILITY","5150 W KILGORE AVE","MUNCIE","IN",24,17.7,"Indiana",1,c(-85.394722, 40.195)
"1453","MUNCIE WATER POLLUTION CONTROL FACILITY","5150 W KILGORE AVE","MUNCIE","IN",24,17.7,"Indiana",1,c(-85.398056, 40.193917)
"1454","MUNCIE WATER POLLUTION CONTROL FACILITY","5150 W KILGORE AVE","MUNCIE","IN",24,17.7,"Indiana",1,c(-85.398056, 40.194472)
"1455","MUNCIE WATER POLLUTION CONTROL FACILITY","5150 W KILGORE AVE","MUNCIE","IN",24,17.7,NA,NA,c(-85.407778, 40.190556)
"1456","MUNCIE WATER POLLUTION CONTROL FACILITY","5150 W KILGORE AVE","MUNCIE","IN",24,17.7,NA,NA,c(-85.408611, 40.190028)
"1457","MUNCIE WATER POLLUTION CONTROL FACILITY","5150 W KILGORE AVE","MUNCIE","IN",24,17.7,"Indiana",1,c(-85.41, 40.185306)
"1458","MUNCIE WATER POLLUTION CONTROL FACILITY","5150 W KILGORE AVE","MUNCIE","IN",24,17.7,NA,NA,c(-85.423083, 40.185056)
"1459","MUNCIE WATER POLLUTION CONTROL FACILITY","5150 W KILGORE AVE","MUNCIE","IN",24,17.7,NA,NA,c(-85.439444, 40.185861)
"1460","MUNCIE WATER POLLUTION CONTROL FACILITY","5150 W KILGORE AVE","MUNCIE","IN",24,17.7,"Indiana",1,c(-85.391667, 40.169472)
"1461","MUNCIE WATER POLLUTION CONTROL FACILITY","5150 W KILGORE AVE","MUNCIE","IN",24,17.7,"Indiana",1,c(-85.396667, 40.172806)
"1462","MUNCIE WATER POLLUTION CONTROL FACILITY","5150 W KILGORE AVE","MUNCIE","IN",24,17.7,"Indiana",1,c(-85.405, 40.171694)
"1463","MUNCIE WATER POLLUTION CONTROL FACILITY","5150 W KILGORE AVE","MUNCIE","IN",24,17.7,NA,NA,c(-85.409167, 40.172806)
"1464","MUNCIE WATER POLLUTION CONTROL FACILITY","5150 W KILGORE AVE","MUNCIE","IN",24,17.7,NA,NA,c(-85.411944, 40.175861)
"1465","MUNCIE WATER POLLUTION CONTROL FACILITY","5150 W KILGORE AVE","MUNCIE","IN",24,17.7,NA,NA,c(-85.411389, 40.185583)
"1466","MUNCIE WATER POLLUTION CONTROL FACILITY","5150 W KILGORE AVE","MUNCIE","IN",24,17.7,"Indiana",1,c(-85.390556, 40.195861)
"1467","MUNCIE WATER POLLUTION CONTROL FACILITY","5150 W KILGORE AVE","MUNCIE","IN",24,17.7,"Indiana",1,c(-85.396111, 40.195028)
"1468","MUNCIE WATER POLLUTION CONTROL FACILITY","5150 W KILGORE AVE","MUNCIE","IN",24,17.7,"Indiana",1,c(-85.363333, 40.19225)
"1469","MUNCIE WATER POLLUTION CONTROL FACILITY","5150 W KILGORE AVE","MUNCIE","IN",24,17.7,"Indiana",1,c(-85.199722, 40.369194)
"1470","MUNCIE WATER POLLUTION CONTROL FACILITY","5150 W KILGORE AVE","MUNCIE","IN",24,17.7,"Indiana",1,c(-85.354722, 40.197528)
"1471","MUNCIE WATER POLLUTION CONTROL FACILITY","5150 W KILGORE AVE","MUNCIE","IN",24,17.7,NA,NA,c(-85.439417, 40.184972)
"1472","MUNCIE WATER POLLUTION CONTROL FACILITY","5150 W KILGORE AVE","MUNCIE","IN",24,17.7,NA,NA,c(-85.438111, 40.185028)
"1473","MUNCIE WATER POLLUTION CONTROL FACILITY","5150 W KILGORE AVE","MUNCIE","IN",24,17.7,NA,NA,c(-85.435972, 40.184972)
"1474","MUNCIE WATER POLLUTION CONTROL FACILITY","5150 W KILGORE AVE","MUNCIE","IN",24,17.7,NA,NA,c(-85.433917, 40.184917)
"1475","MISHAWAKA WWTP","1020 LINCOLNWAY W","MISHAWAKA","IN",20,12,"Indiana",1,c(-86.21325, 41.660611)
"1476","MISHAWAKA WWTP","1020 LINCOLNWAY W","MISHAWAKA","IN",20,12,"Indiana",1,c(-86.196694, 41.660028)
"1477","MISHAWAKA WWTP","1020 LINCOLNWAY W","MISHAWAKA","IN",20,12,NA,NA,c(-86.195278, 41.662222)
"1478","MISHAWAKA WWTP","1020 LINCOLNWAY W","MISHAWAKA","IN",20,12,NA,NA,c(-86.193222, 41.663722)
"1479","MISHAWAKA WWTP","1020 LINCOLNWAY W","MISHAWAKA","IN",20,12,NA,NA,c(-86.192139, 41.664278)
"1480","MISHAWAKA WWTP","1020 LINCOLNWAY W","MISHAWAKA","IN",20,12,NA,NA,c(-86.191139, 41.664639)
"1481","MISHAWAKA WWTP","1020 LINCOLNWAY W","MISHAWAKA","IN",20,12,NA,NA,c(-86.188056, 41.665056)
"1482","MISHAWAKA WWTP","1020 LINCOLNWAY W","MISHAWAKA","IN",20,12,"Indiana",1,c(-86.186167, 41.664389)
"1483","MISHAWAKA WWTP","1020 LINCOLNWAY W","MISHAWAKA","IN",20,12,"Indiana",1,c(-86.1785, 41.664583)
"1484","MISHAWAKA WWTP","1020 LINCOLNWAY W","MISHAWAKA","IN",20,12,NA,NA,c(-86.173528, 41.661833)
"1485","MISHAWAKA WWTP","1020 LINCOLNWAY W","MISHAWAKA","IN",20,12,NA,NA,c(-86.172528, 41.661694)
"1486","MISHAWAKA WWTP","1020 LINCOLNWAY W","MISHAWAKA","IN",20,12,NA,NA,c(-86.167694, 41.664)
"1487","MISHAWAKA WWTP","1020 LINCOLNWAY W","MISHAWAKA","IN",20,12,NA,NA,c(-86.166972, 41.665694)
"1488","MISHAWAKA WWTP","1020 LINCOLNWAY W","MISHAWAKA","IN",20,12,"Indiana",1,c(-86.167444, 41.668972)
"1489","MISHAWAKA WWTP","1020 LINCOLNWAY W","MISHAWAKA","IN",20,12,NA,NA,c(-86.143361, 41.6655)
"1490","MISHAWAKA WWTP","1020 LINCOLNWAY W","MISHAWAKA","IN",20,12,NA,NA,c(-86.181556, 41.665528)
"1491","MISHAWAKA WWTP","1020 LINCOLNWAY W","MISHAWAKA","IN",20,12,NA,NA,c(-86.117972, 41.670583)
"1492","MISHAWAKA WWTP","1020 LINCOLNWAY W","MISHAWAKA","IN",20,12,NA,NA,c(-86.148, 41.665611)
"1493","MISHAWAKA WWTP","1020 LINCOLNWAY W","MISHAWAKA","IN",20,12,NA,NA,c(-86.129444, 41.662778)
"1494","MISHAWAKA WWTP","1020 LINCOLNWAY W","MISHAWAKA","IN",20,12,NA,NA,c(-86.129444, 41.662778)
"1495","MISHAWAKA WWTP","1020 LINCOLNWAY W","MISHAWAKA","IN",20,12,NA,NA,c(-86.124444, 41.663611)
"1496","MISHAWAKA WWTP","1020 LINCOLNWAY W","MISHAWAKA","IN",20,12,NA,NA,c(-86.173528, 41.661833)
"1497","MISHAWAKA WWTP","1020 LINCOLNWAY W","MISHAWAKA","IN",20,12,NA,NA,c(-86.128333, 41.662778)
"1498","WASHINGTON WWTP","413 CLARK RD","WASHINGTON","IN",4.2,1.9,"Indiana",1,c(-87.1835, 38.655444)
"1499","WASHINGTON WWTP","413 CLARK RD","WASHINGTON","IN",4.2,1.9,"Indiana",1,c(-87.184694, 38.654694)
"1500","WASHINGTON WWTP","413 CLARK RD","WASHINGTON","IN",4.2,1.9,"Indiana",1,c(-87.189083, 38.6555)
"1501","WASHINGTON WWTP","413 CLARK RD","WASHINGTON","IN",4.2,1.9,"Indiana",1,c(-87.182167, 38.654028)
"1502","WASHINGTON WWTP","413 CLARK RD","WASHINGTON","IN",4.2,1.9,"Indiana",1,c(-87.191361, 38.657611)
"1503","WASHINGTON WWTP","413 CLARK RD","WASHINGTON","IN",4.2,1.9,"Indiana",1,c(-87.191944, 38.654722)
"1504","WASHINGTON WWTP","413 CLARK RD","WASHINGTON","IN",4.2,1.9,"Indiana",1,c(-87.198889, 38.653056)
"1505","MADISON WWTP","1213 W 1ST ST","MADISON","IN",10.2,2.02,"Indiana",1,c(-85.384306, 38.733361)
"1506","MADISON WWTP","1213 W 1ST ST","MADISON","IN",10.2,2.02,NA,NA,c(-85.384389, 38.740361)
"1507","MADISON WWTP","1213 W 1ST ST","MADISON","IN",10.2,2.02,NA,NA,c(-85.44225, 38.763611)
"1508","MADISON WWTP","1213 W 1ST ST","MADISON","IN",10.2,2.02,NA,NA,c(-85.384528, 38.759444)
"1509","MADISON WWTP","1213 W 1ST ST","MADISON","IN",10.2,2.02,NA,NA,c(-85.426917, 38.774)
"1510","MADISON WWTP","1213 W 1ST ST","MADISON","IN",10.2,2.02,NA,NA,c(-85.425111, 38.767944)
"1511","MADISON WWTP","1213 W 1ST ST","MADISON","IN",10.2,2.02,NA,NA,c(-85.394167, 38.7415)
"1512","MADISON WWTP","1213 W 1ST ST","MADISON","IN",10.2,2.02,"Indiana",1,c(-85.396944, 38.736667)
"1513","ELKHART WWTP","1201 S NAPPANEE ST","ELKHART","IN",20,16,"Indiana",1,c(-85.957139, 41.682278)
"1514","ELKHART WWTP","1201 S NAPPANEE ST","ELKHART","IN",20,16,"Indiana",1,c(-85.956389, 41.681833)
"1515","ELKHART WWTP","1201 S NAPPANEE ST","ELKHART","IN",20,16,"Indiana",1,c(-85.957139, 41.680972)
"1516","ELKHART WWTP","1201 S NAPPANEE ST","ELKHART","IN",20,16,"Indiana",1,c(-85.955833, 41.675833)
"1517","ELKHART WWTP","1201 S NAPPANEE ST","ELKHART","IN",20,16,"Indiana",1,c(-85.946194, 41.673167)
"1518","ELKHART WWTP","1201 S NAPPANEE ST","ELKHART","IN",20,16,"Indiana",1,c(-85.972417, 41.687778)
"1519","ELKHART WWTP","1201 S NAPPANEE ST","ELKHART","IN",20,16,"Indiana",1,c(-85.971917, 41.687944)
"1520","ELKHART WWTP","1201 S NAPPANEE ST","ELKHART","IN",20,16,"Indiana",1,c(-85.969222, 41.684944)
"1521","ELKHART WWTP","1201 S NAPPANEE ST","ELKHART","IN",20,16,"Indiana",1,c(-85.971389, 41.687361)
"1522","ELKHART WWTP","1201 S NAPPANEE ST","ELKHART","IN",20,16,"Indiana",1,c(-85.96975, 41.6855)
"1523","ELKHART WWTP","1201 S NAPPANEE ST","ELKHART","IN",20,16,"Indiana",1,c(-85.9695, 41.685028)
"1524","ELKHART WWTP","1201 S NAPPANEE ST","ELKHART","IN",20,16,NA,NA,c(-85.971833, 41.692778)
"1525","ELKHART WWTP","1201 S NAPPANEE ST","ELKHART","IN",20,16,"Indiana",1,c(-85.965889, 41.693778)
"1526","ELKHART WWTP","1201 S NAPPANEE ST","ELKHART","IN",20,16,NA,NA,c(-85.967778, 41.695167)
"1527","ELKHART WWTP","1201 S NAPPANEE ST","ELKHART","IN",20,16,"Indiana",1,c(-85.983389, 41.688028)
"1528","ELKHART WWTP","1201 S NAPPANEE ST","ELKHART","IN",20,16,"Indiana",1,c(-85.956, 41.688972)
"1529","ELKHART WWTP","1201 S NAPPANEE ST","ELKHART","IN",20,16,NA,NA,c(-85.998611, 41.696889)
"1530","ELKHART WWTP","1201 S NAPPANEE ST","ELKHART","IN",20,16,"Indiana",1,c(-85.998611, 41.680222)
"1531","ELKHART WWTP","1201 S NAPPANEE ST","ELKHART","IN",20,16,"Indiana",1,c(-85.985778, 41.682667)
"1532","ELKHART WWTP","1201 S NAPPANEE ST","ELKHART","IN",20,16,"Indiana",1,c(-85.990389, 41.676917)
"1533","ELKHART WWTP","1201 S NAPPANEE ST","ELKHART","IN",20,16,"Indiana",1,c(-85.99, 41.681111)
"1534","ELKHART WWTP","1201 S NAPPANEE ST","ELKHART","IN",20,16,"Indiana",1,c(-85.990917, 41.680944)
"1535","ELKHART WWTP","1201 S NAPPANEE ST","ELKHART","IN",20,16,"Indiana",1,c(-85.981944, 41.681472)
"1536","ELKHART WWTP","1201 S NAPPANEE ST","ELKHART","IN",20,16,"Indiana",1,c(-85.992944, 41.674694)
"1537","ELKHART WWTP","1201 S NAPPANEE ST","ELKHART","IN",20,16,"Indiana",1,c(-85.977444, 41.691917)
"1538","ELKHART WWTP","1201 S NAPPANEE ST","ELKHART","IN",20,16,"Indiana",1,c(-85.975861, 41.691889)
"1539","ELKHART WWTP","1201 S NAPPANEE ST","ELKHART","IN",20,16,"Indiana",1,c(-85.996583, 41.676556)
"1540","ELKHART WWTP","1201 S NAPPANEE ST","ELKHART","IN",20,16,"Indiana",1,c(-85.9815, 41.689278)
"1541","ELKHART WWTP","1201 S NAPPANEE ST","ELKHART","IN",20,16,"Indiana",1,c(-85.982361, 41.687778)
"1542","ELKHART WWTP","1201 S NAPPANEE ST","ELKHART","IN",20,16,"Indiana",1,c(-85.959722, 41.678889)
"1543","ELKHART WWTP","1201 S NAPPANEE ST","ELKHART","IN",20,16,"Indiana",1,c(-85.9465, 41.667444)
"1544","ELKHART WWTP","1201 S NAPPANEE ST","ELKHART","IN",20,16,"Indiana",1,c(-85.999472, 41.679861)
"1545","ELKHART WWTP","1201 S NAPPANEE ST","ELKHART","IN",20,16,"Indiana",1,c(-85.952833, 41.680111)
"1546","ELKHART WWTP","1201 S NAPPANEE ST","ELKHART","IN",20,16,"Indiana",1,c(-85.980444, 41.684083)
"1547","ELKHART WWTP","1201 S NAPPANEE ST","ELKHART","IN",20,16,"Indiana",1,c(-85.958056, 41.690944)
"1548","ELKHART WWTP","1201 S NAPPANEE ST","ELKHART","IN",20,16,"Indiana",1,c(-85.990806, 41.675639)
"1549","ELKHART WWTP","1201 S NAPPANEE ST","ELKHART","IN",20,16,NA,NA,c(-85.938528, 41.701444)
"1550","ELKHART WWTP","1201 S NAPPANEE ST","ELKHART","IN",20,16,"Indiana",1,c(-85.980583, 41.683)
"1551","ELKHART WWTP","1201 S NAPPANEE ST","ELKHART","IN",20,16,"Indiana",1,c(-85.995917, 41.677028)
"1552","ELKHART WWTP","1201 S NAPPANEE ST","ELKHART","IN",20,16,"Indiana",1,c(-86.001389, 41.680556)
"1553","GOSHEN WWTP","1000 W WILDEN AVE","GOSHEN","IN",5,3.7,NA,NA,c(-85.853278, 41.594972)
"1554","GOSHEN WWTP","1000 W WILDEN AVE","GOSHEN","IN",5,3.7,NA,NA,c(-85.848194, 41.59275)
"1555","GOSHEN WWTP","1000 W WILDEN AVE","GOSHEN","IN",5,3.7,NA,NA,c(-85.840861, 41.590528)
"1556","GOSHEN WWTP","1000 W WILDEN AVE","GOSHEN","IN",5,3.7,"Indiana",1,c(-85.842278, 41.579861)
"1557","GOSHEN WWTP","1000 W WILDEN AVE","GOSHEN","IN",5,3.7,"Indiana",1,c(-85.838306, 41.574667)
"1558","GOSHEN WWTP","1000 W WILDEN AVE","GOSHEN","IN",5,3.7,NA,NA,c(-85.853083, 41.596639)
"1559","GOSHEN WWTP","1000 W WILDEN AVE","GOSHEN","IN",5,3.7,NA,NA,c(-85.851694, 41.5945)
"1560","GOSHEN WWTP","1000 W WILDEN AVE","GOSHEN","IN",5,3.7,NA,NA,c(-85.849167, 41.593972)
"1561","GOSHEN WWTP","1000 W WILDEN AVE","GOSHEN","IN",5,3.7,NA,NA,c(-85.851694, 41.5945)
"1562","CROWN POINT WWTP","1321 MERRILLVILLE RD","CROWN POINT","IN",5.2,3.6,NA,NA,c(-87.359722, 41.436667)
"1563","CROWN POINT WWTP","1321 MERRILLVILLE RD","CROWN POINT","IN",5.2,3.6,NA,NA,c(-87.361111, 41.438056)
"1564","CROWN POINT WWTP","1321 MERRILLVILLE RD","CROWN POINT","IN",5.2,3.6,NA,NA,c(-87.354722, 41.435556)
"1565","CROWN POINT WWTP","1321 MERRILLVILLE RD","CROWN POINT","IN",5.2,3.6,NA,NA,c(-87.373889, 41.423056)
"1566","CROWN POINT WWTP","1321 MERRILLVILLE RD","CROWN POINT","IN",5.2,3.6,NA,NA,c(-87.359444, 41.436667)
"1567","FORT WAYNE WWTP","P.L. BRUNNER WPC","FORT WAYNE","IN",74,48,NA,NA,c(-85.09975, 41.080556)
"1568","FORT WAYNE WWTP","P.L. BRUNNER WPC","FORT WAYNE","IN",74,48,NA,NA,c(-85.108889, 41.085278)
"1569","FORT WAYNE WWTP","P.L. BRUNNER WPC","FORT WAYNE","IN",74,48,"Indiana",1,c(-85.162222, 41.07125)
"1570","FORT WAYNE WWTP","P.L. BRUNNER WPC","FORT WAYNE","IN",74,48,"Indiana",1,c(-85.166639, 41.047444)
"1571","FORT WAYNE WWTP","P.L. BRUNNER WPC","FORT WAYNE","IN",74,48,"Indiana",1,c(-85.161583, 41.066583)
"1572","FORT WAYNE WWTP","P.L. BRUNNER WPC","FORT WAYNE","IN",74,48,"Indiana",1,c(-85.154722, 41.078444)
"1573","FORT WAYNE WWTP","P.L. BRUNNER WPC","FORT WAYNE","IN",74,48,"Indiana",1,c(-85.154722, 41.078444)
"1574","FORT WAYNE WWTP","P.L. BRUNNER WPC","FORT WAYNE","IN",74,48,"Indiana",1,c(-85.156028, 41.076972)
"1575","FORT WAYNE WWTP","P.L. BRUNNER WPC","FORT WAYNE","IN",74,48,"Indiana",1,c(-85.156861, 41.05525)
"1576","FORT WAYNE WWTP","P.L. BRUNNER WPC","FORT WAYNE","IN",74,48,"Indiana",1,c(-85.157139, 41.053667)
"1577","FORT WAYNE WWTP","P.L. BRUNNER WPC","FORT WAYNE","IN",74,48,"Indiana",1,c(-85.158889, 41.058083)
"1578","FORT WAYNE WWTP","P.L. BRUNNER WPC","FORT WAYNE","IN",74,48,NA,NA,c(-85.157611, 41.050194)
"1579","FORT WAYNE WWTP","P.L. BRUNNER WPC","FORT WAYNE","IN",74,48,NA,NA,c(-85.157639, 41.050083)
"1580","FORT WAYNE WWTP","P.L. BRUNNER WPC","FORT WAYNE","IN",74,48,NA,NA,c(-85.161389, 41.0425)
"1581","FORT WAYNE WWTP","P.L. BRUNNER WPC","FORT WAYNE","IN",74,48,NA,NA,c(-85.151556, 41.032444)
"1582","FORT WAYNE WWTP","P.L. BRUNNER WPC","FORT WAYNE","IN",74,48,"Indiana",1,c(-85.152361, 41.079722)
"1583","FORT WAYNE WWTP","P.L. BRUNNER WPC","FORT WAYNE","IN",74,48,"Indiana",1,c(-85.146722, 41.081806)
"1584","FORT WAYNE WWTP","P.L. BRUNNER WPC","FORT WAYNE","IN",74,48,"Indiana",1,c(-85.146833, 41.081778)
"1585","FORT WAYNE WWTP","P.L. BRUNNER WPC","FORT WAYNE","IN",74,48,"Indiana",1,c(-85.141583, 41.087139)
"1586","FORT WAYNE WWTP","P.L. BRUNNER WPC","FORT WAYNE","IN",74,48,"Indiana",1,c(-85.141667, 41.086444)
"1587","FORT WAYNE WWTP","P.L. BRUNNER WPC","FORT WAYNE","IN",74,48,"Indiana",1,c(-85.135389, 41.084111)
"1588","FORT WAYNE WWTP","P.L. BRUNNER WPC","FORT WAYNE","IN",74,48,"Indiana",1,c(-85.137028, 41.083861)
"1589","FORT WAYNE WWTP","P.L. BRUNNER WPC","FORT WAYNE","IN",74,48,"Indiana",1,c(-85.142389, 41.083583)
"1590","FORT WAYNE WWTP","P.L. BRUNNER WPC","FORT WAYNE","IN",74,48,"Indiana",1,c(-85.141694, 41.086306)
"1591","FORT WAYNE WWTP","P.L. BRUNNER WPC","FORT WAYNE","IN",74,48,"Indiana",1,c(-85.14275, 41.09775)
"1592","FORT WAYNE WWTP","P.L. BRUNNER WPC","FORT WAYNE","IN",74,48,"Indiana",1,c(-85.129889, 41.080778)
"1593","FORT WAYNE WWTP","P.L. BRUNNER WPC","FORT WAYNE","IN",74,48,"Indiana",1,c(-85.133472, 41.104056)
"1594","FORT WAYNE WWTP","P.L. BRUNNER WPC","FORT WAYNE","IN",74,48,"Indiana",1,c(-85.132806, 41.105111)
"1595","FORT WAYNE WWTP","P.L. BRUNNER WPC","FORT WAYNE","IN",74,48,NA,NA,c(-85.1175, 41.086139)
"1596","FORT WAYNE WWTP","P.L. BRUNNER WPC","FORT WAYNE","IN",74,48,"Indiana",1,c(-85.1225, 41.083972)
"1597","FORT WAYNE WWTP","P.L. BRUNNER WPC","FORT WAYNE","IN",74,48,NA,NA,c(-85.1175, 41.111389)
"1598","FORT WAYNE WWTP","P.L. BRUNNER WPC","FORT WAYNE","IN",74,48,NA,NA,c(-85.117667, 41.111083)
"1599","FORT WAYNE WWTP","P.L. BRUNNER WPC","FORT WAYNE","IN",74,48,NA,NA,c(-85.124806, 41.10875)
"1600","FORT WAYNE WWTP","P.L. BRUNNER WPC","FORT WAYNE","IN",74,48,"Indiana",1,c(-85.118639, 41.028222)
"1601","FORT WAYNE WWTP","P.L. BRUNNER WPC","FORT WAYNE","IN",74,48,"Indiana",1,c(-85.11475, 41.081306)
"1602","FORT WAYNE WWTP","P.L. BRUNNER WPC","FORT WAYNE","IN",74,48,"Indiana",1,c(-85.161611, 41.066528)
"1603","FORT WAYNE WWTP","P.L. BRUNNER WPC","FORT WAYNE","IN",74,48,NA,NA,c(-85.108028, 41.084222)
"1604","FORT WAYNE WWTP","P.L. BRUNNER WPC","FORT WAYNE","IN",74,48,"Indiana",1,c(-85.100028, 41.079694)
"1605","FORT WAYNE WWTP","P.L. BRUNNER WPC","FORT WAYNE","IN",74,48,"Indiana",1,c(-85.094167, 41.076944)
"1606","FORT WAYNE WWTP","P.L. BRUNNER WPC","FORT WAYNE","IN",74,48,"Indiana",1,c(-85.094472, 41.097389)
"1607","FORT WAYNE WWTP","P.L. BRUNNER WPC","FORT WAYNE","IN",74,48,"Indiana",1,c(-85.094472, 41.097361)
"1608","FORT WAYNE WWTP","P.L. BRUNNER WPC","FORT WAYNE","IN",74,48,"Indiana",1,c(-85.086389, 41.071111)
"1609","FORT WAYNE WWTP","P.L. BRUNNER WPC","FORT WAYNE","IN",74,48,NA,NA,c(-85.156972, 41.038028)
"1610","FORT WAYNE WWTP","P.L. BRUNNER WPC","FORT WAYNE","IN",74,48,NA,NA,c(-85.133167, 41.103)
"1611","FORT WAYNE WWTP","P.L. BRUNNER WPC","FORT WAYNE","IN",74,48,NA,NA,c(-85.112222, 41.0825)
"1612","FORT WAYNE WWTP","P.L. BRUNNER WPC","FORT WAYNE","IN",74,48,"Indiana",1,c(-85.096111, 41.093611)
"1613","PERU UTILITIES WWTP","221 W RIVERSIDE DR","PERU","IN",8,4,"Indiana",1,c(-86.084694, 40.742389)
"1614","PERU UTILITIES WWTP","221 W RIVERSIDE DR","PERU","IN",8,4,"Indiana",1,c(-86.080278, 40.745556)
"1615","PERU UTILITIES WWTP","221 W RIVERSIDE DR","PERU","IN",8,4,"Indiana",1,c(-86.075556, 40.746389)
"1616","PERU UTILITIES WWTP","221 W RIVERSIDE DR","PERU","IN",8,4,"Indiana",1,c(-86.075694, 40.746667)
"1617","PERU UTILITIES WWTP","221 W RIVERSIDE DR","PERU","IN",8,4,"Indiana",1,c(-86.069722, 40.749167)
"1618","PERU UTILITIES WWTP","221 W RIVERSIDE DR","PERU","IN",8,4,"Indiana",1,c(-86.072861, 40.747972)
"1619","PERU UTILITIES WWTP","221 W RIVERSIDE DR","PERU","IN",8,4,"Indiana",1,c(-86.066667, 40.750278)
"1620","PERU UTILITIES WWTP","221 W RIVERSIDE DR","PERU","IN",8,4,"Indiana",1,c(-86.066889, 40.750583)
"1621","PERU UTILITIES WWTP","221 W RIVERSIDE DR","PERU","IN",8,4,"Indiana",1,c(-86.066861, 40.7505)
"1622","PERU UTILITIES WWTP","221 W RIVERSIDE DR","PERU","IN",8,4,"Indiana",1,c(-86.064722, 40.750556)
"1623","PERU UTILITIES WWTP","221 W RIVERSIDE DR","PERU","IN",8,4,"Indiana",1,c(-86.063611, 40.751944)
"1624","PERU UTILITIES WWTP","221 W RIVERSIDE DR","PERU","IN",8,4,"Indiana",1,c(-86.062639, 40.748)
"1625","PERU UTILITIES WWTP","221 W RIVERSIDE DR","PERU","IN",8,4,"Indiana",1,c(-86.060278, 40.753056)
"1626","PERU UTILITIES WWTP","221 W RIVERSIDE DR","PERU","IN",8,4,"Indiana",1,c(-86.057222, 40.754167)
"1627","PERU UTILITIES WWTP","221 W RIVERSIDE DR","PERU","IN",8,4,"Indiana",1,c(-86.050278, 40.757222)
"1628","PERU UTILITIES WWTP","221 W RIVERSIDE DR","PERU","IN",8,4,"Indiana",1,c(-86.047361, 40.760361)
"1629","PERU UTILITIES WWTP","221 W RIVERSIDE DR","PERU","IN",8,4,"Indiana",1,c(-86.057389, 40.754306)
"1630","PERU UTILITIES WWTP","221 W RIVERSIDE DR","PERU","IN",8,4,"Indiana",1,c(-86.050556, 40.754389)
"1631","PERU UTILITIES WWTP","221 W RIVERSIDE DR","PERU","IN",8,4,"Indiana",1,c(-86.047472, 40.759806)
"1632","PERU UTILITIES WWTP","221 W RIVERSIDE DR","PERU","IN",8,4,"Indiana",1,c(-86.068056, 40.749)
"1633","CONNERSVILLE WWTP, CITY OF","1000 S SR 121","CONNERSVILLE","IN",21.6,2.75,"Indiana",1,c(-85.139444, 39.653611)
"1634","CONNERSVILLE WWTP, CITY OF","1000 S SR 121","CONNERSVILLE","IN",21.6,2.75,"Indiana",1,c(-85.139139, 39.636278)
"1635","CONNERSVILLE WWTP, CITY OF","1000 S SR 121","CONNERSVILLE","IN",21.6,2.75,"Indiana",1,c(-85.137778, 39.655278)
"1636","CONNERSVILLE WWTP, CITY OF","1000 S SR 121","CONNERSVILLE","IN",21.6,2.75,"Indiana",1,c(-85.126028, 39.644333)
"1637","CONNERSVILLE WWTP, CITY OF","1000 S SR 121","CONNERSVILLE","IN",21.6,2.75,"Indiana",1,c(-85.124167, 39.660278)
"1638","LAFAYETTE WWTP","1700 WABASH AVE","LAFAYETTE","IN",52,16.2,"Indiana",1,c(-86.890444, 40.432083)
"1639","LAFAYETTE WWTP","1700 WABASH AVE","LAFAYETTE","IN",52,16.2,"Indiana",1,c(-86.894028, 40.425639)
"1640","LAFAYETTE WWTP","1700 WABASH AVE","LAFAYETTE","IN",52,16.2,"Indiana",1,c(-86.895389, 40.422639)
"1641","LAFAYETTE WWTP","1700 WABASH AVE","LAFAYETTE","IN",52,16.2,"Indiana",1,c(-86.896389, 40.419972)
"1642","LAFAYETTE WWTP","1700 WABASH AVE","LAFAYETTE","IN",52,16.2,"Indiana",1,c(-86.896778, 40.414972)
"1643","LAFAYETTE WWTP","1700 WABASH AVE","LAFAYETTE","IN",52,16.2,"Indiana",1,c(-86.90125, 40.411278)
"1644","LAFAYETTE WWTP","1700 WABASH AVE","LAFAYETTE","IN",52,16.2,"Indiana",1,c(-86.904778, 40.408278)
"1645","LAFAYETTE WWTP","1700 WABASH AVE","LAFAYETTE","IN",52,16.2,"Indiana",1,c(-86.910528, 40.401778)
"1646","LAFAYETTE WWTP","1700 WABASH AVE","LAFAYETTE","IN",52,16.2,NA,NA,c(-86.884472, 40.401056)
"1647","LAFAYETTE WWTP","1700 WABASH AVE","LAFAYETTE","IN",52,16.2,NA,NA,c(-86.881222, 40.398528)
"1648","LAFAYETTE WWTP","1700 WABASH AVE","LAFAYETTE","IN",52,16.2,NA,NA,c(-86.879583, 40.398694)
"1649","LAFAYETTE WWTP","1700 WABASH AVE","LAFAYETTE","IN",52,16.2,"Indiana",1,c(-86.915389, 40.400944)
"1650","LAFAYETTE WWTP","1700 WABASH AVE","LAFAYETTE","IN",52,16.2,NA,NA,c(-86.889889, 40.397194)
"1651","LAFAYETTE WWTP","1700 WABASH AVE","LAFAYETTE","IN",52,16.2,"Indiana",1,c(-86.89475, 40.425444)
"1652","LAFAYETTE WWTP","1700 WABASH AVE","LAFAYETTE","IN",52,16.2,"Indiana",1,c(-86.890556, 40.431944)
"1653","ANDERSON WWTP","2801 GENE GUSTIN WAY","ANDERSON","IN",34,21.25,NA,NA,c(-85.112417, 40.715667)
"1654","ANDERSON WWTP","2801 GENE GUSTIN WAY","ANDERSON","IN",34,21.25,NA,NA,c(-85.715833, 40.013056)
"1655","ANDERSON WWTP","2801 GENE GUSTIN WAY","ANDERSON","IN",34,21.25,NA,NA,c(-85.111917, 40.714833)
"1656","ANDERSON WWTP","2801 GENE GUSTIN WAY","ANDERSON","IN",34,21.25,"Indiana",1,c(-85.706972, 40.110556)
"1657","ANDERSON WWTP","2801 GENE GUSTIN WAY","ANDERSON","IN",34,21.25,"Indiana",1,c(-85.706361, 40.110389)
"1658","ANDERSON WWTP","2801 GENE GUSTIN WAY","ANDERSON","IN",34,21.25,"Indiana",1,c(-85.703694, 40.110778)
"1659","ANDERSON WWTP","2801 GENE GUSTIN WAY","ANDERSON","IN",34,21.25,NA,NA,c(-85.692222, 40.150556)
"1660","ANDERSON WWTP","2801 GENE GUSTIN WAY","ANDERSON","IN",34,21.25,NA,NA,c(-85.118222, 40.690333)
"1661","ANDERSON WWTP","2801 GENE GUSTIN WAY","ANDERSON","IN",34,21.25,"Indiana",1,c(-85.686389, 40.119167)
"1662","ANDERSON WWTP","2801 GENE GUSTIN WAY","ANDERSON","IN",34,21.25,"Indiana",1,c(-85.683056, 40.119722)
"1663","ANDERSON WWTP","2801 GENE GUSTIN WAY","ANDERSON","IN",34,21.25,"Indiana",1,c(-85.682722, 40.119333)
"1664","ANDERSON WWTP","2801 GENE GUSTIN WAY","ANDERSON","IN",34,21.25,"Indiana",1,c(-85.674806, 40.112889)
"1665","ANDERSON WWTP","2801 GENE GUSTIN WAY","ANDERSON","IN",34,21.25,NA,NA,c(-85.110056, 40.693639)
"1666","ANDERSON WWTP","2801 GENE GUSTIN WAY","ANDERSON","IN",34,21.25,NA,NA,c(-85.109917, 40.676917)
"1667","ANDERSON WWTP","2801 GENE GUSTIN WAY","ANDERSON","IN",34,21.25,NA,NA,c(-85.107861, 40.674722)
"1668","ANDERSON WWTP","2801 GENE GUSTIN WAY","ANDERSON","IN",34,21.25,"Indiana",1,c(-85.673639, 40.10775)
"1669","ANDERSON WWTP","2801 GENE GUSTIN WAY","ANDERSON","IN",34,21.25,"Indiana",1,c(-85.673889, 40.107222)
"1670","ANDERSON WWTP","2801 GENE GUSTIN WAY","ANDERSON","IN",34,21.25,"Indiana",1,c(-85.672889, 40.107111)
"1671","ANDERSON WWTP","2801 GENE GUSTIN WAY","ANDERSON","IN",34,21.25,"Indiana",1,c(-85.673056, 40.107222)
"1672","ANDERSON WWTP","2801 GENE GUSTIN WAY","ANDERSON","IN",34,21.25,"Indiana",1,c(-85.661944, 40.1075)
"1673","ANDERSON WWTP","2801 GENE GUSTIN WAY","ANDERSON","IN",34,21.25,NA,NA,c(-85.090139, 40.660361)
"1674","ANDERSON WWTP","2801 GENE GUSTIN WAY","ANDERSON","IN",34,21.25,NA,NA,c(-85.614583, 40.119806)
"1675","ANDERSON WWTP","2801 GENE GUSTIN WAY","ANDERSON","IN",34,21.25,NA,NA,c(-85.127972, 40.657694)
"1676","COLUMBUS WWTP, CITY OF","3465 S JONESVILLE RD","COLUMBUS","IN",39,6,NA,NA,c(-85.930389, 39.208556)
"1677","COLUMBUS WWTP, CITY OF","3465 S JONESVILLE RD","COLUMBUS","IN",39,6,"Indiana",1,c(-85.922611, 39.197111)
"1678","COLUMBUS WWTP, CITY OF","3465 S JONESVILLE RD","COLUMBUS","IN",39,6,"Indiana",1,c(-85.922111, 39.196611)
"1679","COLUMBUS WWTP, CITY OF","3465 S JONESVILLE RD","COLUMBUS","IN",39,6,"Indiana",1,c(-85.920944, 39.196)
"1680","COLUMBUS WWTP, CITY OF","3465 S JONESVILLE RD","COLUMBUS","IN",39,6,NA,NA,c(-85.909, 39.200111)
"1681","COLUMBUS WWTP, CITY OF","3465 S JONESVILLE RD","COLUMBUS","IN",39,6,NA,NA,c(-85.903667, 39.205944)
"1682","COLUMBUS WWTP, CITY OF","3465 S JONESVILLE RD","COLUMBUS","IN",39,6,NA,NA,c(-85.891778, 39.224139)
"1683","COLUMBUS WWTP, CITY OF","3465 S JONESVILLE RD","COLUMBUS","IN",39,6,"Indiana",1,c(-85.876528, 39.197167)
"1684","COLUMBUS WWTP, CITY OF","3465 S JONESVILLE RD","COLUMBUS","IN",39,6,"Indiana",1,c(-85.915278, 39.196944)
"1685","ELWOOD WWTP, CITY OF","SOUTH J ST AND WEST NINTH ST","ELWOOD","IN",3.95,3,"Indiana",1,c(-85.845528, 40.2755)
"1686","ELWOOD WWTP, CITY OF","SOUTH J ST AND WEST NINTH ST","ELWOOD","IN",3.95,3,"Indiana",1,c(-85.844333, 40.276806)
"1687","ELWOOD WWTP, CITY OF","SOUTH J ST AND WEST NINTH ST","ELWOOD","IN",3.95,3,"Indiana",1,c(-85.842528, 40.278611)
"1688","ELWOOD WWTP, CITY OF","SOUTH J ST AND WEST NINTH ST","ELWOOD","IN",3.95,3,"Indiana",1,c(-85.842528, 40.280389)
"1689","ELWOOD WWTP, CITY OF","SOUTH J ST AND WEST NINTH ST","ELWOOD","IN",3.95,3,"Indiana",1,c(-85.842472, 40.280889)
"1690","ELWOOD WWTP, CITY OF","SOUTH J ST AND WEST NINTH ST","ELWOOD","IN",3.95,3,"Indiana",1,c(-85.841167, 40.282528)
"1691","ELWOOD WWTP, CITY OF","SOUTH J ST AND WEST NINTH ST","ELWOOD","IN",3.95,3,"Indiana",1,c(-85.841111, 40.282694)
"1692","ELWOOD WWTP, CITY OF","SOUTH J ST AND WEST NINTH ST","ELWOOD","IN",3.95,3,"Indiana",1,c(-85.840306, 40.283417)
"1693","ELWOOD WWTP, CITY OF","SOUTH J ST AND WEST NINTH ST","ELWOOD","IN",3.95,3,"Indiana",1,c(-85.828667, 40.266944)
"1694","ELWOOD WWTP, CITY OF","SOUTH J ST AND WEST NINTH ST","ELWOOD","IN",3.95,3,"Indiana",1,c(-85.829694, 40.266444)
"1695","ELWOOD WWTP, CITY OF","SOUTH J ST AND WEST NINTH ST","ELWOOD","IN",3.95,3,"Indiana",1,c(-85.832278, 40.264806)
"1696","ELWOOD WWTP, CITY OF","SOUTH J ST AND WEST NINTH ST","ELWOOD","IN",3.95,3,"Indiana",1,c(-85.832139, 40.26275)
"1697","ELWOOD WWTP, CITY OF","SOUTH J ST AND WEST NINTH ST","ELWOOD","IN",3.95,3,"Indiana",1,c(-85.846861, 40.273917)
"1698","ELWOOD WWTP, CITY OF","SOUTH J ST AND WEST NINTH ST","ELWOOD","IN",3.95,3,"Indiana",1,c(-85.850306, 40.272694)
"1699","ELWOOD WWTP, CITY OF","SOUTH J ST AND WEST NINTH ST","ELWOOD","IN",3.95,3,"Indiana",1,c(-85.850361, 40.266889)
"1700","ELWOOD WWTP, CITY OF","SOUTH J ST AND WEST NINTH ST","ELWOOD","IN",3.95,3,NA,NA,c(-85.864722, 40.282222)
"1701","ELWOOD WWTP, CITY OF","SOUTH J ST AND WEST NINTH ST","ELWOOD","IN",3.95,3,"Indiana",1,c(-85.849833, 40.267861)
"1702","KOKOMO WWTP","1501 W MARKLAND AVE","KOKOMO","IN",40,13,"Indiana",1,c(-86.117278, 40.483028)
"1703","KOKOMO WWTP","1501 W MARKLAND AVE","KOKOMO","IN",40,13,"Indiana",1,c(-86.117278, 40.483444)
"1704","KOKOMO WWTP","1501 W MARKLAND AVE","KOKOMO","IN",40,13,"Indiana",1,c(-86.1265, 40.484194)
"1705","KOKOMO WWTP","1501 W MARKLAND AVE","KOKOMO","IN",40,13,"Indiana",1,c(-86.129722, 40.484167)
"1706","KOKOMO WWTP","1501 W MARKLAND AVE","KOKOMO","IN",40,13,"Indiana",1,c(-86.129389, 40.484389)
"1707","KOKOMO WWTP","1501 W MARKLAND AVE","KOKOMO","IN",40,13,"Indiana",1,c(-86.130083, 40.484472)
"1708","KOKOMO WWTP","1501 W MARKLAND AVE","KOKOMO","IN",40,13,"Indiana",1,c(-86.132306, 40.484639)
"1709","KOKOMO WWTP","1501 W MARKLAND AVE","KOKOMO","IN",40,13,"Indiana",1,c(-86.133778, 40.484278)
"1710","KOKOMO WWTP","1501 W MARKLAND AVE","KOKOMO","IN",40,13,"Indiana",1,c(-86.134667, 40.484111)
"1711","KOKOMO WWTP","1501 W MARKLAND AVE","KOKOMO","IN",40,13,"Indiana",1,c(-86.134889, 40.484194)
"1712","KOKOMO WWTP","1501 W MARKLAND AVE","KOKOMO","IN",40,13,"Indiana",1,c(-86.136139, 40.483833)
"1713","KOKOMO WWTP","1501 W MARKLAND AVE","KOKOMO","IN",40,13,"Indiana",1,c(-86.140444, 40.48375)
"1714","KOKOMO WWTP","1501 W MARKLAND AVE","KOKOMO","IN",40,13,"Indiana",1,c(-86.137417, 40.483806)
"1715","KOKOMO WWTP","1501 W MARKLAND AVE","KOKOMO","IN",40,13,"Indiana",1,c(-86.138028, 40.483861)
"1716","KOKOMO WWTP","1501 W MARKLAND AVE","KOKOMO","IN",40,13,"Indiana",1,c(-86.145833, 40.481583)
"1717","KOKOMO WWTP","1501 W MARKLAND AVE","KOKOMO","IN",40,13,"Indiana",1,c(-86.150306, 40.472556)
"1718","KOKOMO WWTP","1501 W MARKLAND AVE","KOKOMO","IN",40,13,"Indiana",1,c(-86.150222, 40.47225)
"1719","KOKOMO WWTP","1501 W MARKLAND AVE","KOKOMO","IN",40,13,"Indiana",1,c(-86.145694, 40.47175)
"1720","KOKOMO WWTP","1501 W MARKLAND AVE","KOKOMO","IN",40,13,"Indiana",1,c(-86.1445, 40.471333)
"1721","KOKOMO WWTP","1501 W MARKLAND AVE","KOKOMO","IN",40,13,NA,NA,c(-86.141139, 40.463917)
"1722","KOKOMO WWTP","1501 W MARKLAND AVE","KOKOMO","IN",40,13,NA,NA,c(-86.139528, 40.463139)
"1723","KOKOMO WWTP","1501 W MARKLAND AVE","KOKOMO","IN",40,13,NA,NA,c(-86.137722, 40.462333)
"1724","KOKOMO WWTP","1501 W MARKLAND AVE","KOKOMO","IN",40,13,NA,NA,c(-86.126694, 40.4235)
"1725","KOKOMO WWTP","1501 W MARKLAND AVE","KOKOMO","IN",40,13,"Indiana",1,c(-86.147222, 40.470556)
"1726","KOKOMO WWTP","1501 W MARKLAND AVE","KOKOMO","IN",40,13,"Indiana",1,c(-86.121694, 40.482222)
"1727","KOKOMO WWTP","1501 W MARKLAND AVE","KOKOMO","IN",40,13,NA,NA,c(-86.123611, 40.424444)
"1728","KOKOMO WWTP","1501 W MARKLAND AVE","KOKOMO","IN",40,13,"Indiana",1,c(-86.117222, 40.483056)
"1729","KOKOMO WWTP","1501 W MARKLAND AVE","KOKOMO","IN",40,13,NA,NA,c(-86.148611, 40.48)
"1730","KOKOMO WWTP","1501 W MARKLAND AVE","KOKOMO","IN",40,13,NA,NA,c(-86.159167, 40.481639)
"1731","KOKOMO WWTP","1501 W MARKLAND AVE","KOKOMO","IN",40,13,"Indiana",1,c(-86.148611, 40.471111)
"1732","EVANSVILLE WESTSIDE WWTP","900 S TEKOPPEL AVE","EVANSVILLE","IN",30,21.7,"Indiana",1,c(-87.570056, 37.961028)
"1733","EVANSVILLE WESTSIDE WWTP","900 S TEKOPPEL AVE","EVANSVILLE","IN",30,21.7,"Indiana",1,c(-87.551417, 37.951889)
"1734","EVANSVILLE WESTSIDE WWTP","900 S TEKOPPEL AVE","EVANSVILLE","IN",30,21.7,"Indiana",1,c(-87.581778, 37.973583)
"1735","EVANSVILLE WESTSIDE WWTP","900 S TEKOPPEL AVE","EVANSVILLE","IN",30,21.7,"Indiana",1,c(-87.573417, 37.966806)
"1736","EVANSVILLE WESTSIDE WWTP","900 S TEKOPPEL AVE","EVANSVILLE","IN",30,21.7,"Indiana",1,c(-87.585583, 37.975278)
"1737","EVANSVILLE WESTSIDE WWTP","900 S TEKOPPEL AVE","EVANSVILLE","IN",30,21.7,"Indiana",1,c(-87.576639, 37.969944)
"1738","EVANSVILLE WESTSIDE WWTP","900 S TEKOPPEL AVE","EVANSVILLE","IN",30,21.7,"Indiana",1,c(-87.527028, 37.995111)
"1739","EVANSVILLE WESTSIDE WWTP","900 S TEKOPPEL AVE","EVANSVILLE","IN",30,21.7,"Indiana",1,c(-87.590833, 37.985639)
"1740","EVANSVILLE WESTSIDE WWTP","900 S TEKOPPEL AVE","EVANSVILLE","IN",30,21.7,"Indiana",1,c(-87.587278, 37.982917)
"1741","EVANSVILLE WESTSIDE WWTP","900 S TEKOPPEL AVE","EVANSVILLE","IN",30,21.7,"Indiana",1,c(-87.589111, 37.993778)
"1742","EVANSVILLE WESTSIDE WWTP","900 S TEKOPPEL AVE","EVANSVILLE","IN",30,21.7,"Indiana",1,c(-87.585472, 37.975278)
"1743","EVANSVILLE WESTSIDE WWTP","900 S TEKOPPEL AVE","EVANSVILLE","IN",30,21.7,"Indiana",1,c(-87.587611, 37.980306)
"1744","EVANSVILLE WESTSIDE WWTP","900 S TEKOPPEL AVE","EVANSVILLE","IN",30,21.7,"Indiana",1,c(-87.583306, 38.00125)
"1745","EVANSVILLE WESTSIDE WWTP","900 S TEKOPPEL AVE","EVANSVILLE","IN",30,21.7,"Indiana",1,c(-87.573556, 37.993083)
"1746","EVANSVILLE WESTSIDE WWTP","900 S TEKOPPEL AVE","EVANSVILLE","IN",30,21.7,"Indiana",1,c(-87.592167, 37.976833)
"1747","EVANSVILLE WESTSIDE WWTP","900 S TEKOPPEL AVE","EVANSVILLE","IN",30,21.7,"Indiana",1,c(-87.600389, 37.973083)
"1748","EVANSVILLE WESTSIDE WWTP","900 S TEKOPPEL AVE","EVANSVILLE","IN",30,21.7,"Indiana",1,c(-87.5675, 37.994528)
"1749","EVANSVILLE WESTSIDE WWTP","900 S TEKOPPEL AVE","EVANSVILLE","IN",30,21.7,"Indiana",1,c(-87.565972, 37.999139)
"1750","EVANSVILLE WESTSIDE WWTP","900 S TEKOPPEL AVE","EVANSVILLE","IN",30,21.7,"Indiana",1,c(-87.567806, 37.994389)
"1751","EVANSVILLE WESTSIDE WWTP","900 S TEKOPPEL AVE","EVANSVILLE","IN",30,21.7,"Indiana",1,c(-87.572083, 37.965139)
"1752","EVANSVILLE WESTSIDE WWTP","900 S TEKOPPEL AVE","EVANSVILLE","IN",30,21.7,"Indiana",1,c(-87.567306, 37.956333)
"1753","CRAWFORDSVILLE WWTP","515 BLUFF ST","CRAWFORDSVILLE","IN",4.7,2,"Indiana",1,c(-86.900833, 40.047083)
"1754","SPEEDWAY WWTP","4251 W VERMONT ST","SPEEDWAY","IN",7.5,NA,"Indiana",1,c(-86.233083, 39.770278)
"1755","EVANSVILLE EASTSIDE WWTP","1500 WATERWORKS RD","EVANSVILLE","IN",18,12.7,"Indiana",1,c(-87.558389, 37.948444)
"1756","EVANSVILLE EASTSIDE WWTP","1500 WATERWORKS RD","EVANSVILLE","IN",18,12.7,"Indiana",1,c(-87.564194, 37.953833)
"1757","EVANSVILLE EASTSIDE WWTP","1500 WATERWORKS RD","EVANSVILLE","IN",18,12.7,"Indiana",1,c(-87.570056, 37.961028)
"1758","EVANSVILLE EASTSIDE WWTP","1500 WATERWORKS RD","EVANSVILLE","IN",18,12.7,"Indiana",1,c(-87.5515, 37.950667)
"1759","EVANSVILLE EASTSIDE WWTP","1500 WATERWORKS RD","EVANSVILLE","IN",18,12.7,"Indiana",1,c(-87.581778, 37.973583)
"1760","EVANSVILLE EASTSIDE WWTP","1500 WATERWORKS RD","EVANSVILLE","IN",18,12.7,"Indiana",1,c(-87.5745, 37.966222)
"1761","EVANSVILLE EASTSIDE WWTP","1500 WATERWORKS RD","EVANSVILLE","IN",18,12.7,"Indiana",1,c(-87.576722, 37.969889)
"1762","EVANSVILLE EASTSIDE WWTP","1500 WATERWORKS RD","EVANSVILLE","IN",18,12.7,"Indiana",1,c(-87.527083, 37.995111)
"1763","EVANSVILLE EASTSIDE WWTP","1500 WATERWORKS RD","EVANSVILLE","IN",18,12.7,"Indiana",1,c(-87.573917, 37.964278)
"1764","MOUNT VERNON WWTP","410 OLD SR 69","MOUNT VERNON","IN",4.1,2,NA,NA,c(-87.909333, 37.923806)
"1765","MOUNT VERNON WWTP","410 OLD SR 69","MOUNT VERNON","IN",4.1,2,NA,NA,c(-87.897361, 37.929)
"1766","MOUNT VERNON WWTP","410 OLD SR 69","MOUNT VERNON","IN",4.1,2,"Indiana",1,c(-87.886139, 37.929111)
"1767","MOUNT VERNON WWTP","410 OLD SR 69","MOUNT VERNON","IN",4.1,2,"Indiana",1,c(-87.888417, 37.9295)
"1768","MOUNT VERNON WWTP","410 OLD SR 69","MOUNT VERNON","IN",4.1,2,"Indiana",1,c(-87.878972, 37.9345)
"1769","MOUNT VERNON WWTP","410 OLD SR 69","MOUNT VERNON","IN",4.1,2,NA,NA,c(-87.916167, 37.9385)
"1770","MILFORD WWTP","1001 W 1250 N","MILFORD","IN",0.75,0.25,NA,NA,c(-85.8555, 41.4085)
"1771","DECATUR WWTP","1309 MONMOUTH RD","DECATUR","IN",7.1,1.8,NA,NA,c(-84.921944, 40.833778)
"1772","DECATUR WWTP","1309 MONMOUTH RD","DECATUR","IN",7.1,1.8,NA,NA,c(-84.922, 40.834139)
"1773","DECATUR WWTP","1309 MONMOUTH RD","DECATUR","IN",7.1,1.8,NA,NA,c(-84.921833, 40.831861)
"1774","DECATUR WWTP","1309 MONMOUTH RD","DECATUR","IN",7.1,1.8,NA,NA,c(-84.921639, 40.829111)
"1775","AURORA COMBINED COLLECTION SYSTEM","AURORA CITY","AURORA","IN",0,NA,NA,NA,c(-84.897944, 39.056861)
"1776","AURORA COMBINED COLLECTION SYSTEM","AURORA CITY","AURORA","IN",0,NA,NA,NA,c(-84.896889, 39.060389)
"1777","AURORA COMBINED COLLECTION SYSTEM","AURORA CITY","AURORA","IN",0,NA,NA,NA,c(-84.897861, 39.053306)
"1778","AURORA COMBINED COLLECTION SYSTEM","AURORA CITY","AURORA","IN",0,NA,NA,NA,c(-84.898028, 39.054667)
"1779","AURORA COMBINED COLLECTION SYSTEM","AURORA CITY","AURORA","IN",0,NA,NA,NA,c(-84.898417, 39.055917)
"1780","WARSAW WWTP","2056 N 150 W","WARSAW","IN",6,3.2,"Indiana",1,c(-85.859444, 41.237222)
"1781","NEW HAVEN COLLECTION SYSTEM","815 LINCOLN HWY E","NEW HAVEN","IN",0,0,"Indiana",1,c(-85.008889, 41.079167)
"1782","NEW HAVEN COLLECTION SYSTEM","815 LINCOLN HWY E","NEW HAVEN","IN",0,0,"Indiana",1,c(-85.010778, 41.075139)
"1783","NEW HAVEN COLLECTION SYSTEM","815 LINCOLN HWY E","NEW HAVEN","IN",0,0,"Indiana",1,c(-85.0325, 41.075139)
"1784","NEW HAVEN COLLECTION SYSTEM","815 LINCOLN HWY E","NEW HAVEN","IN",0,0,"Indiana",1,c(-85.045111, 41.075667)
"1785","CHESTERFIELD CSS","17 VETERANS BLVD","CHESTERFIELD","IN",NA,NA,NA,NA,c(-85.595222, 40.1135)
"1786","CHESTERFIELD CSS","17 VETERANS BLVD","CHESTERFIELD","IN",NA,NA,NA,NA,c(-85.614639, 40.117833)
"1787","CANNELTON CSS","300 HERZEELE ST","CANNELTON","IN",0,0,"Indiana",1,c(-86.747417, 37.910833)
"1788","CANNELTON CSS","300 HERZEELE ST","CANNELTON","IN",0,0,"Indiana",1,c(-86.743306, 37.906417)
"1789","CANNELTON CSS","300 HERZEELE ST","CANNELTON","IN",0,0,"Indiana",1,c(-86.742722, 37.908333)
"1790","KANSAS CITY (PLANT NO. 1) WWTP (KAW POINT)","50 MARKET STREET","KANSAS CITY","KS",NA,NA,"Kansas",1,c(-94.66068, 39.13585)
"1791","KANSAS CITY (PLANT NO. 1) WWTP (KAW POINT)","50 MARKET STREET","KANSAS CITY","KS",NA,NA,"Kansas",1,c(-94.658917, 39.135222)
"1792","KANSAS CITY (PLANT NO. 1) WWTP (KAW POINT)","50 MARKET STREET","KANSAS CITY","KS",NA,NA,"Kansas",1,c(-94.656472, 39.133583)
"1793","KANSAS CITY (PLANT NO. 1) WWTP (KAW POINT)","50 MARKET STREET","KANSAS CITY","KS",NA,NA,"Kansas",1,c(-94.65396, 39.1326)
"1794","KANSAS CITY (PLANT NO. 1) WWTP (KAW POINT)","50 MARKET STREET","KANSAS CITY","KS",NA,NA,"Kansas",1,c(-94.65375, 39.13182)
"1795","KANSAS CITY (PLANT NO. 1) WWTP (KAW POINT)","50 MARKET STREET","KANSAS CITY","KS",NA,NA,"Kansas",1,c(-94.66125, 39.122)
"1796","KANSAS CITY (PLANT NO. 1) WWTP (KAW POINT)","50 MARKET STREET","KANSAS CITY","KS",NA,NA,"Kansas",1,c(-94.65698, 39.1229)
"1797","KANSAS CITY (PLANT NO. 1) WWTP (KAW POINT)","50 MARKET STREET","KANSAS CITY","KS",NA,NA,"Kansas",1,c(-94.6523, 39.12539)
"1798","KANSAS CITY (PLANT NO. 1) WWTP (KAW POINT)","50 MARKET STREET","KANSAS CITY","KS",NA,NA,"Kansas",1,c(-94.65096, 39.12724)
"1799","KANSAS CITY (PLANT NO. 1) WWTP (KAW POINT)","50 MARKET STREET","KANSAS CITY","KS",NA,NA,"Kansas",1,c(-94.640748, 39.1293441)
"1800","KANSAS CITY (PLANT NO. 1) WWTP (KAW POINT)","50 MARKET STREET","KANSAS CITY","KS",NA,NA,"Kansas",1,c(-94.641889, 39.128056)
"1801","KANSAS CITY (PLANT NO. 1) WWTP (KAW POINT)","50 MARKET STREET","KANSAS CITY","KS",NA,NA,"Kansas",1,c(-94.63807, 39.13054)
"1802","KANSAS CITY (PLANT NO. 1) WWTP (KAW POINT)","50 MARKET STREET","KANSAS CITY","KS",NA,NA,"Kansas",1,c(-94.63311, 39.1284)
"1803","KANSAS CITY (PLANT NO. 1) WWTP (KAW POINT)","50 MARKET STREET","KANSAS CITY","KS",NA,NA,"Kansas",1,c(-94.63245, 39.12799)
"1804","KANSAS CITY (PLANT NO. 1) WWTP (KAW POINT)","50 MARKET STREET","KANSAS CITY","KS",NA,NA,"Kansas",1,c(-94.63238, 39.12349)
"1805","KANSAS CITY (PLANT NO. 1) WWTP (KAW POINT)","50 MARKET STREET","KANSAS CITY","KS",NA,NA,"Kansas",1,c(-94.62138, 39.12156)
"1806","KANSAS CITY (PLANT NO. 1) WWTP (KAW POINT)","50 MARKET STREET","KANSAS CITY","KS",NA,NA,"Kansas",1,c(-94.62146, 39.12343)
"1807","KANSAS CITY (PLANT NO. 1) WWTP (KAW POINT)","50 MARKET STREET","KANSAS CITY","KS",NA,NA,"Kansas",1,c(-94.61883, 39.12154)
"1808","KANSAS CITY (PLANT NO. 1) WWTP (KAW POINT)","50 MARKET STREET","KANSAS CITY","KS",NA,NA,"Kansas",1,c(-94.61613, 39.12255)
"1809","KANSAS CITY (PLANT NO. 1) WWTP (KAW POINT)","50 MARKET STREET","KANSAS CITY","KS",NA,NA,"Kansas",1,c(-94.64935, 39.12747)
"1810","KANSAS CITY (PLANT NO. 1) WWTP (KAW POINT)","50 MARKET STREET","KANSAS CITY","KS",NA,NA,"Kansas",1,c(-94.64146, 39.14883)
"1811","KANSAS CITY (PLANT NO. 1) WWTP (KAW POINT)","50 MARKET STREET","KANSAS CITY","KS",NA,NA,"Kansas",1,c(-94.63779, 39.14711)
"1812","KANSAS CITY (PLANT NO. 1) WWTP (KAW POINT)","50 MARKET STREET","KANSAS CITY","KS",NA,NA,"Kansas",1,c(-94.63342, 39.14562)
"1813","KANSAS CITY (PLANT NO. 1) WWTP (KAW POINT)","50 MARKET STREET","KANSAS CITY","KS",NA,NA,"Kansas",1,c(-94.6221, 39.13945)
"1814","KANSAS CITY (PLANT NO. 1) WWTP (KAW POINT)","50 MARKET STREET","KANSAS CITY","KS",NA,NA,"Kansas",1,c(-94.622444, 39.140278)
"1815","KANSAS CITY (PLANT NO. 1) WWTP (KAW POINT)","50 MARKET STREET","KANSAS CITY","KS",NA,NA,NA,NA,c(-94.61307, 39.1087)
"1816","KANSAS CITY (PLANT NO. 1) WWTP (KAW POINT)","50 MARKET STREET","KANSAS CITY","KS",NA,NA,NA,NA,c(-94.618639, 39.110861)
"1817","KANSAS CITY (PLANT NO. 1) WWTP (KAW POINT)","50 MARKET STREET","KANSAS CITY","KS",NA,NA,NA,NA,c(-94.64475, 39.087361)
"1818","KANSAS CITY (PLANT NO. 1) WWTP (KAW POINT)","50 MARKET STREET","KANSAS CITY","KS",NA,NA,"Kansas",1,c(-94.640028, 39.087444)
"1819","KANSAS CITY (PLANT NO. 1) WWTP (KAW POINT)","50 MARKET STREET","KANSAS CITY","KS",NA,NA,"Kansas",1,c(-94.63054, 39.08078)
"1820","KANSAS CITY (PLANT NO. 1) WWTP (KAW POINT)","50 MARKET STREET","KANSAS CITY","KS",NA,NA,NA,NA,c(-94.621139, 39.104639)
"1821","KANSAS CITY (PLANT NO. 1) WWTP (KAW POINT)","50 MARKET STREET","KANSAS CITY","KS",NA,NA,"Kansas",1,c(-94.64441, 39.07169)
"1822","KANSAS CITY (PLANT NO. 1) WWTP (KAW POINT)","50 MARKET STREET","KANSAS CITY","KS",NA,NA,"Kansas",1,c(-94.649472, 39.074778)
"1823","KANSAS CITY (PLANT NO. 1) WWTP (KAW POINT)","50 MARKET STREET","KANSAS CITY","KS",NA,NA,"Kansas",1,c(-94.66179, 39.10431)
"1824","KANSAS CITY (PLANT NO. 1) WWTP (KAW POINT)","50 MARKET STREET","KANSAS CITY","KS",NA,NA,"Kansas",1,c(-94.6609, 39.10603)
"1825","KANSAS CITY (PLANT NO. 1) WWTP (KAW POINT)","50 MARKET STREET","KANSAS CITY","KS",NA,NA,"Kansas",1,c(-94.618722, 39.122556)
"1826","KANSAS CITY (PLANT NO. 1) WWTP (KAW POINT)","50 MARKET STREET","KANSAS CITY","KS",NA,NA,NA,NA,c(-94.611472, 39.1225)
"1827","KANSAS CITY (PLANT NO. 1) WWTP (KAW POINT)","50 MARKET STREET","KANSAS CITY","KS",NA,NA,"Kansas",1,c(-94.63514, 39.12349)
"1828","KANSAS CITY (PLANT NO. 1) WWTP (KAW POINT)","50 MARKET STREET","KANSAS CITY","KS",NA,NA,"Kansas",1,c(-94.627722, 39.143056)
"1829","KANSAS CITY (PLANT NO. 1) WWTP (KAW POINT)","50 MARKET STREET","KANSAS CITY","KS",NA,NA,"Kansas",1,c(-94.64924, 39.12751)
"1830","KANSAS CITY (PLANT NO. 1) WWTP (KAW POINT)","50 MARKET STREET","KANSAS CITY","KS",NA,NA,"Kansas",1,c(-94.654079, 39.097812)
"1831","KANSAS CITY (PLANT NO. 1) WWTP (KAW POINT)","50 MARKET STREET","KANSAS CITY","KS",NA,NA,NA,NA,c(-94.615167, 39.115667)
"1832","KANSAS CITY (PLANT NO. 1) WWTP (KAW POINT)","50 MARKET STREET","KANSAS CITY","KS",NA,NA,"Missouri",1,c(-94.6059, 39.07921)
"1833","KANSAS CITY (PLANT NO. 1) WWTP (KAW POINT)","50 MARKET STREET","KANSAS CITY","KS",NA,NA,"Kansas",1,c(-94.61605, 39.12251)
"1834","KANSAS CITY (PLANT NO. 1) WWTP (KAW POINT)","50 MARKET STREET","KANSAS CITY","KS",NA,NA,"Kansas",1,c(-94.63511, 39.12791)
"1835","KANSAS CITY (PLANT NO. 1) WWTP (KAW POINT)","50 MARKET STREET","KANSAS CITY","KS",NA,NA,"Kansas",1,c(-94.61614, 39.12346)
"1836","KANSAS CITY (PLANT NO. 1) WWTP (KAW POINT)","50 MARKET STREET","KANSAS CITY","KS",NA,NA,"Kansas",1,c(-94.62958, 39.12347)
"1837","KANSAS CITY (PLANT NO. 1) WWTP (KAW POINT)","50 MARKET STREET","KANSAS CITY","KS",NA,NA,NA,NA,c(-94.61167, 39.12283)
"1838","TOPEKA (OAKLAND) WASTEWATER PLANT","1115 NE POPLAR ST","TOPEKA","KS",NA,NA,"Kansas",1,c(-95.663172, 39.060456)
"1839","TOPEKA (OAKLAND) WASTEWATER PLANT","1115 NE POPLAR ST","TOPEKA","KS",NA,NA,"Kansas",1,c(-95.677333, 39.060359)
"1840","TOPEKA (OAKLAND) WASTEWATER PLANT","1115 NE POPLAR ST","TOPEKA","KS",NA,NA,NA,NA,c(-95.687589, 39.066473)
"1841","TOPEKA (OAKLAND) WASTEWATER PLANT","1115 NE POPLAR ST","TOPEKA","KS",NA,NA,"Kansas",1,c(-95.679627, 39.05954)
"1842","TOPEKA (OAKLAND) WASTEWATER PLANT","1115 NE POPLAR ST","TOPEKA","KS",NA,NA,"Kansas",1,c(-95.671645, 39.060845)
"1843","TOPEKA (OAKLAND) WASTEWATER PLANT","1115 NE POPLAR ST","TOPEKA","KS",NA,NA,"Kansas",1,c(-95.65958, 39.068814)
"1844","RWRA MAX RHOADS WWTP","1201 EWING RD N","OWENSBORO","KY",15,8.12,"Kentucky",1,c(-87.102132, 37.776509)
"1845","RWRA MAX RHOADS WWTP","1201 EWING RD N","OWENSBORO","KY",15,8.12,"Kentucky",1,c(-87.11609, 37.776597)
"1846","RWRA MAX RHOADS WWTP","1201 EWING RD N","OWENSBORO","KY",15,8.12,"Kentucky",1,c(-87.115932, 37.776479)
"1847","RWRA MAX RHOADS WWTP","1201 EWING RD N","OWENSBORO","KY",15,8.12,"Kentucky",1,c(-87.132429, 37.77997)
"1848","RWRA MAX RHOADS WWTP","1201 EWING RD N","OWENSBORO","KY",15,8.12,"Kentucky",1,c(-87.104366, 37.776479)
"1849","RWRA MAX RHOADS WWTP","1201 EWING RD N","OWENSBORO","KY",15,8.12,"Kentucky",1,c(-87.112685, 37.776428)
"1850","RWRA MAX RHOADS WWTP","1201 EWING RD N","OWENSBORO","KY",15,8.12,"Kentucky",1,c(-87.113944, 37.7765)
"1851","RWRA MAX RHOADS WWTP","1201 EWING RD N","OWENSBORO","KY",15,8.12,"Kentucky",1,c(-87.1218, 37.77695)
"1852","MAYSVILLE STP","1029 W 2ND ST","MAYSVILLE","KY",3.4,1.345,"Kentucky",1,c(-83.775556, 38.656944)
"1853","MAYSVILLE STP","1029 W 2ND ST","MAYSVILLE","KY",3.4,1.345,"Kentucky",1,c(-83.775556, 38.658889)
"1854","MAYSVILLE STP","1029 W 2ND ST","MAYSVILLE","KY",3.4,1.345,"Kentucky",1,c(-83.767222, 38.650278)
"1855","MAYSVILLE STP","1029 W 2ND ST","MAYSVILLE","KY",3.4,1.345,"Kentucky",1,c(-83.762222, 38.648056)
"1856","MAYSVILLE STP","1029 W 2ND ST","MAYSVILLE","KY",3.4,1.345,"Kentucky",1,c(-83.7525, 38.646111)
"1857","MAYSVILLE STP","1029 W 2ND ST","MAYSVILLE","KY",3.4,1.345,"Kentucky",1,c(-83.754722, 38.645833)
"1858","MAYSVILLE STP","1029 W 2ND ST","MAYSVILLE","KY",3.4,1.345,"Kentucky",1,c(-83.752778, 38.645556)
"1859","MAYSVILLE STP","1029 W 2ND ST","MAYSVILLE","KY",3.4,1.345,"Kentucky",1,c(-83.746111, 38.644444)
"1860","MAYSVILLE STP","1029 W 2ND ST","MAYSVILLE","KY",3.4,1.345,"Kentucky",1,c(-83.735, 38.643611)
"1861","MAYSVILLE STP","1029 W 2ND ST","MAYSVILLE","KY",3.4,1.345,"Kentucky",1,c(-83.760278, 38.643056)
"1862","HENDERSON STP","205 DRURY LN","HENDERSON","KY",15,6.832,NA,NA,c(-87.613333, 37.823056)
"1863","HENDERSON STP","205 DRURY LN","HENDERSON","KY",15,6.832,NA,NA,c(-87.606667, 37.828889)
"1864","HENDERSON STP","205 DRURY LN","HENDERSON","KY",15,6.832,NA,NA,c(-87.6025, 37.832778)
"1865","HENDERSON STP","205 DRURY LN","HENDERSON","KY",15,6.832,"Kentucky",1,c(-87.601111, 37.834722)
"1866","HENDERSON STP","205 DRURY LN","HENDERSON","KY",15,6.832,"Kentucky",1,c(-87.598611, 37.837222)
"1867","HENDERSON STP","205 DRURY LN","HENDERSON","KY",15,6.832,"Kentucky",1,c(-87.597222, 37.838333)
"1868","HENDERSON STP","205 DRURY LN","HENDERSON","KY",15,6.832,"Kentucky",1,c(-87.596111, 37.839444)
"1869","HENDERSON STP","205 DRURY LN","HENDERSON","KY",15,6.832,"Kentucky",1,c(-87.595278, 37.840556)
"1870","HENDERSON STP","205 DRURY LN","HENDERSON","KY",15,6.832,"Kentucky",1,c(-87.594167, 37.841667)
"1871","HENDERSON STP","205 DRURY LN","HENDERSON","KY",15,6.832,"Kentucky",1,c(-87.592778, 37.844167)
"1872","HENDERSON STP","205 DRURY LN","HENDERSON","KY",15,6.832,"Kentucky",1,c(-87.589722, 37.849722)
"1873","HENDERSON STP","205 DRURY LN","HENDERSON","KY",15,6.832,"Kentucky",1,c(-87.573889, 37.833889)
"1874","HENDERSON STP","205 DRURY LN","HENDERSON","KY",15,6.832,NA,NA,c(-87.623056, 37.818333)
"1875","HENDERSON STP","205 DRURY LN","HENDERSON","KY",15,6.832,NA,NA,c(-87.572222, 37.825278)
"1876","HENDERSON STP","205 DRURY LN","HENDERSON","KY",15,6.832,"Kentucky",1,c(-87.575833, 37.839167)
"1877","MORGANFIELD WWTP","1364 MCCLURE CHAPEL RD","MORGANFIELD","KY",3.5,1.66,"Kentucky",1,c(-87.90925, 37.69451)
"1878","MORGANFIELD WWTP","1364 MCCLURE CHAPEL RD","MORGANFIELD","KY",3.5,1.66,NA,NA,c(-87.01438, 37.6884)
"1879","NORTHERN KY SANITATION DISTRICT 1- DRY CREEK","2999 AMSTERDAM RD","ERLANGER","KY",46.5,46.5,NA,NA,c(-84.437283, 39.062039)
"1880","NORTHERN KY SANITATION DISTRICT 1- DRY CREEK","2999 AMSTERDAM RD","ERLANGER","KY",46.5,46.5,NA,NA,c(-84.439588, 39.073216)
"1881","NORTHERN KY SANITATION DISTRICT 1- DRY CREEK","2999 AMSTERDAM RD","ERLANGER","KY",46.5,46.5,NA,NA,c(-84.440467, 39.097319)
"1882","NORTHERN KY SANITATION DISTRICT 1- DRY CREEK","2999 AMSTERDAM RD","ERLANGER","KY",46.5,46.5,NA,NA,c(-84.44042, 39.075013)
"1883","NORTHERN KY SANITATION DISTRICT 1- DRY CREEK","2999 AMSTERDAM RD","ERLANGER","KY",46.5,46.5,NA,NA,c(-84.439078, 39.087055)
"1884","NORTHERN KY SANITATION DISTRICT 1- DRY CREEK","2999 AMSTERDAM RD","ERLANGER","KY",46.5,46.5,"Kentucky",1,c(-84.477346, 39.115305)
"1885","NORTHERN KY SANITATION DISTRICT 1- DRY CREEK","2999 AMSTERDAM RD","ERLANGER","KY",46.5,46.5,"Kentucky",1,c(-84.467694, 39.118056)
"1886","NORTHERN KY SANITATION DISTRICT 1- DRY CREEK","2999 AMSTERDAM RD","ERLANGER","KY",46.5,46.5,NA,NA,c(-84.48429, 39.109485)
"1887","NORTHERN KY SANITATION DISTRICT 1- DRY CREEK","2999 AMSTERDAM RD","ERLANGER","KY",46.5,46.5,NA,NA,c(-84.483822, 39.110195)
"1888","NORTHERN KY SANITATION DISTRICT 1- DRY CREEK","2999 AMSTERDAM RD","ERLANGER","KY",46.5,46.5,NA,NA,c(-84.484915, 39.108959)
"1889","NORTHERN KY SANITATION DISTRICT 1- DRY CREEK","2999 AMSTERDAM RD","ERLANGER","KY",46.5,46.5,NA,NA,c(-84.485842, 39.107491)
"1890","NORTHERN KY SANITATION DISTRICT 1- DRY CREEK","2999 AMSTERDAM RD","ERLANGER","KY",46.5,46.5,NA,NA,c(-84.486833, 39.106153)
"1891","NORTHERN KY SANITATION DISTRICT 1- DRY CREEK","2999 AMSTERDAM RD","ERLANGER","KY",46.5,46.5,NA,NA,c(-84.488676, 39.103714)
"1892","NORTHERN KY SANITATION DISTRICT 1- DRY CREEK","2999 AMSTERDAM RD","ERLANGER","KY",46.5,46.5,"Kentucky",1,c(-84.495027, 39.097547)
"1893","NORTHERN KY SANITATION DISTRICT 1- DRY CREEK","2999 AMSTERDAM RD","ERLANGER","KY",46.5,46.5,NA,NA,c(-84.479007, 39.094216)
"1894","NORTHERN KY SANITATION DISTRICT 1- DRY CREEK","2999 AMSTERDAM RD","ERLANGER","KY",46.5,46.5,NA,NA,c(-84.488758, 39.101485)
"1895","NORTHERN KY SANITATION DISTRICT 1- DRY CREEK","2999 AMSTERDAM RD","ERLANGER","KY",46.5,46.5,"Kentucky",1,c(-84.497751, 39.077734)
"1896","NORTHERN KY SANITATION DISTRICT 1- DRY CREEK","2999 AMSTERDAM RD","ERLANGER","KY",46.5,46.5,"Kentucky",1,c(-84.496056, 39.096611)
"1897","NORTHERN KY SANITATION DISTRICT 1- DRY CREEK","2999 AMSTERDAM RD","ERLANGER","KY",46.5,46.5,"Kentucky",1,c(-84.503625, 39.088868)
"1898","NORTHERN KY SANITATION DISTRICT 1- DRY CREEK","2999 AMSTERDAM RD","ERLANGER","KY",46.5,46.5,NA,NA,c(-84.523639, 39.089111)
"1899","NORTHERN KY SANITATION DISTRICT 1- DRY CREEK","2999 AMSTERDAM RD","ERLANGER","KY",46.5,46.5,"Kentucky",1,c(-84.500068, 39.094163)
"1900","NORTHERN KY SANITATION DISTRICT 1- DRY CREEK","2999 AMSTERDAM RD","ERLANGER","KY",46.5,46.5,"Kentucky",1,c(-84.493991, 39.049433)
"1901","NORTHERN KY SANITATION DISTRICT 1- DRY CREEK","2999 AMSTERDAM RD","ERLANGER","KY",46.5,46.5,"Kentucky",1,c(-84.492583, 39.048361)
"1902","NORTHERN KY SANITATION DISTRICT 1- DRY CREEK","2999 AMSTERDAM RD","ERLANGER","KY",46.5,46.5,NA,NA,c(-84.496956, 39.053826)
"1903","NORTHERN KY SANITATION DISTRICT 1- DRY CREEK","2999 AMSTERDAM RD","ERLANGER","KY",46.5,46.5,NA,NA,c(-84.495955, 39.052274)
"1904","NORTHERN KY SANITATION DISTRICT 1- DRY CREEK","2999 AMSTERDAM RD","ERLANGER","KY",46.5,46.5,NA,NA,c(-84.49612, 39.063108)
"1905","NORTHERN KY SANITATION DISTRICT 1- DRY CREEK","2999 AMSTERDAM RD","ERLANGER","KY",46.5,46.5,NA,NA,c(-84.498133, 39.058517)
"1906","NORTHERN KY SANITATION DISTRICT 1- DRY CREEK","2999 AMSTERDAM RD","ERLANGER","KY",46.5,46.5,"Kentucky",1,c(-84.494208, 39.072361)
"1907","NORTHERN KY SANITATION DISTRICT 1- DRY CREEK","2999 AMSTERDAM RD","ERLANGER","KY",46.5,46.5,"Kentucky",1,c(-84.493914, 39.071442)
"1908","NORTHERN KY SANITATION DISTRICT 1- DRY CREEK","2999 AMSTERDAM RD","ERLANGER","KY",46.5,46.5,"Kentucky",1,c(-84.494683, 39.069849)
"1909","NORTHERN KY SANITATION DISTRICT 1- DRY CREEK","2999 AMSTERDAM RD","ERLANGER","KY",46.5,46.5,"Kentucky",1,c(-84.494739, 39.067566)
"1910","NORTHERN KY SANITATION DISTRICT 1- DRY CREEK","2999 AMSTERDAM RD","ERLANGER","KY",46.5,46.5,NA,NA,c(-84.49516, 39.06597)
"1911","NORTHERN KY SANITATION DISTRICT 1- DRY CREEK","2999 AMSTERDAM RD","ERLANGER","KY",46.5,46.5,"Kentucky",1,c(-84.497181, 39.075385)
"1912","NORTHERN KY SANITATION DISTRICT 1- DRY CREEK","2999 AMSTERDAM RD","ERLANGER","KY",46.5,46.5,"Kentucky",1,c(-84.495377, 39.073539)
"1913","NORTHERN KY SANITATION DISTRICT 1- DRY CREEK","2999 AMSTERDAM RD","ERLANGER","KY",46.5,46.5,"Kentucky",1,c(-84.499858, 39.079125)
"1914","NORTHERN KY SANITATION DISTRICT 1- DRY CREEK","2999 AMSTERDAM RD","ERLANGER","KY",46.5,46.5,"Kentucky",1,c(-84.499091, 39.07797)
"1915","NORTHERN KY SANITATION DISTRICT 1- DRY CREEK","2999 AMSTERDAM RD","ERLANGER","KY",46.5,46.5,"Kentucky",1,c(-84.498634, 39.077302)
"1916","NORTHERN KY SANITATION DISTRICT 1- DRY CREEK","2999 AMSTERDAM RD","ERLANGER","KY",46.5,46.5,"Kentucky",1,c(-84.504684, 39.085541)
"1917","NORTHERN KY SANITATION DISTRICT 1- DRY CREEK","2999 AMSTERDAM RD","ERLANGER","KY",46.5,46.5,"Kentucky",1,c(-84.503372, 39.083225)
"1918","NORTHERN KY SANITATION DISTRICT 1- DRY CREEK","2999 AMSTERDAM RD","ERLANGER","KY",46.5,46.5,"Kentucky",1,c(-84.502601, 39.082346)
"1919","NORTHERN KY SANITATION DISTRICT 1- DRY CREEK","2999 AMSTERDAM RD","ERLANGER","KY",46.5,46.5,"Kentucky",1,c(-84.502153, 39.081793)
"1920","NORTHERN KY SANITATION DISTRICT 1- DRY CREEK","2999 AMSTERDAM RD","ERLANGER","KY",46.5,46.5,"Kentucky",1,c(-84.501722, 39.081194)
"1921","NORTHERN KY SANITATION DISTRICT 1- DRY CREEK","2999 AMSTERDAM RD","ERLANGER","KY",46.5,46.5,"Kentucky",1,c(-84.500686, 39.080308)
"1922","NORTHERN KY SANITATION DISTRICT 1- DRY CREEK","2999 AMSTERDAM RD","ERLANGER","KY",46.5,46.5,"Kentucky",1,c(-84.515114, 39.089765)
"1923","NORTHERN KY SANITATION DISTRICT 1- DRY CREEK","2999 AMSTERDAM RD","ERLANGER","KY",46.5,46.5,"Kentucky",1,c(-84.510417, 39.090968)
"1924","NORTHERN KY SANITATION DISTRICT 1- DRY CREEK","2999 AMSTERDAM RD","ERLANGER","KY",46.5,46.5,"Kentucky",1,c(-84.509154, 39.091071)
"1925","NORTHERN KY SANITATION DISTRICT 1- DRY CREEK","2999 AMSTERDAM RD","ERLANGER","KY",46.5,46.5,"Kentucky",1,c(-84.507115, 39.09146)
"1926","NORTHERN KY SANITATION DISTRICT 1- DRY CREEK","2999 AMSTERDAM RD","ERLANGER","KY",46.5,46.5,"Kentucky",1,c(-84.520025, 39.08935)
"1927","NORTHERN KY SANITATION DISTRICT 1- DRY CREEK","2999 AMSTERDAM RD","ERLANGER","KY",46.5,46.5,"Kentucky",1,c(-84.517597, 39.089436)
"1928","NORTHERN KY SANITATION DISTRICT 1- DRY CREEK","2999 AMSTERDAM RD","ERLANGER","KY",46.5,46.5,NA,NA,c(-84.531473, 39.091928)
"1929","NORTHERN KY SANITATION DISTRICT 1- DRY CREEK","2999 AMSTERDAM RD","ERLANGER","KY",46.5,46.5,NA,NA,c(-84.529541, 39.090754)
"1930","NORTHERN KY SANITATION DISTRICT 1- DRY CREEK","2999 AMSTERDAM RD","ERLANGER","KY",46.5,46.5,NA,NA,c(-84.53867, 39.095513)
"1931","NORTHERN KY SANITATION DISTRICT 1- DRY CREEK","2999 AMSTERDAM RD","ERLANGER","KY",46.5,46.5,"Kentucky",1,c(-84.555211, 39.093156)
"1932","NORTHERN KY SANITATION DISTRICT 1- DRY CREEK","2999 AMSTERDAM RD","ERLANGER","KY",46.5,46.5,"Kentucky",1,c(-84.551274, 39.09593)
"1933","NORTHERN KY SANITATION DISTRICT 1- DRY CREEK","2999 AMSTERDAM RD","ERLANGER","KY",46.5,46.5,"Kentucky",1,c(-84.550061, 39.096119)
"1934","NORTHERN KY SANITATION DISTRICT 1- DRY CREEK","2999 AMSTERDAM RD","ERLANGER","KY",46.5,46.5,"Kentucky",1,c(-84.547591, 39.096706)
"1935","NORTHERN KY SANITATION DISTRICT 1- DRY CREEK","2999 AMSTERDAM RD","ERLANGER","KY",46.5,46.5,"Kentucky",1,c(-84.543748, 39.096798)
"1936","NORTHERN KY SANITATION DISTRICT 1- DRY CREEK","2999 AMSTERDAM RD","ERLANGER","KY",46.5,46.5,"Kentucky",1,c(-84.559775, 39.086956)
"1937","NORTHERN KY SANITATION DISTRICT 1- DRY CREEK","2999 AMSTERDAM RD","ERLANGER","KY",46.5,46.5,"Kentucky",1,c(-84.56425, 39.08315)
"1938","NORTHERN KY SANITATION DISTRICT 1- DRY CREEK","2999 AMSTERDAM RD","ERLANGER","KY",46.5,46.5,"Kentucky",1,c(-84.560073, 39.085299)
"1939","NORTHERN KY SANITATION DISTRICT 1- DRY CREEK","2999 AMSTERDAM RD","ERLANGER","KY",46.5,46.5,NA,NA,c(-84.505193, 39.036099)
"1940","NORTHERN KY SANITATION DISTRICT 1- DRY CREEK","2999 AMSTERDAM RD","ERLANGER","KY",46.5,46.5,NA,NA,c(-84.495966, 39.033783)
"1941","NORTHERN KY SANITATION DISTRICT 1- DRY CREEK","2999 AMSTERDAM RD","ERLANGER","KY",46.5,46.5,"Kentucky",1,c(-84.49409, 39.033712)
"1942","NORTHERN KY SANITATION DISTRICT 1- DRY CREEK","2999 AMSTERDAM RD","ERLANGER","KY",46.5,46.5,"Kentucky",1,c(-84.485778, 39.04)
"1943","NORTHERN KY SANITATION DISTRICT 1- DRY CREEK","2999 AMSTERDAM RD","ERLANGER","KY",46.5,46.5,"Kentucky",1,c(-84.487045, 39.038211)
"1944","NORTHERN KY SANITATION DISTRICT 1- DRY CREEK","2999 AMSTERDAM RD","ERLANGER","KY",46.5,46.5,"Kentucky",1,c(-84.492045, 39.100174)
"1945","NORTHERN KY SANITATION DISTRICT 1- DRY CREEK","2999 AMSTERDAM RD","ERLANGER","KY",46.5,46.5,NA,NA,c(-84.397126, 39.0362)
"1946","NORTHERN KY SANITATION DISTRICT 1- DRY CREEK","2999 AMSTERDAM RD","ERLANGER","KY",46.5,46.5,"Kentucky",1,c(-84.447444, 39.109722)
"1947","NORTHERN KY SANITATION DISTRICT 1- DRY CREEK","2999 AMSTERDAM RD","ERLANGER","KY",46.5,46.5,NA,NA,c(-84.482556, 39.111472)
"1948","NORTHERN KY SANITATION DISTRICT 1- DRY CREEK","2999 AMSTERDAM RD","ERLANGER","KY",46.5,46.5,NA,NA,c(-84.483387, 39.110769)
"1949","NORTHERN KY SANITATION DISTRICT 1- DRY CREEK","2999 AMSTERDAM RD","ERLANGER","KY",46.5,46.5,NA,NA,c(-84.473226, 39.099851)
"1950","NORTHERN KY SANITATION DISTRICT 1- DRY CREEK","2999 AMSTERDAM RD","ERLANGER","KY",46.5,46.5,NA,NA,c(-84.477944, 39.099267)
"1951","NORTHERN KY SANITATION DISTRICT 1- DRY CREEK","2999 AMSTERDAM RD","ERLANGER","KY",46.5,46.5,NA,NA,c(-84.479241, 39.0991)
"1952","NORTHERN KY SANITATION DISTRICT 1- DRY CREEK","2999 AMSTERDAM RD","ERLANGER","KY",46.5,46.5,NA,NA,c(-84.479798, 39.098777)
"1953","NORTHERN KY SANITATION DISTRICT 1- DRY CREEK","2999 AMSTERDAM RD","ERLANGER","KY",46.5,46.5,NA,NA,c(-84.476971, 39.093311)
"1954","NORTHERN KY SANITATION DISTRICT 1- DRY CREEK","2999 AMSTERDAM RD","ERLANGER","KY",46.5,46.5,NA,NA,c(-84.482249, 39.096297)
"1955","NORTHERN KY SANITATION DISTRICT 1- DRY CREEK","2999 AMSTERDAM RD","ERLANGER","KY",46.5,46.5,NA,NA,c(-84.480389, 39.095028)
"1956","NORTHERN KY SANITATION DISTRICT 1- DRY CREEK","2999 AMSTERDAM RD","ERLANGER","KY",46.5,46.5,"Kentucky",1,c(-84.486577, 39.0975)
"1957","NORTHERN KY SANITATION DISTRICT 1- DRY CREEK","2999 AMSTERDAM RD","ERLANGER","KY",46.5,46.5,"Kentucky",1,c(-84.501272, 39.082142)
"1958","NORTHERN KY SANITATION DISTRICT 1- DRY CREEK","2999 AMSTERDAM RD","ERLANGER","KY",46.5,46.5,"Kentucky",1,c(-84.500218, 39.080968)
"1959","NORTHERN KY SANITATION DISTRICT 1- DRY CREEK","2999 AMSTERDAM RD","ERLANGER","KY",46.5,46.5,"Kentucky",1,c(-84.504905, 39.089531)
"1960","NORTHERN KY SANITATION DISTRICT 1- DRY CREEK","2999 AMSTERDAM RD","ERLANGER","KY",46.5,46.5,NA,NA,c(-84.498443, 39.0582)
"1961","NORTHERN KY SANITATION DISTRICT 1- DRY CREEK","2999 AMSTERDAM RD","ERLANGER","KY",46.5,46.5,NA,NA,c(-84.497462, 39.060179)
"1962","NORTHERN KY SANITATION DISTRICT 1- DRY CREEK","2999 AMSTERDAM RD","ERLANGER","KY",46.5,46.5,"Kentucky",1,c(-84.518843, 39.045596)
"1963","NORTHERN KY SANITATION DISTRICT 1- DRY CREEK","2999 AMSTERDAM RD","ERLANGER","KY",46.5,46.5,NA,NA,c(-84.527008, 39.089547)
"1964","NORTHERN KY SANITATION DISTRICT 1- DRY CREEK","2999 AMSTERDAM RD","ERLANGER","KY",46.5,46.5,"Kentucky",1,c(-84.498158, 39.078481)
"1965","NORTHERN KY SANITATION DISTRICT 1- DRY CREEK","2999 AMSTERDAM RD","ERLANGER","KY",46.5,46.5,"Kentucky",1,c(-84.557496, 39.081137)
"1966","NORTHERN KY SANITATION DISTRICT 1- DRY CREEK","2999 AMSTERDAM RD","ERLANGER","KY",46.5,46.5,NA,NA,c(-84.480178, 39.094898)
"1967","ASHLAND STP","2600 RIVERFRONT DR","ASHLAND","KY",11,6.33,"Kentucky",1,c(-82.624602, 38.476262)
"1968","ASHLAND STP","2600 RIVERFRONT DR","ASHLAND","KY",11,6.33,"Kentucky",1,c(-82.610021, 38.462385)
"1969","ASHLAND STP","2600 RIVERFRONT DR","ASHLAND","KY",11,6.33,"Kentucky",1,c(-82.614155, 38.469287)
"1970","ASHLAND STP","2600 RIVERFRONT DR","ASHLAND","KY",11,6.33,"Kentucky",1,c(-82.634964, 38.480308)
"1971","ASHLAND STP","2600 RIVERFRONT DR","ASHLAND","KY",11,6.33,"Kentucky",1,c(-82.63888, 38.481919)
"1972","ASHLAND STP","2600 RIVERFRONT DR","ASHLAND","KY",11,6.33,"Kentucky",1,c(-82.644296, 38.484467)
"1973","ASHLAND STP","2600 RIVERFRONT DR","ASHLAND","KY",11,6.33,"Kentucky",1,c(-82.652964, 38.481497)
"1974","ASHLAND STP","2600 RIVERFRONT DR","ASHLAND","KY",11,6.33,"Kentucky",1,c(-82.667536, 38.476333)
"1975","MORRIS FORMAN WQTC MSD","4522 ALGONQUIN PKWY","LOUISVILLE","KY",120,90.06,"Kentucky",1,c(-85.823333, 38.220833)
"1976","MORRIS FORMAN WQTC MSD","4522 ALGONQUIN PKWY","LOUISVILLE","KY",120,90.06,NA,NA,c(-85.695, 38.237222)
"1977","MORRIS FORMAN WQTC MSD","4522 ALGONQUIN PKWY","LOUISVILLE","KY",120,90.06,NA,NA,c(-85.711111, 38.215278)
"1978","MORRIS FORMAN WQTC MSD","4522 ALGONQUIN PKWY","LOUISVILLE","KY",120,90.06,"Kentucky",1,c(-85.803056, 38.276944)
"1979","MORRIS FORMAN WQTC MSD","4522 ALGONQUIN PKWY","LOUISVILLE","KY",120,90.06,"Kentucky",1,c(-85.731389, 38.256667)
"1980","MORRIS FORMAN WQTC MSD","4522 ALGONQUIN PKWY","LOUISVILLE","KY",120,90.06,"Kentucky",1,c(-85.756667, 38.256389)
"1981","MORRIS FORMAN WQTC MSD","4522 ALGONQUIN PKWY","LOUISVILLE","KY",120,90.06,NA,NA,c(-85.715, 38.256389)
"1982","MORRIS FORMAN WQTC MSD","4522 ALGONQUIN PKWY","LOUISVILLE","KY",120,90.06,"Kentucky",1,c(-85.761944, 38.246389)
"1983","MORRIS FORMAN WQTC MSD","4522 ALGONQUIN PKWY","LOUISVILLE","KY",120,90.06,"Kentucky",1,c(-85.763333, 38.246389)
"1984","MORRIS FORMAN WQTC MSD","4522 ALGONQUIN PKWY","LOUISVILLE","KY",120,90.06,"Kentucky",1,c(-85.762222, 38.244444)
"1985","MORRIS FORMAN WQTC MSD","4522 ALGONQUIN PKWY","LOUISVILLE","KY",120,90.06,"Kentucky",1,c(-85.765556, 38.245)
"1986","MORRIS FORMAN WQTC MSD","4522 ALGONQUIN PKWY","LOUISVILLE","KY",120,90.06,"Kentucky",1,c(-85.766944, 38.245)
"1987","MORRIS FORMAN WQTC MSD","4522 ALGONQUIN PKWY","LOUISVILLE","KY",120,90.06,"Kentucky",1,c(-85.7625, 38.242222)
"1988","MORRIS FORMAN WQTC MSD","4522 ALGONQUIN PKWY","LOUISVILLE","KY",120,90.06,"Kentucky",1,c(-85.759167, 38.241944)
"1989","MORRIS FORMAN WQTC MSD","4522 ALGONQUIN PKWY","LOUISVILLE","KY",120,90.06,"Kentucky",1,c(-85.757778, 38.244167)
"1990","MORRIS FORMAN WQTC MSD","4522 ALGONQUIN PKWY","LOUISVILLE","KY",120,90.06,"Kentucky",1,c(-85.758611, 38.244167)
"1991","MORRIS FORMAN WQTC MSD","4522 ALGONQUIN PKWY","LOUISVILLE","KY",120,90.06,"Kentucky",1,c(-85.755, 38.246111)
"1992","MORRIS FORMAN WQTC MSD","4522 ALGONQUIN PKWY","LOUISVILLE","KY",120,90.06,"Kentucky",1,c(-85.756667, 38.245833)
"1993","MORRIS FORMAN WQTC MSD","4522 ALGONQUIN PKWY","LOUISVILLE","KY",120,90.06,"Kentucky",1,c(-85.76, 38.246111)
"1994","MORRIS FORMAN WQTC MSD","4522 ALGONQUIN PKWY","LOUISVILLE","KY",120,90.06,"Kentucky",1,c(-85.745278, 38.258333)
"1995","MORRIS FORMAN WQTC MSD","4522 ALGONQUIN PKWY","LOUISVILLE","KY",120,90.06,"Kentucky",1,c(-85.769722, 38.259167)
"1996","MORRIS FORMAN WQTC MSD","4522 ALGONQUIN PKWY","LOUISVILLE","KY",120,90.06,"Kentucky",1,c(-85.768056, 38.258056)
"1997","MORRIS FORMAN WQTC MSD","4522 ALGONQUIN PKWY","LOUISVILLE","KY",120,90.06,"Kentucky",1,c(-85.783056, 38.258333)
"1998","MORRIS FORMAN WQTC MSD","4522 ALGONQUIN PKWY","LOUISVILLE","KY",120,90.06,"Kentucky",1,c(-85.813056, 38.2575)
"1999","MORRIS FORMAN WQTC MSD","4522 ALGONQUIN PKWY","LOUISVILLE","KY",120,90.06,"Kentucky",1,c(-85.761389, 38.2575)
"2000","MORRIS FORMAN WQTC MSD","4522 ALGONQUIN PKWY","LOUISVILLE","KY",120,90.06,"Kentucky",1,c(-85.759722, 38.2575)
"2001","MORRIS FORMAN WQTC MSD","4522 ALGONQUIN PKWY","LOUISVILLE","KY",120,90.06,"Kentucky",1,c(-85.758056, 38.256944)
"2002","MORRIS FORMAN WQTC MSD","4522 ALGONQUIN PKWY","LOUISVILLE","KY",120,90.06,"Kentucky",1,c(-85.751667, 38.255833)
"2003","MORRIS FORMAN WQTC MSD","4522 ALGONQUIN PKWY","LOUISVILLE","KY",120,90.06,"Kentucky",1,c(-85.745833, 38.255556)
"2004","MORRIS FORMAN WQTC MSD","4522 ALGONQUIN PKWY","LOUISVILLE","KY",120,90.06,"Kentucky",1,c(-85.731389, 38.258611)
"2005","MORRIS FORMAN WQTC MSD","4522 ALGONQUIN PKWY","LOUISVILLE","KY",120,90.06,"Kentucky",1,c(-85.736111, 38.240833)
"2006","MORRIS FORMAN WQTC MSD","4522 ALGONQUIN PKWY","LOUISVILLE","KY",120,90.06,"Kentucky",1,c(-85.723611, 38.251111)
"2007","MORRIS FORMAN WQTC MSD","4522 ALGONQUIN PKWY","LOUISVILLE","KY",120,90.06,NA,NA,c(-85.719167, 38.260833)
"2008","MORRIS FORMAN WQTC MSD","4522 ALGONQUIN PKWY","LOUISVILLE","KY",120,90.06,"Kentucky",1,c(-85.727778, 38.251944)
"2009","MORRIS FORMAN WQTC MSD","4522 ALGONQUIN PKWY","LOUISVILLE","KY",120,90.06,"Kentucky",1,c(-85.735278, 38.244444)
"2010","MORRIS FORMAN WQTC MSD","4522 ALGONQUIN PKWY","LOUISVILLE","KY",120,90.06,"Kentucky",1,c(-85.735556, 38.243889)
"2011","MORRIS FORMAN WQTC MSD","4522 ALGONQUIN PKWY","LOUISVILLE","KY",120,90.06,"Kentucky",1,c(-85.718889, 38.251667)
"2012","MORRIS FORMAN WQTC MSD","4522 ALGONQUIN PKWY","LOUISVILLE","KY",120,90.06,NA,NA,c(-85.720556, 38.258333)
"2013","MORRIS FORMAN WQTC MSD","4522 ALGONQUIN PKWY","LOUISVILLE","KY",120,90.06,NA,NA,c(-85.718056, 38.260278)
"2014","MORRIS FORMAN WQTC MSD","4522 ALGONQUIN PKWY","LOUISVILLE","KY",120,90.06,"Kentucky",1,c(-85.7325, 38.236667)
"2015","MORRIS FORMAN WQTC MSD","4522 ALGONQUIN PKWY","LOUISVILLE","KY",120,90.06,"Kentucky",1,c(-85.731667, 38.235)
"2016","MORRIS FORMAN WQTC MSD","4522 ALGONQUIN PKWY","LOUISVILLE","KY",120,90.06,"Kentucky",1,c(-85.7225, 38.255833)
"2017","MORRIS FORMAN WQTC MSD","4522 ALGONQUIN PKWY","LOUISVILLE","KY",120,90.06,NA,NA,c(-85.724444, 38.223056)
"2018","MORRIS FORMAN WQTC MSD","4522 ALGONQUIN PKWY","LOUISVILLE","KY",120,90.06,"Kentucky",1,c(-85.829167, 38.250556)
"2019","MORRIS FORMAN WQTC MSD","4522 ALGONQUIN PKWY","LOUISVILLE","KY",120,90.06,"Kentucky",1,c(-85.828611, 38.250556)
"2020","MORRIS FORMAN WQTC MSD","4522 ALGONQUIN PKWY","LOUISVILLE","KY",120,90.06,NA,NA,c(-85.723889, 38.223056)
"2021","MORRIS FORMAN WQTC MSD","4522 ALGONQUIN PKWY","LOUISVILLE","KY",120,90.06,NA,NA,c(-85.703611, 38.215278)
"2022","MORRIS FORMAN WQTC MSD","4522 ALGONQUIN PKWY","LOUISVILLE","KY",120,90.06,NA,NA,c(-85.714722, 38.218611)
"2023","MORRIS FORMAN WQTC MSD","4522 ALGONQUIN PKWY","LOUISVILLE","KY",120,90.06,NA,NA,c(-85.7275, 38.225278)
"2024","MORRIS FORMAN WQTC MSD","4522 ALGONQUIN PKWY","LOUISVILLE","KY",120,90.06,NA,NA,c(-85.727222, 38.225556)
"2025","MORRIS FORMAN WQTC MSD","4522 ALGONQUIN PKWY","LOUISVILLE","KY",120,90.06,NA,NA,c(-85.729444, 38.230833)
"2026","MORRIS FORMAN WQTC MSD","4522 ALGONQUIN PKWY","LOUISVILLE","KY",120,90.06,"Kentucky",1,c(-85.739167, 38.238333)
"2027","MORRIS FORMAN WQTC MSD","4522 ALGONQUIN PKWY","LOUISVILLE","KY",120,90.06,"Kentucky",1,c(-85.736389, 38.244444)
"2028","MORRIS FORMAN WQTC MSD","4522 ALGONQUIN PKWY","LOUISVILLE","KY",120,90.06,"Kentucky",1,c(-85.735278, 38.244722)
"2029","MORRIS FORMAN WQTC MSD","4522 ALGONQUIN PKWY","LOUISVILLE","KY",120,90.06,"Kentucky",1,c(-85.732222, 38.248056)
"2030","MORRIS FORMAN WQTC MSD","4522 ALGONQUIN PKWY","LOUISVILLE","KY",120,90.06,"Kentucky",1,c(-85.731111, 38.249722)
"2031","MORRIS FORMAN WQTC MSD","4522 ALGONQUIN PKWY","LOUISVILLE","KY",120,90.06,NA,NA,c(-85.688333, 38.233889)
"2032","MORRIS FORMAN WQTC MSD","4522 ALGONQUIN PKWY","LOUISVILLE","KY",120,90.06,"Kentucky",1,c(-85.700278, 38.248333)
"2033","MORRIS FORMAN WQTC MSD","4522 ALGONQUIN PKWY","LOUISVILLE","KY",120,90.06,"Kentucky",1,c(-85.702778, 38.248611)
"2034","MORRIS FORMAN WQTC MSD","4522 ALGONQUIN PKWY","LOUISVILLE","KY",120,90.06,"Kentucky",1,c(-85.704722, 38.245833)
"2035","MORRIS FORMAN WQTC MSD","4522 ALGONQUIN PKWY","LOUISVILLE","KY",120,90.06,"Kentucky",1,c(-85.726111, 38.256111)
"2036","MORRIS FORMAN WQTC MSD","4522 ALGONQUIN PKWY","LOUISVILLE","KY",120,90.06,NA,NA,c(-85.72, 38.258056)
"2037","MORRIS FORMAN WQTC MSD","4522 ALGONQUIN PKWY","LOUISVILLE","KY",120,90.06,NA,NA,c(-85.711667, 38.260278)
"2038","MORRIS FORMAN WQTC MSD","4522 ALGONQUIN PKWY","LOUISVILLE","KY",120,90.06,NA,NA,c(-85.721944, 38.223056)
"2039","MORRIS FORMAN WQTC MSD","4522 ALGONQUIN PKWY","LOUISVILLE","KY",120,90.06,"Kentucky",1,c(-85.720278, 38.252222)
"2040","MORRIS FORMAN WQTC MSD","4522 ALGONQUIN PKWY","LOUISVILLE","KY",120,90.06,"Kentucky",1,c(-85.731111, 38.248889)
"2041","MORRIS FORMAN WQTC MSD","4522 ALGONQUIN PKWY","LOUISVILLE","KY",120,90.06,"Kentucky",1,c(-85.739722, 38.235278)
"2042","MORRIS FORMAN WQTC MSD","4522 ALGONQUIN PKWY","LOUISVILLE","KY",120,90.06,"Kentucky",1,c(-85.730278, 38.234722)
"2043","MORRIS FORMAN WQTC MSD","4522 ALGONQUIN PKWY","LOUISVILLE","KY",120,90.06,"Kentucky",1,c(-85.709722, 38.250833)
"2044","MORRIS FORMAN WQTC MSD","4522 ALGONQUIN PKWY","LOUISVILLE","KY",120,90.06,NA,NA,c(-85.719444, 38.2625)
"2045","MORRIS FORMAN WQTC MSD","4522 ALGONQUIN PKWY","LOUISVILLE","KY",120,90.06,"Kentucky",1,c(-85.737222, 38.236389)
"2046","MORRIS FORMAN WQTC MSD","4522 ALGONQUIN PKWY","LOUISVILLE","KY",120,90.06,"Kentucky",1,c(-85.736944, 38.236667)
"2047","MORRIS FORMAN WQTC MSD","4522 ALGONQUIN PKWY","LOUISVILLE","KY",120,90.06,NA,NA,c(-85.725833, 38.225278)
"2048","MORRIS FORMAN WQTC MSD","4522 ALGONQUIN PKWY","LOUISVILLE","KY",120,90.06,"Kentucky",1,c(-85.743611, 38.237222)
"2049","MORRIS FORMAN WQTC MSD","4522 ALGONQUIN PKWY","LOUISVILLE","KY",120,90.06,"Kentucky",1,c(-85.763056, 38.258056)
"2050","MORRIS FORMAN WQTC MSD","4522 ALGONQUIN PKWY","LOUISVILLE","KY",120,90.06,NA,NA,c(-85.725278, 38.23)
"2051","MORRIS FORMAN WQTC MSD","4522 ALGONQUIN PKWY","LOUISVILLE","KY",120,90.06,NA,NA,c(-85.728611, 38.233611)
"2052","MORRIS FORMAN WQTC MSD","4522 ALGONQUIN PKWY","LOUISVILLE","KY",120,90.06,"Kentucky",1,c(-85.729722, 38.25)
"2053","MORRIS FORMAN WQTC MSD","4522 ALGONQUIN PKWY","LOUISVILLE","KY",120,90.06,NA,NA,c(-85.715278, 38.261944)
"2054","MORRIS FORMAN WQTC MSD","4522 ALGONQUIN PKWY","LOUISVILLE","KY",120,90.06,"Kentucky",1,c(-85.769722, 38.259444)
"2055","MORRIS FORMAN WQTC MSD","4522 ALGONQUIN PKWY","LOUISVILLE","KY",120,90.06,"Kentucky",1,c(-85.76, 38.257778)
"2056","MORRIS FORMAN WQTC MSD","4522 ALGONQUIN PKWY","LOUISVILLE","KY",120,90.06,"Kentucky",1,c(-85.751667, 38.255278)
"2057","MORRIS FORMAN WQTC MSD","4522 ALGONQUIN PKWY","LOUISVILLE","KY",120,90.06,"Kentucky",1,c(-85.751944, 38.254722)
"2058","MORRIS FORMAN WQTC MSD","4522 ALGONQUIN PKWY","LOUISVILLE","KY",120,90.06,NA,NA,c(-85.698056, 38.244444)
"2059","MORRIS FORMAN WQTC MSD","4522 ALGONQUIN PKWY","LOUISVILLE","KY",120,90.06,NA,NA,c(-85.705278, 38.245)
"2060","MORRIS FORMAN WQTC MSD","4522 ALGONQUIN PKWY","LOUISVILLE","KY",120,90.06,NA,NA,c(-85.711944, 38.260278)
"2061","MORRIS FORMAN WQTC MSD","4522 ALGONQUIN PKWY","LOUISVILLE","KY",120,90.06,NA,NA,c(-85.729722, 38.263056)
"2062","MORRIS FORMAN WQTC MSD","4522 ALGONQUIN PKWY","LOUISVILLE","KY",120,90.06,NA,NA,c(-85.739167, 38.229722)
"2063","MORRIS FORMAN WQTC MSD","4522 ALGONQUIN PKWY","LOUISVILLE","KY",120,90.06,"Kentucky",1,c(-85.767222, 38.245)
"2064","MORRIS FORMAN WQTC MSD","4522 ALGONQUIN PKWY","LOUISVILLE","KY",120,90.06,"Kentucky",1,c(-85.743889, 38.237222)
"2065","MORRIS FORMAN WQTC MSD","4522 ALGONQUIN PKWY","LOUISVILLE","KY",120,90.06,"Kentucky",1,c(-85.744167, 38.230278)
"2066","MORRIS FORMAN WQTC MSD","4522 ALGONQUIN PKWY","LOUISVILLE","KY",120,90.06,"Kentucky",1,c(-85.755, 38.245833)
"2067","MORRIS FORMAN WQTC MSD","4522 ALGONQUIN PKWY","LOUISVILLE","KY",120,90.06,NA,NA,c(-85.742778, 38.225)
"2068","MORRIS FORMAN WQTC MSD","4522 ALGONQUIN PKWY","LOUISVILLE","KY",120,90.06,NA,NA,c(-85.742778, 38.218611)
"2069","MORRIS FORMAN WQTC MSD","4522 ALGONQUIN PKWY","LOUISVILLE","KY",120,90.06,NA,NA,c(-85.741111, 38.216944)
"2070","MORRIS FORMAN WQTC MSD","4522 ALGONQUIN PKWY","LOUISVILLE","KY",120,90.06,NA,NA,c(-85.743889, 38.218056)
"2071","MORRIS FORMAN WQTC MSD","4522 ALGONQUIN PKWY","LOUISVILLE","KY",120,90.06,"Kentucky",1,c(-85.74, 38.233333)
"2072","MORRIS FORMAN WQTC MSD","4522 ALGONQUIN PKWY","LOUISVILLE","KY",120,90.06,"Kentucky",1,c(-85.741944, 38.231389)
"2073","MORRIS FORMAN WQTC MSD","4522 ALGONQUIN PKWY","LOUISVILLE","KY",120,90.06,"Kentucky",1,c(-85.743611, 38.232222)
"2074","MORRIS FORMAN WQTC MSD","4522 ALGONQUIN PKWY","LOUISVILLE","KY",120,90.06,"Kentucky",1,c(-85.827222, 38.255278)
"2075","MORRIS FORMAN WQTC MSD","4522 ALGONQUIN PKWY","LOUISVILLE","KY",120,90.06,"Kentucky",1,c(-85.774722, 38.264444)
"2076","MORRIS FORMAN WQTC MSD","4522 ALGONQUIN PKWY","LOUISVILLE","KY",120,90.06,"Kentucky",1,c(-85.823611, 38.221111)
"2077","MORRIS FORMAN WQTC MSD","4522 ALGONQUIN PKWY","LOUISVILLE","KY",120,90.06,"Kentucky",1,c(-85.762778, 38.241111)
"2078","MORRIS FORMAN WQTC MSD","4522 ALGONQUIN PKWY","LOUISVILLE","KY",120,90.06,"Kentucky",1,c(-85.762778, 38.24)
"2079","MORRIS FORMAN WQTC MSD","4522 ALGONQUIN PKWY","LOUISVILLE","KY",120,90.06,"Kentucky",1,c(-85.761389, 38.235)
"2080","MORRIS FORMAN WQTC MSD","4522 ALGONQUIN PKWY","LOUISVILLE","KY",120,90.06,"Kentucky",1,c(-85.760278, 38.235)
"2081","MORRIS FORMAN WQTC MSD","4522 ALGONQUIN PKWY","LOUISVILLE","KY",120,90.06,"Kentucky",1,c(-85.758611, 38.234722)
"2082","MORRIS FORMAN WQTC MSD","4522 ALGONQUIN PKWY","LOUISVILLE","KY",120,90.06,"Kentucky",1,c(-85.758889, 38.234167)
"2083","MORRIS FORMAN WQTC MSD","4522 ALGONQUIN PKWY","LOUISVILLE","KY",120,90.06,"Kentucky",1,c(-85.758889, 38.232778)
"2084","MORRIS FORMAN WQTC MSD","4522 ALGONQUIN PKWY","LOUISVILLE","KY",120,90.06,"Kentucky",1,c(-85.759444, 38.230278)
"2085","MORRIS FORMAN WQTC MSD","4522 ALGONQUIN PKWY","LOUISVILLE","KY",120,90.06,"Kentucky",1,c(-85.759722, 38.229167)
"2086","MORRIS FORMAN WQTC MSD","4522 ALGONQUIN PKWY","LOUISVILLE","KY",120,90.06,"Kentucky",1,c(-85.760556, 38.239167)
"2087","MORRIS FORMAN WQTC MSD","4522 ALGONQUIN PKWY","LOUISVILLE","KY",120,90.06,"Kentucky",1,c(-85.759722, 38.232778)
"2088","MORRIS FORMAN WQTC MSD","4522 ALGONQUIN PKWY","LOUISVILLE","KY",120,90.06,"Kentucky",1,c(-85.760833, 38.232778)
"2089","MORRIS FORMAN WQTC MSD","4522 ALGONQUIN PKWY","LOUISVILLE","KY",120,90.06,"Kentucky",1,c(-85.760556, 38.241944)
"2090","MORRIS FORMAN WQTC MSD","4522 ALGONQUIN PKWY","LOUISVILLE","KY",120,90.06,NA,NA,c(-85.741667, 38.2225)
"2091","MORRIS FORMAN WQTC MSD","4522 ALGONQUIN PKWY","LOUISVILLE","KY",120,90.06,NA,NA,c(-85.696111, 38.233333)
"2092","MORRIS FORMAN WQTC MSD","4522 ALGONQUIN PKWY","LOUISVILLE","KY",120,90.06,"Kentucky",1,c(-85.753611, 38.253611)
"2093","MORRIS FORMAN WQTC MSD","4522 ALGONQUIN PKWY","LOUISVILLE","KY",120,90.06,"Kentucky",1,c(-85.770278, 38.255278)
"2094","MORRIS FORMAN WQTC MSD","4522 ALGONQUIN PKWY","LOUISVILLE","KY",120,90.06,NA,NA,c(-85.696111, 38.233333)
"2095","MORRIS FORMAN WQTC MSD","4522 ALGONQUIN PKWY","LOUISVILLE","KY",120,90.06,NA,NA,c(-85.695, 38.237222)
"2096","MORRIS FORMAN WQTC MSD","4522 ALGONQUIN PKWY","LOUISVILLE","KY",120,90.06,"Kentucky",1,c(-85.8350326, 38.2372099)
"2097","PADUCAH/MCCRACKEN COUNTY JSA - PADUCAH","601 NORTHVIEW ST","PADUCAH","KY",9,8.298,"Kentucky",1,c(-88.640556, 37.09)
"2098","PADUCAH/MCCRACKEN COUNTY JSA - PADUCAH","601 NORTHVIEW ST","PADUCAH","KY",9,8.298,"Kentucky",1,c(-88.615278, 37.097222)
"2099","PADUCAH/MCCRACKEN COUNTY JSA - PADUCAH","601 NORTHVIEW ST","PADUCAH","KY",9,8.298,"Kentucky",1,c(-88.6, 37.092222)
"2100","PADUCAH/MCCRACKEN COUNTY JSA - PADUCAH","601 NORTHVIEW ST","PADUCAH","KY",9,8.298,"Kentucky",1,c(-88.588889, 37.075556)
"2101","PADUCAH/MCCRACKEN COUNTY JSA - PADUCAH","601 NORTHVIEW ST","PADUCAH","KY",9,8.298,"Kentucky",1,c(-88.586667, 37.072778)
"2102","PADUCAH/MCCRACKEN COUNTY JSA - PADUCAH","601 NORTHVIEW ST","PADUCAH","KY",9,8.298,"Kentucky",1,c(-88.606944, 37.078056)
"2103","PADUCAH/MCCRACKEN COUNTY JSA - PADUCAH","601 NORTHVIEW ST","PADUCAH","KY",9,8.298,"Kentucky",1,c(-88.606667, 37.077778)
"2104","PADUCAH/MCCRACKEN COUNTY JSA - PADUCAH","601 NORTHVIEW ST","PADUCAH","KY",9,8.298,"Kentucky",1,c(-88.608333, 37.073056)
"2105","PADUCAH/MCCRACKEN COUNTY JSA - PADUCAH","601 NORTHVIEW ST","PADUCAH","KY",9,8.298,"Kentucky",1,c(-88.609444, 37.071389)
"2106","PADUCAH/MCCRACKEN COUNTY JSA - PADUCAH","601 NORTHVIEW ST","PADUCAH","KY",9,8.298,"Kentucky",1,c(-88.636667, 37.08)
"2107","PADUCAH/MCCRACKEN COUNTY JSA - PADUCAH","601 NORTHVIEW ST","PADUCAH","KY",9,8.298,"Kentucky",1,c(-88.580556, 37.056389)
"2108","FRANKFORT MUNICIPAL STP","1200 KENTUCKY AVE","FRANKFORT","KY",9.9,7.06,"Kentucky",1,c(-84.86814, 38.19166)
"2109","FRANKFORT MUNICIPAL STP","1200 KENTUCKY AVE","FRANKFORT","KY",9.9,7.06,"Kentucky",1,c(-84.86929, 38.19487)
"2110","FRANKFORT MUNICIPAL STP","1200 KENTUCKY AVE","FRANKFORT","KY",9.9,7.06,"Kentucky",1,c(-84.87086, 38.19584)
"2111","FRANKFORT MUNICIPAL STP","1200 KENTUCKY AVE","FRANKFORT","KY",9.9,7.06,"Kentucky",1,c(-84.87406, 38.19639)
"2112","FRANKFORT MUNICIPAL STP","1200 KENTUCKY AVE","FRANKFORT","KY",9.9,7.06,"Kentucky",1,c(-84.87985, 38.19587)
"2113","FRANKFORT MUNICIPAL STP","1200 KENTUCKY AVE","FRANKFORT","KY",9.9,7.06,"Kentucky",1,c(-84.88076, 38.19694)
"2114","FRANKFORT MUNICIPAL STP","1200 KENTUCKY AVE","FRANKFORT","KY",9.9,7.06,"Kentucky",1,c(-84.879389, 38.203889)
"2115","FRANKFORT MUNICIPAL STP","1200 KENTUCKY AVE","FRANKFORT","KY",9.9,7.06,NA,NA,c(-84.87833, 38.20694)
"2116","FRANKFORT MUNICIPAL STP","1200 KENTUCKY AVE","FRANKFORT","KY",9.9,7.06,"Kentucky",1,c(-84.87416, 38.20937)
"2117","FRANKFORT MUNICIPAL STP","1200 KENTUCKY AVE","FRANKFORT","KY",9.9,7.06,"Kentucky",1,c(-84.88178, 38.20163)
"2118","FRANKFORT MUNICIPAL STP","1200 KENTUCKY AVE","FRANKFORT","KY",9.9,7.06,NA,NA,c(-84.87589, 38.20949)
"2119","FRANKFORT MUNICIPAL STP","1200 KENTUCKY AVE","FRANKFORT","KY",9.9,7.06,"Kentucky",1,c(-84.85675, 38.20738)
"2120","FRANKFORT MUNICIPAL STP","1200 KENTUCKY AVE","FRANKFORT","KY",9.9,7.06,"Kentucky",1,c(-84.876028, 38.206944)
"2121","FRANKFORT MUNICIPAL STP","1200 KENTUCKY AVE","FRANKFORT","KY",9.9,7.06,NA,NA,c(-84.880556, 38.204722)
"2122","FRANKFORT MUNICIPAL STP","1200 KENTUCKY AVE","FRANKFORT","KY",9.9,7.06,"Kentucky",1,c(-84.87778, 38.19722)
"2123","FRANKFORT MUNICIPAL STP","1200 KENTUCKY AVE","FRANKFORT","KY",9.9,7.06,NA,NA,c(-84.87333, 38.21472)
"2124","PINEVILLE STP","900 STEWART BRANCH RD","PINEVILLE","KY",0.721,0.687,"Kentucky",1,c(-83.700111, 36.765028)
"2125","PINEVILLE STP","900 STEWART BRANCH RD","PINEVILLE","KY",0.721,0.687,"Kentucky",1,c(-83.69975, 36.764972)
"2126","HARLAN STP","1400 GOOD NEIGHBOR RD","LOYALL","KY",1.2,0.98,"Kentucky",1,c(-83.324252, 36.845273)
"2127","LOYALL STP","GOOD NEIGHBOR RD","LOYALL","KY",0.185,0.179,"Kentucky",1,c(-83.355833, 36.849167)
"2128","LOYALL STP","GOOD NEIGHBOR RD","LOYALL","KY",0.185,0.179,"Kentucky",1,c(-83.355278, 36.8533333)
"2129","CATLETTSBURG STP","3701 PARK ST","CATLETTSBURG","KY",0.65,0.56,"Kentucky",1,c(-82.598883, 38.419867)
"2130","MONTAGUE W P C F","34 GREENFIELD ROAD","MONTAGUE","MA",1.83,NA,NA,NA,c(-72.5732032, 42.5801317)
"2131","MONTAGUE W P C F","34 GREENFIELD ROAD","MONTAGUE","MA",1.83,NA,"Massachusetts",1,c(-72.5649993, 42.6062747)
"2132","FALL RIVER W W T P","1979 BAY STREET","FALL RIVER","MA",30.9,NA,"Massachusetts",1,c(-71.1948204, 41.6799933)
"2133","FALL RIVER W W T P","1979 BAY STREET","FALL RIVER","MA",30.9,NA,"Massachusetts",1,c(-71.1898772, 41.6849515)
"2134","FALL RIVER W W T P","1979 BAY STREET","FALL RIVER","MA",30.9,NA,"Massachusetts",1,c(-71.1881839, 41.6864067)
"2135","FALL RIVER W W T P","1979 BAY STREET","FALL RIVER","MA",30.9,NA,"Massachusetts",1,c(-71.1852489, 41.6903359)
"2136","FALL RIVER W W T P","1979 BAY STREET","FALL RIVER","MA",30.9,NA,"Massachusetts",1,c(-71.1782887, 41.6966583)
"2137","FALL RIVER W W T P","1979 BAY STREET","FALL RIVER","MA",30.9,NA,"Massachusetts",1,c(-71.1726441, 41.6995646)
"2138","FALL RIVER W W T P","1979 BAY STREET","FALL RIVER","MA",30.9,NA,"Massachusetts",1,c(-71.1705592, 41.7014283)
"2139","FALL RIVER W W T P","1979 BAY STREET","FALL RIVER","MA",30.9,NA,"Massachusetts",1,c(-71.1602034, 41.7040295)
"2140","FALL RIVER W W T P","1979 BAY STREET","FALL RIVER","MA",30.9,NA,"Massachusetts",1,c(-71.1589881, 41.7118901)
"2141","FALL RIVER W W T P","1979 BAY STREET","FALL RIVER","MA",30.9,NA,"Massachusetts",1,c(-71.1591359, 41.7179132)
"2142","FALL RIVER W W T P","1979 BAY STREET","FALL RIVER","MA",30.9,NA,NA,NA,c(-71.1487661, 41.7264594)
"2143","FALL RIVER W W T P","1979 BAY STREET","FALL RIVER","MA",30.9,NA,NA,NA,c(-71.1407066, 41.7332702)
"2144","FALL RIVER W W T P","1979 BAY STREET","FALL RIVER","MA",30.9,NA,"Massachusetts",1,c(-71.1494967, 41.6967615)
"2145","FALL RIVER W W T P","1979 BAY STREET","FALL RIVER","MA",30.9,NA,"Massachusetts",1,c(-71.1471984, 41.6953914)
"2146","FALL RIVER W W T P","1979 BAY STREET","FALL RIVER","MA",30.9,NA,"Massachusetts",1,c(-71.1396272, 41.68853)
"2147","FALL RIVER W W T P","1979 BAY STREET","FALL RIVER","MA",30.9,NA,"Massachusetts",1,c(-71.1601885, 41.7042781)
"2148","FALL RIVER W W T P","1979 BAY STREET","FALL RIVER","MA",30.9,NA,"Massachusetts",1,c(-71.1627281, 41.7015893)
"2149","FALL RIVER W W T P","1979 BAY STREET","FALL RIVER","MA",30.9,NA,"Massachusetts",1,c(-71.1543474, 41.7002518)
"2150","GREATER LAWRENCE SANITARY DISTRICT","240 CHARLES STREET","NO ANDOVER","MA",52,115.17,"Massachusetts",1,c(-71.15023, 42.7040342)
"2151","GREATER LAWRENCE SANITARY DISTRICT","240 CHARLES STREET","NO ANDOVER","MA",52,115.17,"Massachusetts",1,c(-71.1648179, 42.7008306)
"2152","GREATER LAWRENCE SANITARY DISTRICT","240 CHARLES STREET","NO ANDOVER","MA",52,115.17,"Massachusetts",1,c(-71.1468732, 42.7061063)
"2153","GREATER LAWRENCE SANITARY DISTRICT","240 CHARLES STREET","NO ANDOVER","MA",52,115.17,"Massachusetts",1,c(-71.1599165, 42.7043375)
"2154","GREATER LAWRENCE SANITARY DISTRICT","240 CHARLES STREET","NO ANDOVER","MA",52,115.17,"Massachusetts",1,c(-71.151468, 42.7092997)
"2155","LYNN REGIONAL W P C F","TWO CIRCLE AVENUE","LYNN","MA",25.8,NA,NA,NA,c(-70.9752276, 42.4578601)
"2156","LYNN REGIONAL W P C F","TWO CIRCLE AVENUE","LYNN","MA",25.8,NA,"Massachusetts",1,c(-70.9447381, 42.4597406)
"2157","LYNN REGIONAL W P C F","TWO CIRCLE AVENUE","LYNN","MA",25.8,NA,"Massachusetts",1,c(-70.9446425, 42.4597856)
"2158","LYNN REGIONAL W P C F","TWO CIRCLE AVENUE","LYNN","MA",25.8,NA,"Massachusetts",1,c(-70.9220351, 42.4668257)
"2159","GLOUCESTER W P C F","50 ESSEX AVENUE","GLOUCESTER","MA",7.24,NA,"Massachusetts",1,c(-70.669694, 42.609889)
"2160","GLOUCESTER W P C F","50 ESSEX AVENUE","GLOUCESTER","MA",7.24,NA,"Massachusetts",1,c(-70.664222, 42.611028)
"2161","GLOUCESTER W P C F","50 ESSEX AVENUE","GLOUCESTER","MA",7.24,NA,"Massachusetts",1,c(-70.657306, 42.61325)
"2162","GLOUCESTER W P C F","50 ESSEX AVENUE","GLOUCESTER","MA",7.24,NA,"Massachusetts",1,c(-70.650944, 42.616361)
"2163","LOWELL REGIONAL WW UTILITY","451 FIRST ST BLVD","LOWELL","MA",32,83.36,"Massachusetts",1,c(-71.3343078, 42.64643)
"2164","LOWELL REGIONAL WW UTILITY","451 FIRST ST BLVD","LOWELL","MA",32,83.36,"Massachusetts",1,c(-71.3187252, 42.6594629)
"2165","LOWELL REGIONAL WW UTILITY","451 FIRST ST BLVD","LOWELL","MA",32,83.36,"Massachusetts",1,c(-71.3108417, 42.652007)
"2166","LOWELL REGIONAL WW UTILITY","451 FIRST ST BLVD","LOWELL","MA",32,83.36,NA,NA,c(-71.3011579, 42.647614)
"2167","LOWELL REGIONAL WW UTILITY","451 FIRST ST BLVD","LOWELL","MA",32,83.36,NA,NA,c(-71.2908587, 42.6475716)
"2168","LOWELL REGIONAL WW UTILITY","451 FIRST ST BLVD","LOWELL","MA",32,83.36,"Massachusetts",1,c(-71.3049113, 42.6431011)
"2169","LOWELL REGIONAL WW UTILITY","451 FIRST ST BLVD","LOWELL","MA",32,83.36,"Massachusetts",1,c(-71.3114207, 42.6509156)
"2170","LOWELL REGIONAL WW UTILITY","451 FIRST ST BLVD","LOWELL","MA",32,83.36,NA,NA,c(-71.2885741, 42.6454681)
"2171","LOWELL REGIONAL WW UTILITY","451 FIRST ST BLVD","LOWELL","MA",32,83.36,NA,NA,c(-71.2889159, 42.6453043)
"2172","NEW BEDFORD WASTEWATER TREATMENT FACILITY","FERRY ROAD (FORT RODMAN)","NEW BEDFORD","MA",30,NA,"Massachusetts",1,c(-70.9303853, 41.6124289)
"2173","NEW BEDFORD WASTEWATER TREATMENT FACILITY","FERRY ROAD (FORT RODMAN)","NEW BEDFORD","MA",30,NA,"Massachusetts",1,c(-70.9269418, 41.6138121)
"2174","NEW BEDFORD WASTEWATER TREATMENT FACILITY","FERRY ROAD (FORT RODMAN)","NEW BEDFORD","MA",30,NA,"Massachusetts",1,c(-70.9179597, 41.6084919)
"2175","NEW BEDFORD WASTEWATER TREATMENT FACILITY","FERRY ROAD (FORT RODMAN)","NEW BEDFORD","MA",30,NA,NA,NA,c(-70.9152931, 41.6044037)
"2176","NEW BEDFORD WASTEWATER TREATMENT FACILITY","FERRY ROAD (FORT RODMAN)","NEW BEDFORD","MA",30,NA,NA,NA,c(-70.9146252, 41.6032991)
"2177","NEW BEDFORD WASTEWATER TREATMENT FACILITY","FERRY ROAD (FORT RODMAN)","NEW BEDFORD","MA",30,NA,NA,NA,c(-70.9141324, 41.6028023)
"2178","NEW BEDFORD WASTEWATER TREATMENT FACILITY","FERRY ROAD (FORT RODMAN)","NEW BEDFORD","MA",30,NA,NA,NA,c(-70.9139864, 41.6021453)
"2179","NEW BEDFORD WASTEWATER TREATMENT FACILITY","FERRY ROAD (FORT RODMAN)","NEW BEDFORD","MA",30,NA,NA,NA,c(-70.9133582, 41.6017235)
"2180","NEW BEDFORD WASTEWATER TREATMENT FACILITY","FERRY ROAD (FORT RODMAN)","NEW BEDFORD","MA",30,NA,NA,NA,c(-70.9018546, 41.6030416)
"2181","NEW BEDFORD WASTEWATER TREATMENT FACILITY","FERRY ROAD (FORT RODMAN)","NEW BEDFORD","MA",30,NA,NA,NA,c(-70.9021394, 41.6042644)
"2182","NEW BEDFORD WASTEWATER TREATMENT FACILITY","FERRY ROAD (FORT RODMAN)","NEW BEDFORD","MA",30,NA,NA,NA,c(-70.9042739, 41.6093887)
"2183","NEW BEDFORD WASTEWATER TREATMENT FACILITY","FERRY ROAD (FORT RODMAN)","NEW BEDFORD","MA",30,NA,"Massachusetts",1,c(-70.9059673, 41.6111879)
"2184","NEW BEDFORD WASTEWATER TREATMENT FACILITY","FERRY ROAD (FORT RODMAN)","NEW BEDFORD","MA",30,NA,"Massachusetts",1,c(-70.9079924, 41.613775)
"2185","NEW BEDFORD WASTEWATER TREATMENT FACILITY","FERRY ROAD (FORT RODMAN)","NEW BEDFORD","MA",30,NA,"Massachusetts",1,c(-70.9128926, 41.6172936)
"2186","NEW BEDFORD WASTEWATER TREATMENT FACILITY","FERRY ROAD (FORT RODMAN)","NEW BEDFORD","MA",30,NA,"Massachusetts",1,c(-70.9194189, 41.6585493)
"2187","NEW BEDFORD WASTEWATER TREATMENT FACILITY","FERRY ROAD (FORT RODMAN)","NEW BEDFORD","MA",30,NA,"Massachusetts",1,c(-70.9180903, 41.6631419)
"2188","NEW BEDFORD WASTEWATER TREATMENT FACILITY","FERRY ROAD (FORT RODMAN)","NEW BEDFORD","MA",30,NA,"Massachusetts",1,c(-70.918668, 41.6659916)
"2189","NEW BEDFORD WASTEWATER TREATMENT FACILITY","FERRY ROAD (FORT RODMAN)","NEW BEDFORD","MA",30,NA,NA,NA,c(-70.9177024, 41.6797358)
"2190","NEW BEDFORD WASTEWATER TREATMENT FACILITY","FERRY ROAD (FORT RODMAN)","NEW BEDFORD","MA",30,NA,NA,NA,c(-70.9193107, 41.6835906)
"2191","NEW BEDFORD WASTEWATER TREATMENT FACILITY","FERRY ROAD (FORT RODMAN)","NEW BEDFORD","MA",30,NA,"Massachusetts",1,c(-70.9149604, 41.6258046)
"2192","NEW BEDFORD WASTEWATER TREATMENT FACILITY","FERRY ROAD (FORT RODMAN)","NEW BEDFORD","MA",30,NA,"Massachusetts",1,c(-70.9154853, 41.6284369)
"2193","NEW BEDFORD WASTEWATER TREATMENT FACILITY","FERRY ROAD (FORT RODMAN)","NEW BEDFORD","MA",30,NA,"Massachusetts",1,c(-70.9199868, 41.6323227)
"2194","NEW BEDFORD WASTEWATER TREATMENT FACILITY","FERRY ROAD (FORT RODMAN)","NEW BEDFORD","MA",30,NA,"Massachusetts",1,c(-70.920402, 41.6354725)
"2195","NEW BEDFORD WASTEWATER TREATMENT FACILITY","FERRY ROAD (FORT RODMAN)","NEW BEDFORD","MA",30,NA,"Massachusetts",1,c(-70.9215323, 41.6413902)
"2196","NEW BEDFORD WASTEWATER TREATMENT FACILITY","FERRY ROAD (FORT RODMAN)","NEW BEDFORD","MA",30,NA,"Massachusetts",1,c(-70.9211811, 41.6448737)
"2197","NEW BEDFORD WASTEWATER TREATMENT FACILITY","FERRY ROAD (FORT RODMAN)","NEW BEDFORD","MA",30,NA,"Massachusetts",1,c(-70.9185128, 41.6563115)
"2198","NEW BEDFORD WASTEWATER TREATMENT FACILITY","FERRY ROAD (FORT RODMAN)","NEW BEDFORD","MA",30,NA,"Massachusetts",1,c(-70.9190414, 41.66914)
"2199","TAUNTON W W T P","825 WEST WATER STREET","TAUNTON","MA",8.4,NA,NA,NA,c(-71.0923419, 41.8805425)
"2200","EAST FITCHBURG WWTF","24 LANIDES LANE","FITCHBURG","MA",12.3,NA,NA,NA,c(-71.8219527, 42.5810828)
"2201","EAST FITCHBURG WWTF","24 LANIDES LANE","FITCHBURG","MA",12.3,NA,"Massachusetts",1,c(-71.8088573, 42.5870067)
"2202","EAST FITCHBURG WWTF","24 LANIDES LANE","FITCHBURG","MA",12.3,NA,"Massachusetts",1,c(-71.8063211, 42.5856974)
"2203","EAST FITCHBURG WWTF","24 LANIDES LANE","FITCHBURG","MA",12.3,NA,NA,NA,c(-71.7939387, 42.5787541)
"2204","EAST FITCHBURG WWTF","24 LANIDES LANE","FITCHBURG","MA",12.3,NA,NA,NA,c(-71.772891, 42.5625562)
"2205","EAST FITCHBURG WWTF","24 LANIDES LANE","FITCHBURG","MA",12.3,NA,"Massachusetts",1,c(-71.7984408, 42.5818221)
"2206","EAST FITCHBURG WWTF","24 LANIDES LANE","FITCHBURG","MA",12.3,NA,"Massachusetts",1,c(-71.798389, 42.5818215)
"2207","EAST FITCHBURG WWTF","24 LANIDES LANE","FITCHBURG","MA",12.3,NA,NA,NA,c(-71.7940403, 42.5789147)
"2208","EAST FITCHBURG WWTF","24 LANIDES LANE","FITCHBURG","MA",12.3,NA,NA,NA,c(-71.7843391, 42.5710988)
"2209","EAST FITCHBURG WWTF","24 LANIDES LANE","FITCHBURG","MA",12.3,NA,NA,NA,c(-71.7910198, 42.5742898)
"2210","EAST FITCHBURG WWTF","24 LANIDES LANE","FITCHBURG","MA",12.3,NA,"Massachusetts",1,c(-71.798421, 42.581848)
"2211","BOSTON WATER AND SEWER COMM, CSO","980 HARRISON STREET","BOSTON","MA",330,NA,NA,NA,c(-71.0277414, 42.357852)
"2212","BOSTON WATER AND SEWER COMM, CSO","980 HARRISON STREET","BOSTON","MA",330,NA,NA,NA,c(-71.0268803, 42.3647725)
"2213","BOSTON WATER AND SEWER COMM, CSO","980 HARRISON STREET","BOSTON","MA",330,NA,NA,NA,c(-71.0282512, 42.364018)
"2214","BOSTON WATER AND SEWER COMM, CSO","980 HARRISON STREET","BOSTON","MA",330,NA,"Massachusetts",1,c(-71.0441289, 42.3703146)
"2215","BOSTON WATER AND SEWER COMM, CSO","980 HARRISON STREET","BOSTON","MA",330,NA,"Massachusetts",1,c(-71.0421693, 42.3734418)
"2216","BOSTON WATER AND SEWER COMM, CSO","980 HARRISON STREET","BOSTON","MA",330,NA,"Massachusetts",1,c(-71.0422153, 42.3778079)
"2217","BOSTON WATER AND SEWER COMM, CSO","980 HARRISON STREET","BOSTON","MA",330,NA,"Massachusetts",1,c(-71.0393269, 42.3841044)
"2218","BOSTON WATER AND SEWER COMM, CSO","980 HARRISON STREET","BOSTON","MA",330,NA,"Massachusetts",1,c(-71.0271336, 42.3826966)
"2219","BOSTON WATER AND SEWER COMM, CSO","980 HARRISON STREET","BOSTON","MA",330,NA,NA,NA,c(-71.068804, 42.3854727)
"2220","BOSTON WATER AND SEWER COMM, CSO","980 HARRISON STREET","BOSTON","MA",330,NA,"Massachusetts",1,c(-71.0510177, 42.3799655)
"2221","BOSTON WATER AND SEWER COMM, CSO","980 HARRISON STREET","BOSTON","MA",330,NA,NA,NA,c(-71.0926939, 42.34164)
"2222","BOSTON WATER AND SEWER COMM, CSO","980 HARRISON STREET","BOSTON","MA",330,NA,NA,NA,c(-71.0493296, 42.3640312)
"2223","BOSTON WATER AND SEWER COMM, CSO","980 HARRISON STREET","BOSTON","MA",330,NA,NA,NA,c(-71.0483834, 42.3595437)
"2224","BOSTON WATER AND SEWER COMM, CSO","980 HARRISON STREET","BOSTON","MA",330,NA,"Massachusetts",1,c(-71.0510096, 42.354452)
"2225","BOSTON WATER AND SEWER COMM, CSO","980 HARRISON STREET","BOSTON","MA",330,NA,"Massachusetts",1,c(-71.0526883, 42.3513364)
"2226","BOSTON WATER AND SEWER COMM, CSO","980 HARRISON STREET","BOSTON","MA",330,NA,"Massachusetts",1,c(-71.0545044, 42.348681)
"2227","BOSTON WATER AND SEWER COMM, CSO","980 HARRISON STREET","BOSTON","MA",330,NA,NA,NA,c(-71.0594796, 42.3449481)
"2228","BOSTON WATER AND SEWER COMM, CSO","980 HARRISON STREET","BOSTON","MA",330,NA,NA,NA,c(-71.0609956, 42.3428652)
"2229","BOSTON WATER AND SEWER COMM, CSO","980 HARRISON STREET","BOSTON","MA",330,NA,NA,NA,c(-71.0535036, 42.3476742)
"2230","BOSTON WATER AND SEWER COMM, CSO","980 HARRISON STREET","BOSTON","MA",330,NA,NA,NA,c(-71.0419948, 42.3396174)
"2231","BOSTON WATER AND SEWER COMM, CSO","980 HARRISON STREET","BOSTON","MA",330,NA,NA,NA,c(-71.0399961, 42.3385373)
"2232","BOSTON WATER AND SEWER COMM, CSO","980 HARRISON STREET","BOSTON","MA",330,NA,NA,NA,c(-71.0356066, 42.3418235)
"2233","BOSTON WATER AND SEWER COMM, CSO","980 HARRISON STREET","BOSTON","MA",330,NA,NA,NA,c(-71.0251938, 42.3417879)
"2234","BOSTON WATER AND SEWER COMM, CSO","980 HARRISON STREET","BOSTON","MA",330,NA,NA,NA,c(-71.0250506, 42.3325307)
"2235","BOSTON WATER AND SEWER COMM, CSO","980 HARRISON STREET","BOSTON","MA",330,NA,NA,NA,c(-71.0302947, 42.3296538)
"2236","BOSTON WATER AND SEWER COMM, CSO","980 HARRISON STREET","BOSTON","MA",330,NA,NA,NA,c(-71.0413821, 42.3285968)
"2237","BOSTON WATER AND SEWER COMM, CSO","980 HARRISON STREET","BOSTON","MA",330,NA,NA,NA,c(-71.0452499, 42.3277162)
"2238","BOSTON WATER AND SEWER COMM, CSO","980 HARRISON STREET","BOSTON","MA",330,NA,NA,NA,c(-71.0455721, 42.3268)
"2239","BOSTON WATER AND SEWER COMM, CSO","980 HARRISON STREET","BOSTON","MA",330,NA,NA,NA,c(-71.059444, 42.345)
"2240","CHICOPEE W P C","80 MEDINA STREET","CHICOPEE","MA",15.5,NA,NA,NA,c(-72.5890479, 42.2047162)
"2241","CHICOPEE W P C","80 MEDINA STREET","CHICOPEE","MA",15.5,NA,"Massachusetts",1,c(-72.6031867, 42.1918716)
"2242","CHICOPEE W P C","80 MEDINA STREET","CHICOPEE","MA",15.5,NA,"Massachusetts",1,c(-72.6068074, 42.1898199)
"2243","CHICOPEE W P C","80 MEDINA STREET","CHICOPEE","MA",15.5,NA,"Massachusetts",1,c(-72.6269011, 42.1711572)
"2244","CHICOPEE W P C","80 MEDINA STREET","CHICOPEE","MA",15.5,NA,"Massachusetts",1,c(-72.6269309, 42.1701125)
"2245","CHICOPEE W P C","80 MEDINA STREET","CHICOPEE","MA",15.5,NA,"Massachusetts",1,c(-72.6259686, 42.1547613)
"2246","CHICOPEE W P C","80 MEDINA STREET","CHICOPEE","MA",15.5,NA,"Massachusetts",1,c(-72.6160907, 42.1432647)
"2247","CHICOPEE W P C","80 MEDINA STREET","CHICOPEE","MA",15.5,NA,"Massachusetts",1,c(-72.5994933, 42.1492378)
"2248","CHICOPEE W P C","80 MEDINA STREET","CHICOPEE","MA",15.5,NA,"Massachusetts",1,c(-72.5967982, 42.1494167)
"2249","CHICOPEE W P C","80 MEDINA STREET","CHICOPEE","MA",15.5,NA,NA,NA,c(-72.5863591, 42.160897)
"2250","CHICOPEE W P C","80 MEDINA STREET","CHICOPEE","MA",15.5,NA,NA,NA,c(-72.5758334, 42.1586154)
"2251","CHICOPEE W P C","80 MEDINA STREET","CHICOPEE","MA",15.5,NA,"Massachusetts",1,c(-72.5826944, 42.1597491)
"2252","CHICOPEE W P C","80 MEDINA STREET","CHICOPEE","MA",15.5,NA,"Massachusetts",1,c(-72.6099923, 42.1507739)
"2253","CHICOPEE W P C","80 MEDINA STREET","CHICOPEE","MA",15.5,NA,"Massachusetts",1,c(-72.5826944, 42.1597491)
"2254","CHICOPEE W P C","80 MEDINA STREET","CHICOPEE","MA",15.5,NA,NA,NA,c(-72.5845977, 42.19321)
"2255","SPRINGFIELD W W T P","190 M STREET EXTENSION","AGAWAM","MA",67,NA,"Massachusetts",1,c(-72.6198109, 42.1188052)
"2256","SPRINGFIELD W W T P","190 M STREET EXTENSION","AGAWAM","MA",67,NA,"Massachusetts",1,c(-72.6156808, 42.1122016)
"2257","SPRINGFIELD W W T P","190 M STREET EXTENSION","AGAWAM","MA",67,NA,"Massachusetts",1,c(-72.6023028, 42.1046673)
"2258","SPRINGFIELD W W T P","190 M STREET EXTENSION","AGAWAM","MA",67,NA,"Massachusetts",1,c(-72.5992128, 42.1035243)
"2259","SPRINGFIELD W W T P","190 M STREET EXTENSION","AGAWAM","MA",67,NA,"Massachusetts",1,c(-72.5955302, 42.1015546)
"2260","SPRINGFIELD W W T P","190 M STREET EXTENSION","AGAWAM","MA",67,NA,"Massachusetts",1,c(-72.5946633, 42.1010523)
"2261","SPRINGFIELD W W T P","190 M STREET EXTENSION","AGAWAM","MA",67,NA,"Massachusetts",1,c(-72.5914587, 42.0985505)
"2262","SPRINGFIELD W W T P","190 M STREET EXTENSION","AGAWAM","MA",67,NA,"Massachusetts",1,c(-72.588333, 42.09575)
"2263","SPRINGFIELD W W T P","190 M STREET EXTENSION","AGAWAM","MA",67,NA,"Massachusetts",1,c(-72.5838823, 42.0902587)
"2264","SPRINGFIELD W W T P","190 M STREET EXTENSION","AGAWAM","MA",67,NA,"Massachusetts",1,c(-72.5770371, 42.0900336)
"2265","SPRINGFIELD W W T P","190 M STREET EXTENSION","AGAWAM","MA",67,NA,"Massachusetts",1,c(-72.5809058, 42.0780901)
"2266","SPRINGFIELD W W T P","190 M STREET EXTENSION","AGAWAM","MA",67,NA,"Massachusetts",1,c(-72.5697169, 42.0935053)
"2267","SPRINGFIELD W W T P","190 M STREET EXTENSION","AGAWAM","MA",67,NA,"Massachusetts",1,c(-72.5640809, 42.0966198)
"2268","SPRINGFIELD W W T P","190 M STREET EXTENSION","AGAWAM","MA",67,NA,"Massachusetts",1,c(-72.5639444, 42.0966511)
"2269","SPRINGFIELD W W T P","190 M STREET EXTENSION","AGAWAM","MA",67,NA,"Massachusetts",1,c(-72.5097341, 42.1603622)
"2270","SPRINGFIELD W W T P","190 M STREET EXTENSION","AGAWAM","MA",67,NA,"Massachusetts",1,c(-72.5021419, 42.1611324)
"2271","SPRINGFIELD W W T P","190 M STREET EXTENSION","AGAWAM","MA",67,NA,"Massachusetts",1,c(-72.5013261, 42.160924)
"2272","SPRINGFIELD W W T P","190 M STREET EXTENSION","AGAWAM","MA",67,NA,"Massachusetts",1,c(-72.4984508, 42.1605395)
"2273","SPRINGFIELD W W T P","190 M STREET EXTENSION","AGAWAM","MA",67,NA,NA,NA,c(-72.5865603, 42.0880917)
"2274","SPRINGFIELD W W T P","190 M STREET EXTENSION","AGAWAM","MA",67,NA,"Massachusetts",1,c(-72.5769074, 42.0902568)
"2275","SPRINGFIELD W W T P","190 M STREET EXTENSION","AGAWAM","MA",67,NA,"Massachusetts",1,c(-72.5769074, 42.0902568)
"2276","SPRINGFIELD W W T P","190 M STREET EXTENSION","AGAWAM","MA",67,NA,"Massachusetts",1,c(-72.5639326, 42.0970288)
"2277","SPRINGFIELD W W T P","190 M STREET EXTENSION","AGAWAM","MA",67,NA,"Massachusetts",1,c(-72.6197644, 42.1188435)
"2278","HAVERHILL W P A F","40 SOUTH PORTER STREET","BRADFORD","MA",18.1,65,NA,NA,c(-71.0642286, 42.7699968)
"2279","HAVERHILL W P A F","40 SOUTH PORTER STREET","BRADFORD","MA",18.1,65,"Massachusetts",1,c(-71.0761067, 42.7742831)
"2280","HAVERHILL W P A F","40 SOUTH PORTER STREET","BRADFORD","MA",18.1,65,"Massachusetts",1,c(-71.0819375, 42.77304)
"2281","HAVERHILL W P A F","40 SOUTH PORTER STREET","BRADFORD","MA",18.1,65,"Massachusetts",1,c(-71.0829203, 42.7745633)
"2282","HAVERHILL W P A F","40 SOUTH PORTER STREET","BRADFORD","MA",18.1,65,"Massachusetts",1,c(-71.0849297, 42.775169)
"2283","HAVERHILL W P A F","40 SOUTH PORTER STREET","BRADFORD","MA",18.1,65,NA,NA,c(-71.0883012, 42.7774565)
"2284","HAVERHILL W P A F","40 SOUTH PORTER STREET","BRADFORD","MA",18.1,65,"Massachusetts",1,c(-71.0933596, 42.7668093)
"2285","HAVERHILL W P A F","40 SOUTH PORTER STREET","BRADFORD","MA",18.1,65,NA,NA,c(-71.0854166, 42.7701515)
"2286","HAVERHILL W P A F","40 SOUTH PORTER STREET","BRADFORD","MA",18.1,65,NA,NA,c(-71.0782212, 42.7726021)
"2287","HAVERHILL W P A F","40 SOUTH PORTER STREET","BRADFORD","MA",18.1,65,"Massachusetts",1,c(-71.0883708, 42.7772711)
"2288","HAVERHILL W P A F","40 SOUTH PORTER STREET","BRADFORD","MA",18.1,65,NA,NA,c(-71.0654568, 42.7691442)
"2289","HAVERHILL W P A F","40 SOUTH PORTER STREET","BRADFORD","MA",18.1,65,"Massachusetts",1,c(-71.0742386, 42.7745151)
"2290","HAVERHILL W P A F","40 SOUTH PORTER STREET","BRADFORD","MA",18.1,65,"Massachusetts",1,c(-71.0715443, 42.7739332)
"2291","HOLYOKE W P C F","ONE BERKSHIRE STREET","HOLYOKE","MA",17.5,NA,"Massachusetts",1,c(-72.6301649, 42.1675236)
"2292","HOLYOKE W P C F","ONE BERKSHIRE STREET","HOLYOKE","MA",17.5,NA,"Massachusetts",1,c(-72.6237224, 42.1862318)
"2293","HOLYOKE W P C F","ONE BERKSHIRE STREET","HOLYOKE","MA",17.5,NA,"Massachusetts",1,c(-72.6183175, 42.1882873)
"2294","HOLYOKE W P C F","ONE BERKSHIRE STREET","HOLYOKE","MA",17.5,NA,"Massachusetts",1,c(-72.6123808, 42.1900854)
"2295","HOLYOKE W P C F","ONE BERKSHIRE STREET","HOLYOKE","MA",17.5,NA,"Massachusetts",1,c(-72.6065072, 42.1929488)
"2296","HOLYOKE W P C F","ONE BERKSHIRE STREET","HOLYOKE","MA",17.5,NA,"Massachusetts",1,c(-72.6077598, 42.2039259)
"2297","HOLYOKE W P C F","ONE BERKSHIRE STREET","HOLYOKE","MA",17.5,NA,"Massachusetts",1,c(-72.6033205, 42.2082723)
"2298","HOLYOKE W P C F","ONE BERKSHIRE STREET","HOLYOKE","MA",17.5,NA,"Massachusetts",1,c(-72.6086734, 42.2140036)
"2299","HOLYOKE W P C F","ONE BERKSHIRE STREET","HOLYOKE","MA",17.5,NA,NA,NA,c(-72.6131015, 42.2196012)
"2300","HOLYOKE W P C F","ONE BERKSHIRE STREET","HOLYOKE","MA",17.5,NA,NA,NA,c(-72.6175997, 42.2258116)
"2301","HOLYOKE W P C F","ONE BERKSHIRE STREET","HOLYOKE","MA",17.5,NA,NA,NA,c(-72.6238981, 42.2291715)
"2302","HOLYOKE W P C F","ONE BERKSHIRE STREET","HOLYOKE","MA",17.5,NA,NA,NA,c(-72.6237437, 42.2211416)
"2303","CHELSEA - CSOS","CITYWIDE","CHELSEA","MA",NA,NA,"Massachusetts",1,c(-71.0408796, 42.3868068)
"2304","CHELSEA - CSOS","CITYWIDE","CHELSEA","MA",NA,NA,"Massachusetts",1,c(-71.039293, 42.3866535)
"2305","CHELSEA - CSOS","CITYWIDE","CHELSEA","MA",NA,NA,"Massachusetts",1,c(-71.0191549, 42.3947101)
"2306","CAMBRIDGE CITY - CSOS","CITYWIDE","CAMBRIDGE","MA",NA,NA,NA,NA,c(-71.1353915, 42.4019881)
"2307","CAMBRIDGE CITY - CSOS","CITYWIDE","CAMBRIDGE","MA",NA,NA,NA,NA,c(-71.1361098, 42.4011373)
"2308","CAMBRIDGE CITY - CSOS","CITYWIDE","CAMBRIDGE","MA",NA,NA,NA,NA,c(-71.1327589, 42.3735651)
"2309","CAMBRIDGE CITY - CSOS","CITYWIDE","CAMBRIDGE","MA",NA,NA,NA,NA,c(-71.1268739, 42.3732424)
"2310","CAMBRIDGE CITY - CSOS","CITYWIDE","CAMBRIDGE","MA",NA,NA,NA,NA,c(-71.0762574, 42.3646488)
"2311","CAMBRIDGE CITY - CSOS","CITYWIDE","CAMBRIDGE","MA",NA,NA,NA,NA,c(-71.1439882, 42.3956548)
"2312","CAMBRIDGE CITY - CSOS","CITYWIDE","CAMBRIDGE","MA",NA,NA,NA,NA,c(-71.1361542, 42.401033)
"2313","SOMERVILLE CSO SYSTEM","CITYWIDE","SOMERVILLE","MA",NA,NA,NA,NA,c(-71.1351194, 42.4024321)
"2314","SOMERVILLE CSO SYSTEM","CITYWIDE","SOMERVILLE","MA",NA,NA,NA,NA,c(-71.0834192, 42.3982437)
"2315","WORCESTER CSO FACILITY","70 QUINSIGAMOND AVENUE","WORCESTER","MA",NA,0.5,"Massachusetts",1,c(-71.8019969, 42.2466365)
"2316","MWRA DEER ISLAND TREATMENT PLANT","190 TAFTS AVE","BOSTON","MA",480,NA,NA,NA,c(-71.1440624, 42.397102)
"2317","MWRA DEER ISLAND TREATMENT PLANT","190 TAFTS AVE","BOSTON","MA",480,NA,NA,NA,c(-71.1062425, 42.3517616)
"2318","MWRA DEER ISLAND TREATMENT PLANT","190 TAFTS AVE","BOSTON","MA",480,NA,NA,NA,c(-71.0874141, 42.3527632)
"2319","MWRA DEER ISLAND TREATMENT PLANT","190 TAFTS AVE","BOSTON","MA",480,NA,NA,NA,c(-71.0809189, 42.3550183)
"2320","MWRA DEER ISLAND TREATMENT PLANT","190 TAFTS AVE","BOSTON","MA",480,NA,NA,NA,c(-71.076136, 42.3567442)
"2321","MWRA DEER ISLAND TREATMENT PLANT","190 TAFTS AVE","BOSTON","MA",480,NA,NA,NA,c(-71.0924255, 42.3517044)
"2322","MWRA DEER ISLAND TREATMENT PLANT","190 TAFTS AVE","BOSTON","MA",480,NA,NA,NA,c(-71.0609956, 42.3428652)
"2323","MWRA DEER ISLAND TREATMENT PLANT","190 TAFTS AVE","BOSTON","MA",480,NA,NA,NA,c(-71.111139, 42.352583)
"2324","MWRA DEER ISLAND TREATMENT PLANT","190 TAFTS AVE","BOSTON","MA",480,NA,NA,NA,c(-71.060917, 42.368944)
"2325","MWRA DEER ISLAND TREATMENT PLANT","190 TAFTS AVE","BOSTON","MA",480,NA,NA,NA,c(-71.076056, 42.394056)
"2326","MWRA DEER ISLAND TREATMENT PLANT","190 TAFTS AVE","BOSTON","MA",480,NA,NA,NA,c(-71.0834192, 42.3982437)
"2327","CITY OF SALISBURY WWTP","1142 MARINE ROAD","SALISBURY","MD",6.8,NA,NA,NA,c(-75.613361, 38.363111)
"2328","CITY OF SALISBURY WWTP","1142 MARINE ROAD","SALISBURY","MD",6.8,NA,"Maryland",1,c(-75.6045, 38.365056)
"2329","WESTERNPORT CSO","WAVERLY, WASHINGTON STREETS,","WESTERNPORT","MD",NA,0.045,"Maryland",1,c(-79.041667, 39.485278)
"2330","ALLEGANY COUNTY COMBINED SEWER","WRIGHTS CROSS./BRADDOCK/GRAHAM","ALLEGHANY COUNTY","MD",1,1.14,"Maryland",1,c(-79.041667, 39.485278)
"2331","ALLEGANY COUNTY COMBINED SEWER","WRIGHTS CROSS./BRADDOCK/GRAHAM","ALLEGHANY COUNTY","MD",1,1.14,NA,NA,c(-76.719444, 38.791944)
"2332","ALLEGANY COUNTY COMBINED SEWER","WRIGHTS CROSS./BRADDOCK/GRAHAM","ALLEGHANY COUNTY","MD",1,1.14,NA,NA,c(-76.701389, 38.758333)
"2333","FROSTBURG COMBINED SEWER OVERF","15 LOCATIONS IN FROSTBURG","FROSTBURG","MD",0,NA,NA,NA,c(-78.930556, 39.655556)
"2334","FROSTBURG COMBINED SEWER OVERF","15 LOCATIONS IN FROSTBURG","FROSTBURG","MD",0,NA,NA,NA,c(-78.930556, 39.655556)
"2335","FROSTBURG COMBINED SEWER OVERF","15 LOCATIONS IN FROSTBURG","FROSTBURG","MD",0,NA,NA,NA,c(-78.930556, 39.655556)
"2336","FROSTBURG COMBINED SEWER OVERF","15 LOCATIONS IN FROSTBURG","FROSTBURG","MD",0,NA,NA,NA,c(-78.930556, 39.655556)
"2337","FROSTBURG COMBINED SEWER OVERF","15 LOCATIONS IN FROSTBURG","FROSTBURG","MD",0,NA,NA,NA,c(-78.930556, 39.655556)
"2338","FROSTBURG COMBINED SEWER OVERF","15 LOCATIONS IN FROSTBURG","FROSTBURG","MD",0,NA,NA,NA,c(-78.930556, 39.655556)
"2339","FROSTBURG COMBINED SEWER OVERF","15 LOCATIONS IN FROSTBURG","FROSTBURG","MD",0,NA,NA,NA,c(-78.930556, 39.655556)
"2340","FROSTBURG COMBINED SEWER OVERF","15 LOCATIONS IN FROSTBURG","FROSTBURG","MD",0,NA,NA,NA,c(-78.930556, 39.655556)
"2341","FROSTBURG COMBINED SEWER OVERF","15 LOCATIONS IN FROSTBURG","FROSTBURG","MD",0,NA,NA,NA,c(-78.930556, 39.655556)
"2342","FROSTBURG COMBINED SEWER OVERF","15 LOCATIONS IN FROSTBURG","FROSTBURG","MD",0,NA,NA,NA,c(-78.930556, 39.655556)
"2343","FROSTBURG COMBINED SEWER OVERF","15 LOCATIONS IN FROSTBURG","FROSTBURG","MD",0,NA,NA,NA,c(-78.930556, 39.655556)
"2344","FROSTBURG COMBINED SEWER OVERF","15 LOCATIONS IN FROSTBURG","FROSTBURG","MD",0,NA,NA,NA,c(-78.930556, 39.655556)
"2345","FROSTBURG COMBINED SEWER OVERF","15 LOCATIONS IN FROSTBURG","FROSTBURG","MD",0,NA,NA,NA,c(-78.930556, 39.655556)
"2346","FROSTBURG COMBINED SEWER OVERF","15 LOCATIONS IN FROSTBURG","FROSTBURG","MD",0,NA,NA,NA,c(-78.930556, 39.655556)
"2347","FROSTBURG COMBINED SEWER OVERF","15 LOCATIONS IN FROSTBURG","FROSTBURG","MD",0,NA,NA,NA,c(-78.930556, 39.655556)
"2348","LAVALE SANITARY COMMISSION CSO","1  ROSELAWN AVENUE ","LA VALE","MD",0,NA,NA,NA,c(-78.8197, 39.64453)
"2349","GREATER AUGUSTA UTILITY DISTRICT","33 JACKSON AVE","AUGUSTA","ME",8,NA,"Maine",1,c(-69.780212, 44.302422)
"2350","GREATER AUGUSTA UTILITY DISTRICT","33 JACKSON AVE","AUGUSTA","ME",8,NA,"Maine",1,c(-69.778333, 44.301944)
"2351","GREATER AUGUSTA UTILITY DISTRICT","33 JACKSON AVE","AUGUSTA","ME",8,NA,"Maine",1,c(-69.778333, 44.301944)
"2352","GREATER AUGUSTA UTILITY DISTRICT","33 JACKSON AVE","AUGUSTA","ME",8,NA,"Maine",1,c(-69.778333, 44.301944)
"2353","GREATER AUGUSTA UTILITY DISTRICT","33 JACKSON AVE","AUGUSTA","ME",8,NA,"Maine",1,c(-69.778333, 44.301944)
"2354","GREATER AUGUSTA UTILITY DISTRICT","33 JACKSON AVE","AUGUSTA","ME",8,NA,"Maine",1,c(-69.778333, 44.301944)
"2355","GREATER AUGUSTA UTILITY DISTRICT","33 JACKSON AVE","AUGUSTA","ME",8,NA,NA,NA,c(-69.761057, 44.324205)
"2356","GREATER AUGUSTA UTILITY DISTRICT","33 JACKSON AVE","AUGUSTA","ME",8,NA,"Maine",1,c(-69.778333, 44.301944)
"2357","GREATER AUGUSTA UTILITY DISTRICT","33 JACKSON AVE","AUGUSTA","ME",8,NA,"Maine",1,c(-69.778333, 44.301944)
"2358","GREATER AUGUSTA UTILITY DISTRICT","33 JACKSON AVE","AUGUSTA","ME",8,NA,"Maine",1,c(-69.771627, 44.316595)
"2359","GREATER AUGUSTA UTILITY DISTRICT","33 JACKSON AVE","AUGUSTA","ME",8,NA,"Maine",1,c(-69.771689, 44.314233)
"2360","GREATER AUGUSTA UTILITY DISTRICT","33 JACKSON AVE","AUGUSTA","ME",8,NA,"Maine",1,c(-69.778333, 44.301944)
"2361","GREATER AUGUSTA UTILITY DISTRICT","33 JACKSON AVE","AUGUSTA","ME",8,NA,"Maine",1,c(-69.778333, 44.301944)
"2362","GREATER AUGUSTA UTILITY DISTRICT","33 JACKSON AVE","AUGUSTA","ME",8,NA,"Maine",1,c(-69.772864, 44.299793)
"2363","GREATER AUGUSTA UTILITY DISTRICT","33 JACKSON AVE","AUGUSTA","ME",8,NA,"Maine",1,c(-69.778333, 44.301944)
"2364","GREATER AUGUSTA UTILITY DISTRICT","33 JACKSON AVE","AUGUSTA","ME",8,NA,"Maine",1,c(-69.778333, 44.301944)
"2365","GREATER AUGUSTA UTILITY DISTRICT","33 JACKSON AVE","AUGUSTA","ME",8,NA,"Maine",1,c(-69.764483, 44.31134)
"2366","GREATER AUGUSTA UTILITY DISTRICT","33 JACKSON AVE","AUGUSTA","ME",8,NA,"Maine",1,c(-69.778333, 44.301944)
"2367","GREATER AUGUSTA UTILITY DISTRICT","33 JACKSON AVE","AUGUSTA","ME",8,NA,"Maine",1,c(-69.778333, 44.301944)
"2368","BATH WWTF","1 TOWN LANDING RD","BATH","ME",3.5,NA,"Maine",1,c(-69.816583, 43.896928)
"2369","BATH WWTF","1 TOWN LANDING RD","BATH","ME",3.5,NA,NA,NA,c(-69.810861, 43.926972)
"2370","BATH WWTF","1 TOWN LANDING RD","BATH","ME",3.5,NA,NA,NA,c(-69.810861, 43.926972)
"2371","BATH WWTF","1 TOWN LANDING RD","BATH","ME",3.5,NA,NA,NA,c(-69.810861, 43.926972)
"2372","BIDDEFORD WWTF","63 WATER ST","BIDDEFORD","ME",6.5,NA,"Maine",1,c(-70.447306, 43.491778)
"2373","BIDDEFORD WWTF","63 WATER ST","BIDDEFORD","ME",6.5,NA,"Maine",1,c(-70.447306, 43.491778)
"2374","BIDDEFORD WWTF","63 WATER ST","BIDDEFORD","ME",6.5,NA,"Maine",1,c(-70.447306, 43.491778)
"2375","BIDDEFORD WWTF","63 WATER ST","BIDDEFORD","ME",6.5,NA,"Maine",1,c(-70.447306, 43.491778)
"2376","BIDDEFORD WWTF","63 WATER ST","BIDDEFORD","ME",6.5,NA,"Maine",1,c(-70.44882, 43.49267)
"2377","BIDDEFORD WWTF","63 WATER ST","BIDDEFORD","ME",6.5,NA,"Maine",1,c(-70.447306, 43.491778)
"2378","BIDDEFORD WWTF","63 WATER ST","BIDDEFORD","ME",6.5,NA,"Maine",1,c(-70.447306, 43.491778)
"2379","BREWER WWTF","37 OAK ST","BREWER","ME",5.19,NA,"Maine",1,c(-68.781944, 44.774306)
"2380","BREWER WWTF","37 OAK ST","BREWER","ME",5.19,NA,"Maine",1,c(-68.781944, 44.774306)
"2381","BREWER WWTF","37 OAK ST","BREWER","ME",5.19,NA,"Maine",1,c(-68.781944, 44.774306)
"2382","BREWER WWTF","37 OAK ST","BREWER","ME",5.19,NA,"Maine",1,c(-68.781944, 44.774306)
"2383","BUCKSPORT WWTF","205 US RTE 1","BUCKSPORT","ME",0.46,NA,"Maine",1,c(-68.7964, 44.57141)
"2384","CALAIS WWTF","ELM ST","CALAIS","ME",1.5,NA,"Maine",1,c(-67.271639, 45.188694)
"2385","CALAIS WWTF","ELM ST","CALAIS","ME",1.5,NA,"Maine",1,c(-67.251456, 45.180846)
"2386","CALAIS WWTF","ELM ST","CALAIS","ME",1.5,NA,"Maine",1,c(-67.271639, 45.188694)
"2387","CALAIS WWTF","ELM ST","CALAIS","ME",1.5,NA,"Maine",1,c(-67.271639, 45.188694)
"2388","CALAIS WWTF","ELM ST","CALAIS","ME",1.5,NA,"Maine",1,c(-67.266076, 45.185914)
"2389","KITTERY WWTF","18 DENNETT RD","KITTERY","ME",2.5,2.5,NA,NA,c(-70.754972, 43.0965)
"2390","LISBON WWTF","744 LISBON RD","LISBON","ME",2.025,NA,NA,NA,c(-70.049361, 43.994889)
"2391","LIVERMORE FALLS WWTF","108 FOUNDRY RD","LIVERMORE FALLS","ME",2,2,"Maine",1,c(-70.18375, 44.468083)
"2392","MACHIAS WWTF","LOWER MAIN ST","MACHIAS","ME",0.37,NA,"Maine",1,c(-67.453722, 44.720028)
"2393","MACHIAS WWTF","LOWER MAIN ST","MACHIAS","ME",0.37,NA,"Maine",1,c(-67.453722, 44.720028)
"2394","MECHANIC FALLS WWTF","56 LEWISTON ST","MECHANIC FALLS","ME",0.49,0.49,NA,NA,c(-70.3845, 44.11125)
"2395","MECHANIC FALLS WWTF","56 LEWISTON ST","MECHANIC FALLS","ME",0.49,0.49,NA,NA,c(-70.3845, 44.11125)
"2396","MILO WD WWTF","FERRY RD","MILO","ME",0.39,NA,"Maine",1,c(-68.976944, 45.229361)
"2397","OAKLAND WWTF","41 MUNICIPAL DR","OAKLAND","ME",0.48,NA,NA,NA,c(-69.703611, 44.5525)
"2398","ORONO WPCF","60 BROADWAY","ORONO","ME",1.84,NA,NA,NA,c(-68.669028, 44.878556)
"2399","DOVER-FOXCROFT WWTF","478 VAUGHN RD","DOVER-FOXCROFT","ME",0.8,NA,"Maine",1,c(-69.183944, 45.187278)
"2400","ROCKLAND WWTF","40 TILLSON AVE","ROCKLAND","ME",2.9,NA,"Maine",1,c(-69.1073388, 44.105818)
"2401","ROCKLAND WWTF","40 TILLSON AVE","ROCKLAND","ME",2.9,NA,"Maine",1,c(-69.10921, 44.10542)
"2402","ROCKLAND WWTF","40 TILLSON AVE","ROCKLAND","ME",2.9,NA,"Maine",1,c(-69.10616, 44.09867)
"2403","ROCKLAND WWTF","40 TILLSON AVE","ROCKLAND","ME",2.9,NA,"Maine",1,c(-69.10462, 44.09806)
"2404","ROCKLAND WWTF","40 TILLSON AVE","ROCKLAND","ME",2.9,NA,"Maine",1,c(-69.10748, 44.10076)
"2405","SANFORD WWTF","192 GAVEL RD","SANFORD","ME",4.4,NA,NA,NA,c(-70.723806, 43.411917)
"2406","SKOWHEGAN WWTF","53 JOYCE ST","SKOWHEGAN","ME",1.44,1.44,"Maine",1,c(-69.708611, 44.769333)
"2407","SKOWHEGAN WWTF","53 JOYCE ST","SKOWHEGAN","ME",1.44,1.44,"Maine",1,c(-69.70963, 44.76928)
"2408","SKOWHEGAN WWTF","53 JOYCE ST","SKOWHEGAN","ME",1.44,1.44,"Maine",1,c(-69.708611, 44.769333)
"2409","SKOWHEGAN WWTF","53 JOYCE ST","SKOWHEGAN","ME",1.44,1.44,"Maine",1,c(-69.71338, 44.76794)
"2410","SKOWHEGAN WWTF","53 JOYCE ST","SKOWHEGAN","ME",1.44,1.44,"Maine",1,c(-69.708611, 44.769333)
"2411","SKOWHEGAN WWTF","53 JOYCE ST","SKOWHEGAN","ME",1.44,1.44,"Maine",1,c(-69.708611, 44.769333)
"2412","SOUTH PORTLAND WWTF","111 WATERMAN DR","SOUTH PORTLAND","ME",9.3,NA,NA,NA,c(-70.257, 43.637806)
"2413","SOUTH PORTLAND WWTF","111 WATERMAN DR","SOUTH PORTLAND","ME",9.3,NA,NA,NA,c(-70.257, 43.637806)
"2414","SOUTH PORTLAND WWTF","111 WATERMAN DR","SOUTH PORTLAND","ME",9.3,NA,NA,NA,c(-70.257, 43.637806)
"2415","SOUTH PORTLAND WWTF","111 WATERMAN DR","SOUTH PORTLAND","ME",9.3,NA,NA,NA,c(-70.24829, 43.6438)
"2416","SOUTH PORTLAND WWTF","111 WATERMAN DR","SOUTH PORTLAND","ME",9.3,NA,NA,NA,c(-70.28286, 43.63921)
"2417","SOUTH PORTLAND WWTF","111 WATERMAN DR","SOUTH PORTLAND","ME",9.3,NA,NA,NA,c(-70.257, 43.637806)
"2418","WINTERPORT WWTF","34 SAMPSON ST","WINTERPORT","ME",0.11,0.11,NA,NA,c(-68.844083, 44.634167)
"2419","YARMOUTH WWTF","82 PRINCES POINT RD","YARMOUTH","ME",1.31,NA,NA,NA,c(-70.164639, 43.791417)
"2420","BANGOR WWTF","760 MAIN ST","BANGOR","ME",18,NA,NA,NA,c(-68.783083, 44.779639)
"2421","BANGOR WWTF","760 MAIN ST","BANGOR","ME",18,NA,NA,NA,c(-68.783083, 44.779639)
"2422","BANGOR WWTF","760 MAIN ST","BANGOR","ME",18,NA,NA,NA,c(-68.783083, 44.779639)
"2423","BANGOR WWTF","760 MAIN ST","BANGOR","ME",18,NA,NA,NA,c(-68.783083, 44.779639)
"2424","BANGOR WWTF","760 MAIN ST","BANGOR","ME",18,NA,NA,NA,c(-68.783083, 44.779639)
"2425","BANGOR WWTF","760 MAIN ST","BANGOR","ME",18,NA,NA,NA,c(-68.783083, 44.779639)
"2426","BANGOR WWTF","760 MAIN ST","BANGOR","ME",18,NA,NA,NA,c(-68.78819, 44.81428)
"2427","BANGOR WWTF","760 MAIN ST","BANGOR","ME",18,NA,NA,NA,c(-68.783083, 44.779639)
"2428","BANGOR WWTF","760 MAIN ST","BANGOR","ME",18,NA,NA,NA,c(-68.783083, 44.779639)
"2429","WESTBROOK/GORHAM WWTF","285 PARK RD","WESTBROOK","ME",4.54,NA,NA,NA,c(-70.349, 43.693056)
"2430","WESTBROOK/GORHAM WWTF","285 PARK RD","WESTBROOK","ME",4.54,NA,NA,NA,c(-70.349, 43.693056)
"2431","WESTBROOK/GORHAM WWTF","285 PARK RD","WESTBROOK","ME",4.54,NA,NA,NA,c(-70.349, 43.693056)
"2432","WESTBROOK/GORHAM WWTF","285 PARK RD","WESTBROOK","ME",4.54,NA,NA,NA,c(-70.349, 43.693056)
"2433","WESTBROOK/GORHAM WWTF","285 PARK RD","WESTBROOK","ME",4.54,NA,NA,NA,c(-70.349, 43.693056)
"2434","KENNEBEC STD WWTF","401 WATER ST","WATERVILLE","ME",12.7,NA,"Maine",1,c(-69.64821, 44.53153)
"2435","KENNEBEC STD WWTF","401 WATER ST","WATERVILLE","ME",12.7,NA,"Maine",1,c(-69.654083, 44.527306)
"2436","KENNEBEC STD WWTF","401 WATER ST","WATERVILLE","ME",12.7,NA,"Maine",1,c(-69.654083, 44.527306)
"2437","KENNEBUNK WWTF","71 WATER ST","KENNEBUNK","ME",1.31,NA,NA,NA,c(-70.538556, 43.380472)
"2438","PARIS UTILITY DISTRICT WWTF","7 C N BROWN WAY","SOUTH PARIS","ME",0.65,NA,"Maine",1,c(-70.517389, 44.212806)
"2439","LEWISTON COMBINED SEWER OVERFLOW","CITYWIDE","LEWISTON","ME",NA,NA,"Maine",1,c(-70.208778, 44.090361)
"2440","LEWISTON COMBINED SEWER OVERFLOW","CITYWIDE","LEWISTON","ME",NA,NA,"Maine",1,c(-70.208778, 44.090361)
"2441","LEWISTON COMBINED SEWER OVERFLOW","CITYWIDE","LEWISTON","ME",NA,NA,"Maine",1,c(-70.208778, 44.090361)
"2442","LEWISTON COMBINED SEWER OVERFLOW","CITYWIDE","LEWISTON","ME",NA,NA,"Maine",1,c(-70.208778, 44.090361)
"2443","LEWISTON COMBINED SEWER OVERFLOW","CITYWIDE","LEWISTON","ME",NA,NA,"Maine",1,c(-70.208778, 44.090361)
"2444","LEWISTON COMBINED SEWER OVERFLOW","CITYWIDE","LEWISTON","ME",NA,NA,"Maine",1,c(-70.208778, 44.090361)
"2445","LEWISTON COMBINED SEWER OVERFLOW","CITYWIDE","LEWISTON","ME",NA,NA,"Maine",1,c(-70.208778, 44.090361)
"2446","LEWISTON COMBINED SEWER OVERFLOW","CITYWIDE","LEWISTON","ME",NA,NA,"Maine",1,c(-70.21917, 44.10067)
"2447","LEWISTON COMBINED SEWER OVERFLOW","CITYWIDE","LEWISTON","ME",NA,NA,"Maine",1,c(-70.208778, 44.090361)
"2448","LEWISTON COMBINED SEWER OVERFLOW","CITYWIDE","LEWISTON","ME",NA,NA,"Maine",1,c(-70.208778, 44.090361)
"2449","LEWISTON COMBINED SEWER OVERFLOW","CITYWIDE","LEWISTON","ME",NA,NA,"Maine",1,c(-70.208778, 44.090361)
"2450","HALLOWELL WATER DISTRICT CSO","WILDER POINT RD","HALLOWELL","ME",NA,NA,NA,NA,c(-69.7931102, 44.2772619)
"2451","SACO WWTF","68 FRONT ST","SACO","ME",4.2,NA,NA,NA,c(-70.469061, 43.497714)
"2452","SACO WWTF","68 FRONT ST","SACO","ME",4.2,NA,NA,NA,c(-70.440472, 43.494306)
"2453","SACO WWTF","68 FRONT ST","SACO","ME",4.2,NA,NA,NA,c(-70.435711, 43.494946)
"2454","SACO WWTF","68 FRONT ST","SACO","ME",4.2,NA,NA,NA,c(-70.450113, 43.498043)
"2455","BAR HARBOR WWTF MAIN FACILITY","136 LEDGELAWN AVE","BAR HARBOR","ME",2,NA,NA,NA,c(-68.206, 44.380278)
"2456","BAR HARBOR WWTF MAIN FACILITY","136 LEDGELAWN AVE","BAR HARBOR","ME",2,NA,NA,NA,c(-68.206, 44.380278)
"2457","BAR HARBOR WWTF MAIN FACILITY","136 LEDGELAWN AVE","BAR HARBOR","ME",2,NA,NA,NA,c(-68.206, 44.380278)
"2458","PORTLAND, CITY OF COMBINED SEWER OVERFLOWS","55 PORTLAND ST","PORTLAND","ME",NA,NA,NA,NA,c(-70.251389, 43.673111)
"2459","PORTLAND, CITY OF COMBINED SEWER OVERFLOWS","55 PORTLAND ST","PORTLAND","ME",NA,NA,NA,NA,c(-70.251389, 43.673111)
"2460","PORTLAND, CITY OF COMBINED SEWER OVERFLOWS","55 PORTLAND ST","PORTLAND","ME",NA,NA,NA,NA,c(-70.27724, 43.6692)
"2461","PORTLAND, CITY OF COMBINED SEWER OVERFLOWS","55 PORTLAND ST","PORTLAND","ME",NA,NA,NA,NA,c(-70.251389, 43.673111)
"2462","PORTLAND, CITY OF COMBINED SEWER OVERFLOWS","55 PORTLAND ST","PORTLAND","ME",NA,NA,NA,NA,c(-70.251389, 43.673111)
"2463","PORTLAND, CITY OF COMBINED SEWER OVERFLOWS","55 PORTLAND ST","PORTLAND","ME",NA,NA,"Maine",1,c(-70.26042, 43.66801)
"2464","PORTLAND, CITY OF COMBINED SEWER OVERFLOWS","55 PORTLAND ST","PORTLAND","ME",NA,NA,NA,NA,c(-70.251389, 43.673111)
"2465","PORTLAND, CITY OF COMBINED SEWER OVERFLOWS","55 PORTLAND ST","PORTLAND","ME",NA,NA,NA,NA,c(-70.251389, 43.673111)
"2466","PORTLAND, CITY OF COMBINED SEWER OVERFLOWS","55 PORTLAND ST","PORTLAND","ME",NA,NA,NA,NA,c(-70.30698, 43.66394)
"2467","PORTLAND, CITY OF COMBINED SEWER OVERFLOWS","55 PORTLAND ST","PORTLAND","ME",NA,NA,NA,NA,c(-70.251389, 43.673111)
"2468","PORTLAND, CITY OF COMBINED SEWER OVERFLOWS","55 PORTLAND ST","PORTLAND","ME",NA,NA,NA,NA,c(-70.251389, 43.673111)
"2469","PORTLAND, CITY OF COMBINED SEWER OVERFLOWS","55 PORTLAND ST","PORTLAND","ME",NA,NA,NA,NA,c(-70.31104, 43.68602)
"2470","LEWISTON-AUBURN WWTF","535 LINCOLN ST","LEWISTON","ME",14.2,NA,"Maine",1,c(-70.204639, 44.075667)
"2471","BELFAST WWTF","54 FRONT ST","BELFAST","ME",1.49,NA,NA,NA,c(-69.007028, 44.428028)
"2472","BELFAST WWTF","54 FRONT ST","BELFAST","ME",1.49,NA,NA,NA,c(-69.007028, 44.428028)
"2473","MADAWASKA WWTF","7 PUBLIC WORKS AVE","MADAWASKA","ME",0.6,NA,"Maine",1,c(-68.299917, 47.353944)
"2474","MADAWASKA WWTF","7 PUBLIC WORKS AVE","MADAWASKA","ME",0.6,NA,"Maine",1,c(-68.33245, 47.35862)
"2475","MADAWASKA WWTF","7 PUBLIC WORKS AVE","MADAWASKA","ME",0.6,NA,"Maine",1,c(-68.33245, 47.35862)
"2476","GARDINER WWTF","540 RIVER AVE","GARDINER","ME",4.5,4.5,NA,NA,c(-69.759083, 44.193333)
"2477","LINCOLN WWTF","56 HAYNES ST","LINCOLN","ME",1.07,NA,"Maine",1,c(-68.507167, 45.374611)
"2478","EAST END WWTF","500 MARGINAL WAY","PORTLAND","ME",19.8,NA,NA,NA,c(-70.254389, 43.673944)
"2479","EAST END WWTF","500 MARGINAL WAY","PORTLAND","ME",19.8,NA,NA,NA,c(-70.254389, 43.673944)
"2480","EAST END WWTF","500 MARGINAL WAY","PORTLAND","ME",19.8,NA,NA,NA,c(-70.254389, 43.673944)
"2481","EAST END WWTF","500 MARGINAL WAY","PORTLAND","ME",19.8,NA,NA,NA,c(-70.254389, 43.673944)
"2482","EAST END WWTF","500 MARGINAL WAY","PORTLAND","ME",19.8,NA,NA,NA,c(-70.27461, 43.67731)
"2483","EAST END WWTF","500 MARGINAL WAY","PORTLAND","ME",19.8,NA,NA,NA,c(-70.27547, 43.67609)
"2484","EAST END WWTF","500 MARGINAL WAY","PORTLAND","ME",19.8,NA,NA,NA,c(-70.27613, 43.67477)
"2485","EAST END WWTF","500 MARGINAL WAY","PORTLAND","ME",19.8,NA,NA,NA,c(-70.27658, 43.67386)
"2486","EAST END WWTF","500 MARGINAL WAY","PORTLAND","ME",19.8,NA,NA,NA,c(-70.254389, 43.673944)
"2487","EAST END WWTF","500 MARGINAL WAY","PORTLAND","ME",19.8,NA,NA,NA,c(-70.254389, 43.673944)
"2488","EAST END WWTF","500 MARGINAL WAY","PORTLAND","ME",19.8,NA,NA,NA,c(-70.254389, 43.673944)
"2489","EAST END WWTF","500 MARGINAL WAY","PORTLAND","ME",19.8,NA,NA,NA,c(-70.254389, 43.673944)
"2490","EAST END WWTF","500 MARGINAL WAY","PORTLAND","ME",19.8,NA,NA,NA,c(-70.254389, 43.673944)
"2491","EAST END WWTF","500 MARGINAL WAY","PORTLAND","ME",19.8,NA,NA,NA,c(-70.254389, 43.673944)
"2492","EAST END WWTF","500 MARGINAL WAY","PORTLAND","ME",19.8,NA,NA,NA,c(-70.254389, 43.673944)
"2493","EAST END WWTF","500 MARGINAL WAY","PORTLAND","ME",19.8,NA,NA,NA,c(-70.254389, 43.673944)
"2494","EAST END WWTF","500 MARGINAL WAY","PORTLAND","ME",19.8,NA,NA,NA,c(-70.254389, 43.673944)
"2495","EAST END WWTF","500 MARGINAL WAY","PORTLAND","ME",19.8,NA,NA,NA,c(-70.254389, 43.673944)
"2496","EAST END WWTF","500 MARGINAL WAY","PORTLAND","ME",19.8,NA,NA,NA,c(-70.254389, 43.673944)
"2497","EAST END WWTF","500 MARGINAL WAY","PORTLAND","ME",19.8,NA,NA,NA,c(-70.254389, 43.673944)
"2498","EAST END WWTF","500 MARGINAL WAY","PORTLAND","ME",19.8,NA,NA,NA,c(-70.30542, 43.65772)
"2499","WINSLOW COMBINED SEWER OVERFLOW","INTERSECTION OF RTE 201","WINSLOW","ME",NA,NA,NA,NA,c(-69.628631, 44.538362)
"2500","MILFORD COMBINED SEWER OVERFLOW","DAVENPORT ST","MILFORD","ME",NA,NA,NA,NA,c(-68.64403, 44.9412)
"2501","OTTAWA RD PUMPING STATION","14 OTTAWA RD","CAPE ELIZABETH","ME",NA,NA,NA,NA,c(-70.223262, 43.633785)
"2502","NORWAY WWTP","N1700 S US HWY 8","NORWAY","MI",NA,NA,NA,NA,c(-87.910134, 45.780931)
"2503","MANISTEE WWTP","50 9TH ST.","MANISTEE","MI",NA,NA,NA,NA,c(-86.313028, 44.241972)
"2504","CROSWELL WWTP","5580 LANCASTER","CROSWELL","MI",NA,NA,NA,NA,c(-82.62052, 43.26243)
"2505","WAKEFIELD WWSL","WERTENEN ROAD","WAKEFIELD","MI",NA,NA,"Michigan",1,c(-89.92972, 46.50417)
"2506","BAY CITY WWTP","2905 N WATER ST","BAY CITY","MI",NA,NA,"Michigan",1,c(-83.891944, 43.598333)
"2507","BAY CITY WWTP","2905 N WATER ST","BAY CITY","MI",NA,NA,"Michigan",1,c(-83.90278, 43.56889)
"2508","BAY CITY WWTP","2905 N WATER ST","BAY CITY","MI",NA,NA,"Michigan",1,c(-83.89806, 43.58194)
"2509","BAY CITY WWTP","2905 N WATER ST","BAY CITY","MI",NA,NA,"Michigan",1,c(-83.89167, 43.60444)
"2510","BAY CITY WWTP","2905 N WATER ST","BAY CITY","MI",NA,NA,"Michigan",1,c(-83.86889, 43.61222)
"2511","GLWA WRRF","9300 W JEFFERSON AVE","DETROIT","MI",NA,NA,"Michigan",1,c(-82.96694, 42.35556)
"2512","GLWA WRRF","9300 W JEFFERSON AVE","DETROIT","MI",NA,NA,"Michigan",1,c(-82.96722, 42.35556)
"2513","GLWA WRRF","9300 W JEFFERSON AVE","DETROIT","MI",NA,NA,NA,NA,c(-82.9875, 42.35444)
"2514","GLWA WRRF","9300 W JEFFERSON AVE","DETROIT","MI",NA,NA,NA,NA,c(-82.98917, 42.35389)
"2515","GLWA WRRF","9300 W JEFFERSON AVE","DETROIT","MI",NA,NA,NA,NA,c(-83.00167, 42.34444)
"2516","GLWA WRRF","9300 W JEFFERSON AVE","DETROIT","MI",NA,NA,NA,NA,c(-83.01139, 42.34)
"2517","GLWA WRRF","9300 W JEFFERSON AVE","DETROIT","MI",NA,NA,NA,NA,c(-83.01139, 42.33778)
"2518","GLWA WRRF","9300 W JEFFERSON AVE","DETROIT","MI",NA,NA,NA,NA,c(-83.01722, 42.16889)
"2519","GLWA WRRF","9300 W JEFFERSON AVE","DETROIT","MI",NA,NA,NA,NA,c(-83.02194, 42.33361)
"2520","GLWA WRRF","9300 W JEFFERSON AVE","DETROIT","MI",NA,NA,NA,NA,c(-83.02667, 42.33167)
"2521","GLWA WRRF","9300 W JEFFERSON AVE","DETROIT","MI",NA,NA,NA,NA,c(-83.02694, 42.33139)
"2522","GLWA WRRF","9300 W JEFFERSON AVE","DETROIT","MI",NA,NA,NA,NA,c(-83.02833, 42.33111)
"2523","GLWA WRRF","9300 W JEFFERSON AVE","DETROIT","MI",NA,NA,NA,NA,c(-83.03194, 42.33)
"2524","GLWA WRRF","9300 W JEFFERSON AVE","DETROIT","MI",NA,NA,NA,NA,c(-83.03417, 42.32944)
"2525","GLWA WRRF","9300 W JEFFERSON AVE","DETROIT","MI",NA,NA,NA,NA,c(-83.04056, 42.32472)
"2526","GLWA WRRF","9300 W JEFFERSON AVE","DETROIT","MI",NA,NA,NA,NA,c(-83.04222, 42.32722)
"2527","GLWA WRRF","9300 W JEFFERSON AVE","DETROIT","MI",NA,NA,NA,NA,c(-83.04111, 42.32694)
"2528","GLWA WRRF","9300 W JEFFERSON AVE","DETROIT","MI",NA,NA,NA,NA,c(-83.04111, 42.32639)
"2529","GLWA WRRF","9300 W JEFFERSON AVE","DETROIT","MI",NA,NA,NA,NA,c(-83.04917, 42.325)
"2530","GLWA WRRF","9300 W JEFFERSON AVE","DETROIT","MI",NA,NA,NA,NA,c(-83.05194, 42.32444)
"2531","GLWA WRRF","9300 W JEFFERSON AVE","DETROIT","MI",NA,NA,NA,NA,c(-83.05722, 42.32333)
"2532","GLWA WRRF","9300 W JEFFERSON AVE","DETROIT","MI",NA,NA,NA,NA,c(-83.06278, 42.32139)
"2533","GLWA WRRF","9300 W JEFFERSON AVE","DETROIT","MI",NA,NA,NA,NA,c(-83.06556, 42.32028)
"2534","GLWA WRRF","9300 W JEFFERSON AVE","DETROIT","MI",NA,NA,NA,NA,c(-83.06917, 42.30167)
"2535","GLWA WRRF","9300 W JEFFERSON AVE","DETROIT","MI",NA,NA,"Michigan",1,c(-83.07528, 42.31583)
"2536","GLWA WRRF","9300 W JEFFERSON AVE","DETROIT","MI",NA,NA,"Michigan",1,c(-83.07528, 42.31472)
"2537","GLWA WRRF","9300 W JEFFERSON AVE","DETROIT","MI",NA,NA,"Michigan",1,c(-83.07833, 42.31306)
"2538","GLWA WRRF","9300 W JEFFERSON AVE","DETROIT","MI",NA,NA,"Michigan",1,c(-83.08056, 42.31139)
"2539","GLWA WRRF","9300 W JEFFERSON AVE","DETROIT","MI",NA,NA,"Michigan",1,c(-83.08222, 42.30972)
"2540","GLWA WRRF","9300 W JEFFERSON AVE","DETROIT","MI",NA,NA,"Michigan",1,c(-83.08389, 42.30861)
"2541","GLWA WRRF","9300 W JEFFERSON AVE","DETROIT","MI",NA,NA,"Michigan",1,c(-83.08694, 42.30528)
"2542","GLWA WRRF","9300 W JEFFERSON AVE","DETROIT","MI",NA,NA,"Michigan",1,c(-83.08833, 42.30389)
"2543","GLWA WRRF","9300 W JEFFERSON AVE","DETROIT","MI",NA,NA,"Michigan",1,c(-83.08861, 42.30361)
"2544","GLWA WRRF","9300 W JEFFERSON AVE","DETROIT","MI",NA,NA,"Michigan",1,c(-83.08944, 42.30278)
"2545","GLWA WRRF","9300 W JEFFERSON AVE","DETROIT","MI",NA,NA,"Michigan",1,c(-83.09028, 42.30194)
"2546","GLWA WRRF","9300 W JEFFERSON AVE","DETROIT","MI",NA,NA,"Michigan",1,c(-83.09167, 42.30028)
"2547","GLWA WRRF","9300 W JEFFERSON AVE","DETROIT","MI",NA,NA,"Michigan",1,c(-83.09472, 42.29694)
"2548","GLWA WRRF","9300 W JEFFERSON AVE","DETROIT","MI",NA,NA,"Michigan",1,c(-83.1, 42.29222)
"2549","GLWA WRRF","9300 W JEFFERSON AVE","DETROIT","MI",NA,NA,"Michigan",1,c(-83.11306, 42.29139)
"2550","GLWA WRRF","9300 W JEFFERSON AVE","DETROIT","MI",NA,NA,"Michigan",1,c(-83.11306, 42.29056)
"2551","GLWA WRRF","9300 W JEFFERSON AVE","DETROIT","MI",NA,NA,"Michigan",1,c(-83.11972, 42.28917)
"2552","GLWA WRRF","9300 W JEFFERSON AVE","DETROIT","MI",NA,NA,"Michigan",1,c(-83.13806, 42.28528)
"2553","GLWA WRRF","9300 W JEFFERSON AVE","DETROIT","MI",NA,NA,"Michigan",1,c(-83.14306, 42.29028)
"2554","GLWA WRRF","9300 W JEFFERSON AVE","DETROIT","MI",NA,NA,"Michigan",1,c(-83.1425, 42.29083)
"2555","GLWA WRRF","9300 W JEFFERSON AVE","DETROIT","MI",NA,NA,"Michigan",1,c(-83.24917, 42.34278)
"2556","GLWA WRRF","9300 W JEFFERSON AVE","DETROIT","MI",NA,NA,"Michigan",1,c(-83.2475, 42.34972)
"2557","GLWA WRRF","9300 W JEFFERSON AVE","DETROIT","MI",NA,NA,"Michigan",1,c(-83.24889, 42.36278)
"2558","GLWA WRRF","9300 W JEFFERSON AVE","DETROIT","MI",NA,NA,"Michigan",1,c(-83.255, 42.36444)
"2559","GLWA WRRF","9300 W JEFFERSON AVE","DETROIT","MI",NA,NA,"Michigan",1,c(-83.25583, 42.37167)
"2560","GLWA WRRF","9300 W JEFFERSON AVE","DETROIT","MI",NA,NA,"Michigan",1,c(-83.24778, 42.37583)
"2561","GLWA WRRF","9300 W JEFFERSON AVE","DETROIT","MI",NA,NA,"Michigan",1,c(-83.25639, 42.38111)
"2562","GLWA WRRF","9300 W JEFFERSON AVE","DETROIT","MI",NA,NA,"Michigan",1,c(-83.26722, 42.38528)
"2563","GLWA WRRF","9300 W JEFFERSON AVE","DETROIT","MI",NA,NA,"Michigan",1,c(-83.26722, 42.38528)
"2564","GLWA WRRF","9300 W JEFFERSON AVE","DETROIT","MI",NA,NA,"Michigan",1,c(-83.26556, 42.39167)
"2565","GLWA WRRF","9300 W JEFFERSON AVE","DETROIT","MI",NA,NA,"Michigan",1,c(-83.26583, 42.39306)
"2566","GLWA WRRF","9300 W JEFFERSON AVE","DETROIT","MI",NA,NA,"Michigan",1,c(-83.27056, 42.40778)
"2567","GLWA WRRF","9300 W JEFFERSON AVE","DETROIT","MI",NA,NA,"Michigan",1,c(-83.27028, 42.41)
"2568","GLWA WRRF","9300 W JEFFERSON AVE","DETROIT","MI",NA,NA,"Michigan",1,c(-83.26639, 42.41444)
"2569","GLWA WRRF","9300 W JEFFERSON AVE","DETROIT","MI",NA,NA,"Michigan",1,c(-83.27194, 42.42556)
"2570","GLWA WRRF","9300 W JEFFERSON AVE","DETROIT","MI",NA,NA,"Michigan",1,c(-83.26917, 42.42889)
"2571","GLWA WRRF","9300 W JEFFERSON AVE","DETROIT","MI",NA,NA,"Michigan",1,c(-83.27333, 42.43389)
"2572","GLWA WRRF","9300 W JEFFERSON AVE","DETROIT","MI",NA,NA,"Michigan",1,c(-82.94083, 42.37444)
"2573","GLWA WRRF","9300 W JEFFERSON AVE","DETROIT","MI",NA,NA,NA,NA,c(-83.2067, 42.3081)
"2574","GLWA WRRF","9300 W JEFFERSON AVE","DETROIT","MI",NA,NA,"Michigan",1,c(-83.2719, 42.3997)
"2575","GLWA WRRF","9300 W JEFFERSON AVE","DETROIT","MI",NA,NA,"Michigan",1,c(-83.2692, 42.4289)
"2576","GLWA WRRF","9300 W JEFFERSON AVE","DETROIT","MI",NA,NA,"Michigan",1,c(-82.9581, 42.3642)
"2577","GLWA WRRF","9300 W JEFFERSON AVE","DETROIT","MI",NA,NA,NA,NA,c(-83.0089, 42.3392)
"2578","GLWA WRRF","9300 W JEFFERSON AVE","DETROIT","MI",NA,NA,NA,NA,c(-83.0267, 42.3317)
"2579","GLWA WRRF","9300 W JEFFERSON AVE","DETROIT","MI",NA,NA,"Michigan",1,c(-83.1281, 42.2842)
"2580","GLWA WRRF","9300 W JEFFERSON AVE","DETROIT","MI",NA,NA,NA,NA,c(-82.9981, 42.3425)
"2581","GLWA WRRF","9300 W JEFFERSON AVE","DETROIT","MI",NA,NA,"Michigan",1,c(-83.1419, 42.2836)
"2582","EAST LANSING WRRF","1700 TROWBRIDGE RD","EAST LANSING","MI",NA,NA,NA,NA,c(-84.49972, 42.72972)
"2583","ESSEXVILLE CSO RTB","1008 BURNS STREET","ESSEXVILLE","MI",NA,NA,NA,NA,c(-83.845489, 43.615914)
"2584","GLADWIN WWTP","501 CHATTERTON ST","GLADWIN","MI",NA,NA,"Michigan",1,c(-84.49582, 43.98129)
"2585","IRON MOUNTAIN-KINGSFORD WWTP","88 PARK AVE","KINGSFORD","MI",NA,NA,NA,NA,c(-88.0831, 45.7856)
"2586","LANSING WWTP","1625 SUNSET AVE","LANSING","MI",NA,NA,NA,NA,c(-84.582963, 42.7544882)
"2587","LANSING WWTP","1625 SUNSET AVE","LANSING","MI",NA,NA,NA,NA,c(-84.585173, 42.7537273)
"2588","LANSING WWTP","1625 SUNSET AVE","LANSING","MI",NA,NA,"Michigan",1,c(-84.58333, 42.76417)
"2589","LANSING WWTP","1625 SUNSET AVE","LANSING","MI",NA,NA,"Michigan",1,c(-84.56722, 42.76639)
"2590","LANSING WWTP","1625 SUNSET AVE","LANSING","MI",NA,NA,"Michigan",1,c(-84.56444, 42.76556)
"2591","LANSING WWTP","1625 SUNSET AVE","LANSING","MI",NA,NA,"Michigan",1,c(-84.56333, 42.76528)
"2592","LANSING WWTP","1625 SUNSET AVE","LANSING","MI",NA,NA,"Michigan",1,c(-84.56194, 42.765)
"2593","LANSING WWTP","1625 SUNSET AVE","LANSING","MI",NA,NA,"Michigan",1,c(-84.55722, 42.76194)
"2594","LANSING WWTP","1625 SUNSET AVE","LANSING","MI",NA,NA,"Michigan",1,c(-84.55389, 42.76083)
"2595","LANSING WWTP","1625 SUNSET AVE","LANSING","MI",NA,NA,"Michigan",1,c(-84.55389, 42.76167)
"2596","LANSING WWTP","1625 SUNSET AVE","LANSING","MI",NA,NA,"Michigan",1,c(-84.54917, 42.76083)
"2597","LANSING WWTP","1625 SUNSET AVE","LANSING","MI",NA,NA,"Michigan",1,c(-84.54889, 42.75417)
"2598","LANSING WWTP","1625 SUNSET AVE","LANSING","MI",NA,NA,"Michigan",1,c(-84.5475, 42.7475)
"2599","LANSING WWTP","1625 SUNSET AVE","LANSING","MI",NA,NA,"Michigan",1,c(-84.54806, 42.73944)
"2600","LANSING WWTP","1625 SUNSET AVE","LANSING","MI",NA,NA,"Michigan",1,c(-84.545, 42.73889)
"2601","LANSING WWTP","1625 SUNSET AVE","LANSING","MI",NA,NA,"Michigan",1,c(-84.538333, 42.730556)
"2602","LANSING WWTP","1625 SUNSET AVE","LANSING","MI",NA,NA,"Michigan",1,c(-84.543333, 42.730278)
"2603","LANSING WWTP","1625 SUNSET AVE","LANSING","MI",NA,NA,"Michigan",1,c(-84.55722, 42.7275)
"2604","LANSING WWTP","1625 SUNSET AVE","LANSING","MI",NA,NA,"Michigan",1,c(-84.54778, 42.74139)
"2605","LANSING WWTP","1625 SUNSET AVE","LANSING","MI",NA,NA,"Michigan",1,c(-84.54778, 42.74139)
"2606","MANISTIQUE WWTP","321 TRADERS POINT DR","MANISTIQUE","MI",NA,NA,"Michigan",1,c(-86.25167, 45.95228)
"2607","MT CLEMENS WWTP","1750 CLARA","MOUNT CLEMENS","MI",NA,NA,"Michigan",1,c(-82.865952, 42.5976222)
"2608","NILES WWTP","21 MARMONT STREET","NILES","MI",5.8,NA,"Michigan",1,c(-86.260643, 41.830887)
"2609","PORT HURON WWTP","100 MERCHANT STREET","PORT HURON","MI",NA,NA,"Michigan",1,c(-82.44306, 42.99333)
"2610","SAGINAW TWP WWTP","5790 W MICHIGAN AVE","SAGINAW","MI",NA,NA,NA,NA,c(-84.01476, 43.394)
"2611","SAULT STE MARIE WWTP","1171 E PORTAGE AVE","SAULT STE MARIE","MI",NA,NA,"Michigan",1,c(-84.34361, 46.49306)
"2612","SAULT STE MARIE WWTP","1171 E PORTAGE AVE","SAULT STE MARIE","MI",NA,NA,"Michigan",1,c(-84.34167, 46.50028)
"2613","SAULT STE MARIE WWTP","1171 E PORTAGE AVE","SAULT STE MARIE","MI",NA,NA,"Michigan",1,c(-84.34278, 46.50056)
"2614","SAULT STE MARIE WWTP","1171 E PORTAGE AVE","SAULT STE MARIE","MI",NA,NA,"Michigan",1,c(-84.34417, 46.49306)
"2615","SAULT STE MARIE WWTP","1171 E PORTAGE AVE","SAULT STE MARIE","MI",NA,NA,"Michigan",1,c(-84.36472, 46.49778)
"2616","MARTIN RTB","22301 BON BRAE STREET","SAINT CLAIR SHORES","MI",NA,NA,NA,NA,c(-82.879926, 42.4826833)
"2617","MILK RIVER CSO RTB","1190 WEST PARKWAY DRIVE","GROSSE POINTE WOODS","MI",NA,NA,NA,NA,c(-82.88889, 42.45056)
"2618","BIRMINGHAM CSO RTB","700 LINDEN STREET","BIRMINGHAM","MI",NA,NA,NA,NA,c(-83.22798, 42.5391858)
"2619","DEARBORN CSO","VARIOUS LOCATIONS","DEARBORN","MI",NA,NA,NA,NA,c(-83.2825, 42.301944)
"2620","DEARBORN CSO","VARIOUS LOCATIONS","DEARBORN","MI",NA,NA,NA,NA,c(-83.282222, 42.301944)
"2621","DEARBORN CSO","VARIOUS LOCATIONS","DEARBORN","MI",NA,NA,NA,NA,c(-83.275555, 42.301111)
"2622","DEARBORN CSO","VARIOUS LOCATIONS","DEARBORN","MI",NA,NA,NA,NA,c(-83.271944, 42.301388)
"2623","DEARBORN CSO","VARIOUS LOCATIONS","DEARBORN","MI",NA,NA,NA,NA,c(-83.263333, 42.303888)
"2624","DEARBORN CSO","VARIOUS LOCATIONS","DEARBORN","MI",NA,NA,NA,NA,c(-83.252222, 42.309444)
"2625","DEARBORN CSO","VARIOUS LOCATIONS","DEARBORN","MI",NA,NA,NA,NA,c(-83.219444, 42.307222)
"2626","DEARBORN CSO","VARIOUS LOCATIONS","DEARBORN","MI",NA,NA,NA,NA,c(-83.204166, 42.304166)
"2627","DEARBORN CSO","VARIOUS LOCATIONS","DEARBORN","MI",NA,NA,NA,NA,c(-83.212222, 42.308611)
"2628","DEARBORN CSO","VARIOUS LOCATIONS","DEARBORN","MI",NA,NA,NA,NA,c(-83.160277, 42.304444)
"2629","DEARBORN CSO","VARIOUS LOCATIONS","DEARBORN","MI",NA,NA,"Michigan",1,c(-83.2125, 42.3125)
"2630","DEARBORN CSO","VARIOUS LOCATIONS","DEARBORN","MI",NA,NA,"Michigan",1,c(-83.2125, 42.3125)
"2631","DEARBORN CSO","VARIOUS LOCATIONS","DEARBORN","MI",NA,NA,NA,NA,c(-83.20147, 42.30417)
"2632","DEARBORN CSO","VARIOUS LOCATIONS","DEARBORN","MI",NA,NA,NA,NA,c(-83.160277, 42.304444)
"2633","SAGINAW WWTP","2406 VETERANS MEMORIAL PARKWAY","SAGINAW","MI",NA,NA,"Michigan",1,c(-83.942433, 43.442859)
"2634","SAGINAW WWTP","2406 VETERANS MEMORIAL PARKWAY","SAGINAW","MI",NA,NA,"Michigan",1,c(-83.943425, 43.42752)
"2635","SAGINAW WWTP","2406 VETERANS MEMORIAL PARKWAY","SAGINAW","MI",NA,NA,"Michigan",1,c(-83.961397, 43.416642)
"2636","SAGINAW WWTP","2406 VETERANS MEMORIAL PARKWAY","SAGINAW","MI",NA,NA,"Michigan",1,c(-83.964629, 43.408008)
"2637","SAGINAW WWTP","2406 VETERANS MEMORIAL PARKWAY","SAGINAW","MI",NA,NA,"Michigan",1,c(-83.917019, 43.457304)
"2638","SAGINAW WWTP","2406 VETERANS MEMORIAL PARKWAY","SAGINAW","MI",NA,NA,"Michigan",1,c(-83.939702, 43.436872)
"2639","SAGINAW WWTP","2406 VETERANS MEMORIAL PARKWAY","SAGINAW","MI",NA,NA,"Michigan",1,c(-83.966524, 43.409565)
"2640","CHAPATON RTB","23001 EAST NINE MILE ROAD","SAINT CLAIR SHORES","MI",NA,NA,NA,NA,c(-82.877651, 42.4638338)
"2641","GRAND RAPIDS WRRF","1300 MARKET SW","GRAND RAPIDS","MI",NA,NA,"Michigan",1,c(-85.691889, 42.951111)
"2642","GEORGE W KUHN DR DIST CSO RTB","1400 AJAX DRIVE","MADISON HEIGHTS","MI",NA,NA,"Michigan",1,c(-83.086615, 42.5242409)
"2643","RIVER ROUGE CSO RTB","10120 JEFFERSON AVENUE","RIVER ROUGE","MI",NA,NA,"Michigan",1,c(-83.12944, 42.28056)
"2644","SOUTHGATE-WYANDOTTE CSO RTF","767 CENTRAL AVENUE","WYANDOTTE","MI",NA,NA,NA,NA,c(-83.15583, 42.183333)
"2645","SOUTHGATE-WYANDOTTE CSO RTF","767 CENTRAL AVENUE","WYANDOTTE","MI",NA,NA,NA,NA,c(-83.14889, 42.19667)
"2646","OAKLAND CO-ACACIA PARK CSO RTB","31835 EVERGREEN ROAD","BEVERLY HILLS","MI",NA,NA,NA,NA,c(-83.246336, 42.5232061)
"2647","NORTH HOUGHTON CO W&SA CSO","25880 RED JACKET ROAD","CALUMET","MI",NA,NA,"Michigan",1,c(-88.432639, 47.235833)
"2648","NORTH HOUGHTON CO W&SA CSO","25880 RED JACKET ROAD","CALUMET","MI",NA,NA,"Michigan",1,c(-88.447556, 47.224694)
"2649","BLOOMFIELD VILLAGE CSO RTB","1200 SOUTH CRANBROOK ROAD","BIRMINGHAM","MI",NA,NA,NA,NA,c(-83.24306, 42.531666)
"2650","WAYNE CO/INKSTER/DRBRN HTS CSO","BEECH DALY ROAD/MICHIGAN AVENUE INTERSECTION","INKSTER","MI",NA,NA,"Michigan",1,c(-83.29067, 42.29686)
"2651","WAYNE CO/INKSTER/DRBRN HTS CSO","BEECH DALY ROAD/MICHIGAN AVENUE INTERSECTION","INKSTER","MI",NA,NA,NA,NA,c(-83.29069, 42.30367)
"2652","WAYNE CO/INKSTER CSO","2001 INKSTER ROAD","INKSTER","MI",NA,NA,"Michigan",1,c(-83.308888, 42.296111)
"2653","WAYNE CO/INKSTER CSO","2001 INKSTER ROAD","INKSTER","MI",NA,NA,"Michigan",1,c(-83.32983, 42.29861)
"2654","WAYNE CO/INKSTER CSO","2001 INKSTER ROAD","INKSTER","MI",NA,NA,"Michigan",1,c(-83.29381, 42.28852)
"2655","WAYNE CO/INKSTER CSO","2001 INKSTER ROAD","INKSTER","MI",NA,NA,"Michigan",1,c(-83.32964, 42.29367)
"2656","WAYNE CO/INKSTER CSO","2001 INKSTER ROAD","INKSTER","MI",NA,NA,"Michigan",1,c(-83.33389, 42.27978)
"2657","WAYNE CO/DEARBORN HEIGHTS CSO","23800 EDWARD HINES DRIVE","DEARBORN HEIGHTS","MI",NA,NA,"Michigan",1,c(-83.273055, 42.343888)
"2658","WAYNE CO/DEARBORN HEIGHTS CSO","23800 EDWARD HINES DRIVE","DEARBORN HEIGHTS","MI",NA,NA,"Michigan",1,c(-83.26617, 42.35717)
"2659","WAYNE CO/DEARBORN HEIGHTS CSO","23800 EDWARD HINES DRIVE","DEARBORN HEIGHTS","MI",NA,NA,NA,NA,c(-83.29036, 42.29781)
"2660","WAYNE CO/DEARBORN HEIGHTS CSO","23800 EDWARD HINES DRIVE","DEARBORN HEIGHTS","MI",NA,NA,"Michigan",1,c(-83.25319, 42.33167)
"2661","WAYNE CO/DEARBORN HEIGHTS CSO","23800 EDWARD HINES DRIVE","DEARBORN HEIGHTS","MI",NA,NA,"Michigan",1,c(-83.25367, 42.33067)
"2662","WAYNE CO/RDFRD/LIVONIA CSO","16100 LOLA DRIVE","REDFORD TOWNSHIP","MI",NA,NA,"Michigan",1,c(-83.295829, 42.4069178)
"2663","WAYNE CO/RDFRD/LIVONIA CSO","16100 LOLA DRIVE","REDFORD TOWNSHIP","MI",NA,NA,"Michigan",1,c(-83.26897, 42.36428)
"2664","WAYNE CO/RDFRD/LIVONIA CSO","16100 LOLA DRIVE","REDFORD TOWNSHIP","MI",NA,NA,NA,NA,c(-83.31397, 42.39869)
"2665","WAYNE CO/RDFRD/LIVONIA CSO","16100 LOLA DRIVE","REDFORD TOWNSHIP","MI",NA,NA,NA,NA,c(-83.31397, 42.39333)
"2666","WAYNE CO/RDFRD/LIVONIA CSO","16100 LOLA DRIVE","REDFORD TOWNSHIP","MI",NA,NA,NA,NA,c(-83.30963, 42.40114)
"2667","WAYNE CO/RDFRD/LIVONIA CSO","16100 LOLA DRIVE","REDFORD TOWNSHIP","MI",NA,NA,NA,NA,c(-83.28625, 42.39647)
"2668","WAYNE CO/RDFRD/LIVONIA CSO","16100 LOLA DRIVE","REDFORD TOWNSHIP","MI",NA,NA,NA,NA,c(-83.28608, 42.39517)
"2669","WAYNE CO/RDFRD/LIVONIA CSO","16100 LOLA DRIVE","REDFORD TOWNSHIP","MI",NA,NA,NA,NA,c(-83.29658, 42.39083)
"2670","REDFORD TWP CSO","NORTH OF THE INTERSECTION OF ORANGELAWN STREET AND","REDFORD","MI",NA,NA,"Michigan",1,c(-83.27656, 42.36794)
"2671","MINNEAPOLIS DEPT PUBLIC WORKS","309 SECOND AVE SO","MINNEAPOLIS","MN",NA,NA,NA,NA,c(-93.216791, 44.916327)
"2672","MINNEAPOLIS DEPT PUBLIC WORKS","309 SECOND AVE SO","MINNEAPOLIS","MN",NA,NA,NA,NA,c(-93.234766, 44.934193)
"2673","MINNEAPOLIS DEPT PUBLIC WORKS","309 SECOND AVE SO","MINNEAPOLIS","MN",NA,NA,"Minnesota",1,c(-93.083667, 44.956519)
"2674","MINNEAPOLIS DEPT PUBLIC WORKS","309 SECOND AVE SO","MINNEAPOLIS","MN",NA,NA,"Minnesota",1,c(-93.083667, 44.956519)
"2675","MINNEAPOLIS DEPT PUBLIC WORKS","309 SECOND AVE SO","MINNEAPOLIS","MN",NA,NA,NA,NA,c(-93.215278, 44.955657)
"2676","MINNEAPOLIS DEPT PUBLIC WORKS","309 SECOND AVE SO","MINNEAPOLIS","MN",NA,NA,NA,NA,c(-93.260074, 44.978331)
"2677","MINNEAPOLIS DEPT PUBLIC WORKS","309 SECOND AVE SO","MINNEAPOLIS","MN",NA,NA,NA,NA,c(-93.226165, 44.978685)
"2678","ST JOSEPH WATER PROTECTION FACILITY","3500 HIGHWAY 759","ST JOSEPH","MO",NA,NA,"Missouri",1,c(-94.862018, 39.7671438)
"2679","ST JOSEPH WATER PROTECTION FACILITY","3500 HIGHWAY 759","ST JOSEPH","MO",NA,NA,"Missouri",1,c(-94.861509, 39.7668907)
"2680","ST JOSEPH WATER PROTECTION FACILITY","3500 HIGHWAY 759","ST JOSEPH","MO",NA,NA,"Missouri",1,c(-94.859873, 39.7642231)
"2681","ST JOSEPH WATER PROTECTION FACILITY","3500 HIGHWAY 759","ST JOSEPH","MO",NA,NA,"Missouri",1,c(-94.858598, 39.7619732)
"2682","ST JOSEPH WATER PROTECTION FACILITY","3500 HIGHWAY 759","ST JOSEPH","MO",NA,NA,"Missouri",1,c(-94.857619, 39.7598627)
"2683","ST JOSEPH WATER PROTECTION FACILITY","3500 HIGHWAY 759","ST JOSEPH","MO",NA,NA,"Missouri",1,c(-94.857279, 39.7589402)
"2684","ST JOSEPH WATER PROTECTION FACILITY","3500 HIGHWAY 759","ST JOSEPH","MO",NA,NA,"Missouri",1,c(-94.856921, 39.7556035)
"2685","ST JOSEPH WATER PROTECTION FACILITY","3500 HIGHWAY 759","ST JOSEPH","MO",NA,NA,"Missouri",1,c(-94.857435, 39.7517122)
"2686","ST JOSEPH WATER PROTECTION FACILITY","3500 HIGHWAY 759","ST JOSEPH","MO",NA,NA,"Missouri",1,c(-94.858379, 39.7481655)
"2687","ST JOSEPH WATER PROTECTION FACILITY","3500 HIGHWAY 759","ST JOSEPH","MO",NA,NA,"Missouri",1,c(-94.859161, 39.7455583)
"2688","ST JOSEPH WATER PROTECTION FACILITY","3500 HIGHWAY 759","ST JOSEPH","MO",NA,NA,"Missouri",1,c(-94.853543, 39.7410534)
"2689","ST JOSEPH WATER PROTECTION FACILITY","3500 HIGHWAY 759","ST JOSEPH","MO",NA,NA,"Missouri",1,c(-94.869899, 39.7309258)
"2690","ST JOSEPH WATER PROTECTION FACILITY","3500 HIGHWAY 759","ST JOSEPH","MO",NA,NA,"Missouri",1,c(-94.87752, 39.7125047)
"2691","ST JOSEPH WATER PROTECTION FACILITY","3500 HIGHWAY 759","ST JOSEPH","MO",NA,NA,"Missouri",1,c(-94.870462, 39.7814949)
"2692","MACON WWTP","32319 VINE STREET","MACON","MO",NA,NA,"Missouri",1,c(-92.439749, 39.7369865)
"2693","MACON WWTP","32319 VINE STREET","MACON","MO",NA,NA,"Missouri",1,c(-92.462706, 39.7337252)
"2694","MACON WWTP","32319 VINE STREET","MACON","MO",NA,NA,"Missouri",1,c(-92.465319, 39.7339085)
"2695","KC BLUE RIVER WWTP","7300 HAWTHORNE RD","KANSAS CITY","MO",NA,NA,NA,NA,c(-94.601811, 39.0355111)
"2696","KC BLUE RIVER WWTP","7300 HAWTHORNE RD","KANSAS CITY","MO",NA,NA,NA,NA,c(-94.601459, 39.0362999)
"2697","KC BLUE RIVER WWTP","7300 HAWTHORNE RD","KANSAS CITY","MO",NA,NA,NA,NA,c(-94.601063, 39.0372154)
"2698","KC BLUE RIVER WWTP","7300 HAWTHORNE RD","KANSAS CITY","MO",NA,NA,NA,NA,c(-94.601063, 39.0372154)
"2699","KC BLUE RIVER WWTP","7300 HAWTHORNE RD","KANSAS CITY","MO",NA,NA,NA,NA,c(-94.600503, 39.0374754)
"2700","KC BLUE RIVER WWTP","7300 HAWTHORNE RD","KANSAS CITY","MO",NA,NA,NA,NA,c(-94.596806, 39.0395174)
"2701","KC BLUE RIVER WWTP","7300 HAWTHORNE RD","KANSAS CITY","MO",NA,NA,NA,NA,c(-94.596716, 39.0391041)
"2702","KC BLUE RIVER WWTP","7300 HAWTHORNE RD","KANSAS CITY","MO",NA,NA,NA,NA,c(-94.591877, 39.0402335)
"2703","KC BLUE RIVER WWTP","7300 HAWTHORNE RD","KANSAS CITY","MO",NA,NA,NA,NA,c(-94.59154, 39.040139)
"2704","KC BLUE RIVER WWTP","7300 HAWTHORNE RD","KANSAS CITY","MO",NA,NA,NA,NA,c(-94.589018, 39.0405428)
"2705","KC BLUE RIVER WWTP","7300 HAWTHORNE RD","KANSAS CITY","MO",NA,NA,NA,NA,c(-94.58714, 39.040253)
"2706","KC BLUE RIVER WWTP","7300 HAWTHORNE RD","KANSAS CITY","MO",NA,NA,NA,NA,c(-94.583838, 39.0393428)
"2707","KC BLUE RIVER WWTP","7300 HAWTHORNE RD","KANSAS CITY","MO",NA,NA,NA,NA,c(-94.574373, 39.0381645)
"2708","KC BLUE RIVER WWTP","7300 HAWTHORNE RD","KANSAS CITY","MO",NA,NA,"Missouri",1,c(-94.572902, 39.0379951)
"2709","KC BLUE RIVER WWTP","7300 HAWTHORNE RD","KANSAS CITY","MO",NA,NA,"Missouri",1,c(-94.568773, 39.0399159)
"2710","KC BLUE RIVER WWTP","7300 HAWTHORNE RD","KANSAS CITY","MO",NA,NA,"Missouri",1,c(-94.567783, 39.0411096)
"2711","KC BLUE RIVER WWTP","7300 HAWTHORNE RD","KANSAS CITY","MO",NA,NA,"Missouri",1,c(-94.563434, 39.0430152)
"2712","KC BLUE RIVER WWTP","7300 HAWTHORNE RD","KANSAS CITY","MO",NA,NA,"Missouri",1,c(-94.559442, 39.0422216)
"2713","KC BLUE RIVER WWTP","7300 HAWTHORNE RD","KANSAS CITY","MO",NA,NA,"Missouri",1,c(-94.55475, 39.0406083)
"2714","KC BLUE RIVER WWTP","7300 HAWTHORNE RD","KANSAS CITY","MO",NA,NA,"Missouri",1,c(-94.549167, 39.0388895)
"2715","KC BLUE RIVER WWTP","7300 HAWTHORNE RD","KANSAS CITY","MO",NA,NA,"Missouri",1,c(-94.539044, 39.043637)
"2716","KC BLUE RIVER WWTP","7300 HAWTHORNE RD","KANSAS CITY","MO",NA,NA,"Missouri",1,c(-94.536929, 39.0420069)
"2717","KC BLUE RIVER WWTP","7300 HAWTHORNE RD","KANSAS CITY","MO",NA,NA,NA,NA,c(-94.582038, 39.0389347)
"2718","KC BLUE RIVER WWTP","7300 HAWTHORNE RD","KANSAS CITY","MO",NA,NA,NA,NA,c(-94.582038, 39.0389347)
"2719","KC BLUE RIVER WWTP","7300 HAWTHORNE RD","KANSAS CITY","MO",NA,NA,"Missouri",1,c(-94.491466, 39.1184845)
"2720","KC BLUE RIVER WWTP","7300 HAWTHORNE RD","KANSAS CITY","MO",NA,NA,"Missouri",1,c(-94.505028, 39.1132823)
"2721","KC BLUE RIVER WWTP","7300 HAWTHORNE RD","KANSAS CITY","MO",NA,NA,"Missouri",1,c(-94.499723, 39.110197)
"2722","KC BLUE RIVER WWTP","7300 HAWTHORNE RD","KANSAS CITY","MO",NA,NA,"Missouri",1,c(-94.498223, 39.1016202)
"2723","KC BLUE RIVER WWTP","7300 HAWTHORNE RD","KANSAS CITY","MO",NA,NA,"Missouri",1,c(-94.497932, 39.0873422)
"2724","KC BLUE RIVER WWTP","7300 HAWTHORNE RD","KANSAS CITY","MO",NA,NA,"Missouri",1,c(-94.513124, 39.0619163)
"2725","KC BLUE RIVER WWTP","7300 HAWTHORNE RD","KANSAS CITY","MO",NA,NA,"Missouri",1,c(-94.513539, 39.0613252)
"2726","KC BLUE RIVER WWTP","7300 HAWTHORNE RD","KANSAS CITY","MO",NA,NA,"Missouri",1,c(-94.531389, 39.0508291)
"2727","KC BLUE RIVER WWTP","7300 HAWTHORNE RD","KANSAS CITY","MO",NA,NA,"Missouri",1,c(-94.539722, 39.0525125)
"2728","KC BLUE RIVER WWTP","7300 HAWTHORNE RD","KANSAS CITY","MO",NA,NA,"Missouri",1,c(-94.539421, 39.0524894)
"2729","KC BLUE RIVER WWTP","7300 HAWTHORNE RD","KANSAS CITY","MO",NA,NA,"Missouri",1,c(-94.53828, 39.0515403)
"2730","KC BLUE RIVER WWTP","7300 HAWTHORNE RD","KANSAS CITY","MO",NA,NA,"Missouri",1,c(-94.537581, 39.0512972)
"2731","KC BLUE RIVER WWTP","7300 HAWTHORNE RD","KANSAS CITY","MO",NA,NA,"Missouri",1,c(-94.5364, 39.0511596)
"2732","KC BLUE RIVER WWTP","7300 HAWTHORNE RD","KANSAS CITY","MO",NA,NA,"Missouri",1,c(-94.535201, 39.05077)
"2733","KC BLUE RIVER WWTP","7300 HAWTHORNE RD","KANSAS CITY","MO",NA,NA,"Missouri",1,c(-94.527169, 39.0432434)
"2734","KC BLUE RIVER WWTP","7300 HAWTHORNE RD","KANSAS CITY","MO",NA,NA,"Missouri",1,c(-94.53406, 39.0509201)
"2735","KC BLUE RIVER WWTP","7300 HAWTHORNE RD","KANSAS CITY","MO",NA,NA,"Missouri",1,c(-94.49457, 39.1071815)
"2736","KC BLUE RIVER WWTP","7300 HAWTHORNE RD","KANSAS CITY","MO",NA,NA,"Missouri",1,c(-94.494001, 39.0933486)
"2737","KC BLUE RIVER WWTP","7300 HAWTHORNE RD","KANSAS CITY","MO",NA,NA,"Missouri",1,c(-94.511982, 39.0885214)
"2738","KC BLUE RIVER WWTP","7300 HAWTHORNE RD","KANSAS CITY","MO",NA,NA,"Missouri",1,c(-94.513675, 39.0703521)
"2739","KC BLUE RIVER WWTP","7300 HAWTHORNE RD","KANSAS CITY","MO",NA,NA,"Missouri",1,c(-94.529399, 39.0255624)
"2740","KC BLUE RIVER WWTP","7300 HAWTHORNE RD","KANSAS CITY","MO",NA,NA,"Missouri",1,c(-94.54819, 38.9882987)
"2741","KC BLUE RIVER WWTP","7300 HAWTHORNE RD","KANSAS CITY","MO",NA,NA,NA,NA,c(-94.586936, 38.9768841)
"2742","KC BLUE RIVER WWTP","7300 HAWTHORNE RD","KANSAS CITY","MO",NA,NA,"Missouri",1,c(-94.573688, 38.9718734)
"2743","KC BLUE RIVER WWTP","7300 HAWTHORNE RD","KANSAS CITY","MO",NA,NA,"Missouri",1,c(-94.534403, 39.0208291)
"2744","KC BLUE RIVER WWTP","7300 HAWTHORNE RD","KANSAS CITY","MO",NA,NA,"Missouri",1,c(-94.532785, 39.0202737)
"2745","KC BLUE RIVER WWTP","7300 HAWTHORNE RD","KANSAS CITY","MO",NA,NA,NA,NA,c(-94.530826, 39.0108293)
"2746","KC BLUE RIVER WWTP","7300 HAWTHORNE RD","KANSAS CITY","MO",NA,NA,"Missouri",1,c(-94.542722, 39.0002201)
"2747","KC BLUE RIVER WWTP","7300 HAWTHORNE RD","KANSAS CITY","MO",NA,NA,"Missouri",1,c(-94.540562, 38.9980591)
"2748","KC BLUE RIVER WWTP","7300 HAWTHORNE RD","KANSAS CITY","MO",NA,NA,NA,NA,c(-94.576705, 38.9772391)
"2749","KC BLUE RIVER WWTP","7300 HAWTHORNE RD","KANSAS CITY","MO",NA,NA,NA,NA,c(-94.59022, 38.9765871)
"2750","KC BLUE RIVER WWTP","7300 HAWTHORNE RD","KANSAS CITY","MO",NA,NA,"Missouri",1,c(-94.569986, 38.9693733)
"2751","KC BLUE RIVER WWTP","7300 HAWTHORNE RD","KANSAS CITY","MO",NA,NA,"Missouri",1,c(-94.557285, 38.9855195)
"2752","KC BLUE RIVER WWTP","7300 HAWTHORNE RD","KANSAS CITY","MO",NA,NA,NA,NA,c(-94.580002, 39.1150022)
"2753","KC BLUE RIVER WWTP","7300 HAWTHORNE RD","KANSAS CITY","MO",NA,NA,"Missouri",1,c(-94.573427, 39.1178664)
"2754","KC BLUE RIVER WWTP","7300 HAWTHORNE RD","KANSAS CITY","MO",NA,NA,"Missouri",1,c(-94.568328, 39.1200435)
"2755","KC BLUE RIVER WWTP","7300 HAWTHORNE RD","KANSAS CITY","MO",NA,NA,"Missouri",1,c(-94.550608, 39.127471)
"2756","KC BLUE RIVER WWTP","7300 HAWTHORNE RD","KANSAS CITY","MO",NA,NA,"Missouri",1,c(-94.577825, 39.1159237)
"2757","KC BLUE RIVER WWTP","7300 HAWTHORNE RD","KANSAS CITY","MO",NA,NA,"Missouri",1,c(-94.545064, 39.0335466)
"2758","KC BLUE RIVER WWTP","7300 HAWTHORNE RD","KANSAS CITY","MO",NA,NA,"Missouri",1,c(-94.548135, 39.0292078)
"2759","KC BLUE RIVER WWTP","7300 HAWTHORNE RD","KANSAS CITY","MO",NA,NA,"Missouri",1,c(-94.547972, 39.0265067)
"2760","KC BLUE RIVER WWTP","7300 HAWTHORNE RD","KANSAS CITY","MO",NA,NA,"Missouri",1,c(-94.549057, 39.02278)
"2761","KC BLUE RIVER WWTP","7300 HAWTHORNE RD","KANSAS CITY","MO",NA,NA,"Missouri",1,c(-94.553378, 39.0196408)
"2762","KC BLUE RIVER WWTP","7300 HAWTHORNE RD","KANSAS CITY","MO",NA,NA,"Missouri",1,c(-94.553576, 39.018647)
"2763","KC BLUE RIVER WWTP","7300 HAWTHORNE RD","KANSAS CITY","MO",NA,NA,"Missouri",1,c(-94.558751, 39.0155144)
"2764","KC BLUE RIVER WWTP","7300 HAWTHORNE RD","KANSAS CITY","MO",NA,NA,"Missouri",1,c(-94.564365, 39.0134659)
"2765","KC BLUE RIVER WWTP","7300 HAWTHORNE RD","KANSAS CITY","MO",NA,NA,"Missouri",1,c(-94.550421, 39.0206714)
"2766","KC BLUE RIVER WWTP","7300 HAWTHORNE RD","KANSAS CITY","MO",NA,NA,"Missouri",1,c(-94.573142, 38.9988137)
"2767","KC BLUE RIVER WWTP","7300 HAWTHORNE RD","KANSAS CITY","MO",NA,NA,"Missouri",1,c(-94.57278, 38.9986113)
"2768","KC BLUE RIVER WWTP","7300 HAWTHORNE RD","KANSAS CITY","MO",NA,NA,"Missouri",1,c(-94.5708, 39.0015304)
"2769","KC BLUE RIVER WWTP","7300 HAWTHORNE RD","KANSAS CITY","MO",NA,NA,"Missouri",1,c(-94.569201, 39.0054445)
"2770","KC BLUE RIVER WWTP","7300 HAWTHORNE RD","KANSAS CITY","MO",NA,NA,"Missouri",1,c(-94.566383, 39.0038875)
"2771","KC BLUE RIVER WWTP","7300 HAWTHORNE RD","KANSAS CITY","MO",NA,NA,"Missouri",1,c(-94.568835, 39.0066659)
"2772","KC BLUE RIVER WWTP","7300 HAWTHORNE RD","KANSAS CITY","MO",NA,NA,"Missouri",1,c(-94.568835, 39.0066659)
"2773","KC BLUE RIVER WWTP","7300 HAWTHORNE RD","KANSAS CITY","MO",NA,NA,"Missouri",1,c(-94.548507, 39.0245353)
"2774","KC BLUE RIVER WWTP","7300 HAWTHORNE RD","KANSAS CITY","MO",NA,NA,"Missouri",1,c(-94.49631, 39.1161518)
"2775","KC WESTSIDE WWTP","1849 WOODSWETHER RD.","KANSAS CITY","MO",NA,NA,NA,NA,c(-94.588544, 39.1111287)
"2776","KC WESTSIDE WWTP","1849 WOODSWETHER RD.","KANSAS CITY","MO",NA,NA,NA,NA,c(-94.597591, 39.1086804)
"2777","KC WESTSIDE WWTP","1849 WOODSWETHER RD.","KANSAS CITY","MO",NA,NA,"Missouri",1,c(-94.592412, 39.1134367)
"2778","KC WESTSIDE WWTP","1849 WOODSWETHER RD.","KANSAS CITY","MO",NA,NA,NA,NA,c(-94.607152, 39.0851217)
"2779","KC WESTSIDE WWTP","1849 WOODSWETHER RD.","KANSAS CITY","MO",NA,NA,NA,NA,c(-94.590779, 39.0732001)
"2780","MSD LEMAY WWTP","201 HOFFMEISTER AVE","ST. LOUIS","MO",NA,NA,"Missouri",1,c(-90.270284, 38.544572)
"2781","MSD LEMAY WWTP","201 HOFFMEISTER AVE","ST. LOUIS","MO",NA,NA,NA,NA,c(-90.271763, 38.5500574)
"2782","MSD LEMAY WWTP","201 HOFFMEISTER AVE","ST. LOUIS","MO",NA,NA,"Missouri",1,c(-90.270803, 38.5514586)
"2783","MSD LEMAY WWTP","201 HOFFMEISTER AVE","ST. LOUIS","MO",NA,NA,NA,NA,c(-90.273535, 38.5562795)
"2784","MSD LEMAY WWTP","201 HOFFMEISTER AVE","ST. LOUIS","MO",NA,NA,NA,NA,c(-90.279429, 38.5573086)
"2785","MSD LEMAY WWTP","201 HOFFMEISTER AVE","ST. LOUIS","MO",NA,NA,NA,NA,c(-90.277812, 38.5560547)
"2786","MSD LEMAY WWTP","201 HOFFMEISTER AVE","ST. LOUIS","MO",NA,NA,NA,NA,c(-90.281984, 38.559242)
"2787","MSD LEMAY WWTP","201 HOFFMEISTER AVE","ST. LOUIS","MO",NA,NA,NA,NA,c(-90.280883, 38.5668117)
"2788","MSD LEMAY WWTP","201 HOFFMEISTER AVE","ST. LOUIS","MO",NA,NA,NA,NA,c(-90.284334, 38.5638556)
"2789","MSD LEMAY WWTP","201 HOFFMEISTER AVE","ST. LOUIS","MO",NA,NA,NA,NA,c(-90.283767, 38.5597249)
"2790","MSD LEMAY WWTP","201 HOFFMEISTER AVE","ST. LOUIS","MO",NA,NA,NA,NA,c(-90.287723, 38.5613124)
"2791","MSD LEMAY WWTP","201 HOFFMEISTER AVE","ST. LOUIS","MO",NA,NA,NA,NA,c(-90.293005, 38.5621375)
"2792","MSD LEMAY WWTP","201 HOFFMEISTER AVE","ST. LOUIS","MO",NA,NA,NA,NA,c(-90.292934, 38.5616042)
"2793","MSD LEMAY WWTP","201 HOFFMEISTER AVE","ST. LOUIS","MO",NA,NA,NA,NA,c(-90.294825, 38.563495)
"2794","MSD LEMAY WWTP","201 HOFFMEISTER AVE","ST. LOUIS","MO",NA,NA,NA,NA,c(-90.29624, 38.5646179)
"2795","MSD LEMAY WWTP","201 HOFFMEISTER AVE","ST. LOUIS","MO",NA,NA,NA,NA,c(-90.304973, 38.5723065)
"2796","MSD LEMAY WWTP","201 HOFFMEISTER AVE","ST. LOUIS","MO",NA,NA,NA,NA,c(-90.311024, 38.5789869)
"2797","MSD LEMAY WWTP","201 HOFFMEISTER AVE","ST. LOUIS","MO",NA,NA,NA,NA,c(-90.309321, 38.5787856)
"2798","MSD LEMAY WWTP","201 HOFFMEISTER AVE","ST. LOUIS","MO",NA,NA,NA,NA,c(-90.311667, 38.5845157)
"2799","MSD LEMAY WWTP","201 HOFFMEISTER AVE","ST. LOUIS","MO",NA,NA,NA,NA,c(-90.310842, 38.5841724)
"2800","MSD LEMAY WWTP","201 HOFFMEISTER AVE","ST. LOUIS","MO",NA,NA,NA,NA,c(-90.313859, 38.588224)
"2801","MSD LEMAY WWTP","201 HOFFMEISTER AVE","ST. LOUIS","MO",NA,NA,NA,NA,c(-90.317044, 38.5917839)
"2802","MSD LEMAY WWTP","201 HOFFMEISTER AVE","ST. LOUIS","MO",NA,NA,NA,NA,c(-90.318134, 38.5973589)
"2803","MSD LEMAY WWTP","201 HOFFMEISTER AVE","ST. LOUIS","MO",NA,NA,NA,NA,c(-90.315698, 38.5992492)
"2804","MSD LEMAY WWTP","201 HOFFMEISTER AVE","ST. LOUIS","MO",NA,NA,NA,NA,c(-90.318966, 38.5972158)
"2805","MSD LEMAY WWTP","201 HOFFMEISTER AVE","ST. LOUIS","MO",NA,NA,NA,NA,c(-90.313553, 38.6072006)
"2806","MSD LEMAY WWTP","201 HOFFMEISTER AVE","ST. LOUIS","MO",NA,NA,NA,NA,c(-90.310343, 38.60737)
"2807","MSD LEMAY WWTP","201 HOFFMEISTER AVE","ST. LOUIS","MO",NA,NA,NA,NA,c(-90.308814, 38.6089566)
"2808","MSD LEMAY WWTP","201 HOFFMEISTER AVE","ST. LOUIS","MO",NA,NA,NA,NA,c(-90.310203, 38.6077452)
"2809","MSD LEMAY WWTP","201 HOFFMEISTER AVE","ST. LOUIS","MO",NA,NA,NA,NA,c(-90.308072, 38.6097594)
"2810","MSD LEMAY WWTP","201 HOFFMEISTER AVE","ST. LOUIS","MO",NA,NA,NA,NA,c(-90.308096, 38.6100483)
"2811","MSD LEMAY WWTP","201 HOFFMEISTER AVE","ST. LOUIS","MO",NA,NA,NA,NA,c(-90.303736, 38.6133175)
"2812","MSD LEMAY WWTP","201 HOFFMEISTER AVE","ST. LOUIS","MO",NA,NA,NA,NA,c(-90.298943, 38.6168017)
"2813","MSD LEMAY WWTP","201 HOFFMEISTER AVE","ST. LOUIS","MO",NA,NA,NA,NA,c(-90.296657, 38.6198843)
"2814","MSD LEMAY WWTP","201 HOFFMEISTER AVE","ST. LOUIS","MO",NA,NA,NA,NA,c(-90.292061, 38.6214628)
"2815","MSD LEMAY WWTP","201 HOFFMEISTER AVE","ST. LOUIS","MO",NA,NA,NA,NA,c(-90.290197, 38.6215547)
"2816","MSD LEMAY WWTP","201 HOFFMEISTER AVE","ST. LOUIS","MO",NA,NA,NA,NA,c(-90.287228, 38.6211255)
"2817","MSD LEMAY WWTP","201 HOFFMEISTER AVE","ST. LOUIS","MO",NA,NA,NA,NA,c(-90.280543, 38.6220603)
"2818","MSD LEMAY WWTP","201 HOFFMEISTER AVE","ST. LOUIS","MO",NA,NA,NA,NA,c(-90.280492, 38.621879)
"2819","MSD LEMAY WWTP","201 HOFFMEISTER AVE","ST. LOUIS","MO",NA,NA,NA,NA,c(-90.275858, 38.6220324)
"2820","MSD LEMAY WWTP","201 HOFFMEISTER AVE","ST. LOUIS","MO",NA,NA,NA,NA,c(-90.275262, 38.6223068)
"2821","MSD LEMAY WWTP","201 HOFFMEISTER AVE","ST. LOUIS","MO",NA,NA,NA,NA,c(-90.271908, 38.6223097)
"2822","MSD LEMAY WWTP","201 HOFFMEISTER AVE","ST. LOUIS","MO",NA,NA,"Missouri",1,c(-90.306329, 38.6633811)
"2823","MSD LEMAY WWTP","201 HOFFMEISTER AVE","ST. LOUIS","MO",NA,NA,"Missouri",1,c(-90.306719, 38.6664714)
"2824","MSD LEMAY WWTP","201 HOFFMEISTER AVE","ST. LOUIS","MO",NA,NA,"Missouri",1,c(-90.306675, 38.667029)
"2825","MSD LEMAY WWTP","201 HOFFMEISTER AVE","ST. LOUIS","MO",NA,NA,"Missouri",1,c(-90.306592, 38.6670991)
"2826","MSD LEMAY WWTP","201 HOFFMEISTER AVE","ST. LOUIS","MO",NA,NA,"Missouri",1,c(-90.307723, 38.6684857)
"2827","MSD LEMAY WWTP","201 HOFFMEISTER AVE","ST. LOUIS","MO",NA,NA,"Missouri",1,c(-90.30805, 38.6689707)
"2828","MSD LEMAY WWTP","201 HOFFMEISTER AVE","ST. LOUIS","MO",NA,NA,NA,NA,c(-90.309842, 38.6708319)
"2829","MSD LEMAY WWTP","201 HOFFMEISTER AVE","ST. LOUIS","MO",NA,NA,NA,NA,c(-90.30984, 38.6708859)
"2830","MSD LEMAY WWTP","201 HOFFMEISTER AVE","ST. LOUIS","MO",NA,NA,NA,NA,c(-90.311749, 38.6711461)
"2831","MSD LEMAY WWTP","201 HOFFMEISTER AVE","ST. LOUIS","MO",NA,NA,NA,NA,c(-90.310241, 38.6709132)
"2832","MSD LEMAY WWTP","201 HOFFMEISTER AVE","ST. LOUIS","MO",NA,NA,NA,NA,c(-90.312088, 38.6719377)
"2833","MSD LEMAY WWTP","201 HOFFMEISTER AVE","ST. LOUIS","MO",NA,NA,NA,NA,c(-90.312257, 38.6726263)
"2834","MSD LEMAY WWTP","201 HOFFMEISTER AVE","ST. LOUIS","MO",NA,NA,"Missouri",1,c(-90.314617, 38.6762214)
"2835","MSD LEMAY WWTP","201 HOFFMEISTER AVE","ST. LOUIS","MO",NA,NA,NA,NA,c(-90.311117, 38.6619507)
"2836","MSD LEMAY WWTP","201 HOFFMEISTER AVE","ST. LOUIS","MO",NA,NA,NA,NA,c(-90.315317, 38.6624166)
"2837","MSD LEMAY WWTP","201 HOFFMEISTER AVE","ST. LOUIS","MO",NA,NA,NA,NA,c(-90.314724, 38.6622859)
"2838","MSD LEMAY WWTP","201 HOFFMEISTER AVE","ST. LOUIS","MO",NA,NA,NA,NA,c(-90.315779, 38.6623551)
"2839","MSD LEMAY WWTP","201 HOFFMEISTER AVE","ST. LOUIS","MO",NA,NA,NA,NA,c(-90.315614, 38.6624595)
"2840","MSD LEMAY WWTP","201 HOFFMEISTER AVE","ST. LOUIS","MO",NA,NA,NA,NA,c(-90.323474, 38.6680005)
"2841","MSD LEMAY WWTP","201 HOFFMEISTER AVE","ST. LOUIS","MO",NA,NA,NA,NA,c(-90.321214, 38.663597)
"2842","MSD LEMAY WWTP","201 HOFFMEISTER AVE","ST. LOUIS","MO",NA,NA,NA,NA,c(-90.323674, 38.6681943)
"2843","MSD LEMAY WWTP","201 HOFFMEISTER AVE","ST. LOUIS","MO",NA,NA,NA,NA,c(-90.32516, 38.6708771)
"2844","MSD LEMAY WWTP","201 HOFFMEISTER AVE","ST. LOUIS","MO",NA,NA,NA,NA,c(-90.323633, 38.6680492)
"2845","MSD LEMAY WWTP","201 HOFFMEISTER AVE","ST. LOUIS","MO",NA,NA,NA,NA,c(-90.330111, 38.6662963)
"2846","MSD LEMAY WWTP","201 HOFFMEISTER AVE","ST. LOUIS","MO",NA,NA,NA,NA,c(-90.333001, 38.6664614)
"2847","MSD LEMAY WWTP","201 HOFFMEISTER AVE","ST. LOUIS","MO",NA,NA,NA,NA,c(-90.336845, 38.6628821)
"2848","MSD LEMAY WWTP","201 HOFFMEISTER AVE","ST. LOUIS","MO",NA,NA,NA,NA,c(-90.336845, 38.6629001)
"2849","MSD LEMAY WWTP","201 HOFFMEISTER AVE","ST. LOUIS","MO",NA,NA,NA,NA,c(-90.336843, 38.6629361)
"2850","MSD LEMAY WWTP","201 HOFFMEISTER AVE","ST. LOUIS","MO",NA,NA,NA,NA,c(-90.335952, 38.666826)
"2851","MSD LEMAY WWTP","201 HOFFMEISTER AVE","ST. LOUIS","MO",NA,NA,NA,NA,c(-90.33704, 38.6669319)
"2852","MSD LEMAY WWTP","201 HOFFMEISTER AVE","ST. LOUIS","MO",NA,NA,NA,NA,c(-90.338046, 38.6673873)
"2853","MSD LEMAY WWTP","201 HOFFMEISTER AVE","ST. LOUIS","MO",NA,NA,NA,NA,c(-90.338929, 38.6686867)
"2854","MSD LEMAY WWTP","201 HOFFMEISTER AVE","ST. LOUIS","MO",NA,NA,NA,NA,c(-90.342126, 38.6732914)
"2855","MSD LEMAY WWTP","201 HOFFMEISTER AVE","ST. LOUIS","MO",NA,NA,NA,NA,c(-90.3429, 38.6809492)
"2856","MSD LEMAY WWTP","201 HOFFMEISTER AVE","ST. LOUIS","MO",NA,NA,NA,NA,c(-90.360991, 38.6731512)
"2857","MSD LEMAY WWTP","201 HOFFMEISTER AVE","ST. LOUIS","MO",NA,NA,NA,NA,c(-90.316796, 38.6009141)
"2858","MSD LEMAY WWTP","201 HOFFMEISTER AVE","ST. LOUIS","MO",NA,NA,NA,NA,c(-90.32539, 38.6007506)
"2859","MSD LEMAY WWTP","201 HOFFMEISTER AVE","ST. LOUIS","MO",NA,NA,NA,NA,c(-90.331814, 38.6033751)
"2860","MSD LEMAY WWTP","201 HOFFMEISTER AVE","ST. LOUIS","MO",NA,NA,NA,NA,c(-90.345969, 38.6112384)
"2861","MSD LEMAY WWTP","201 HOFFMEISTER AVE","ST. LOUIS","MO",NA,NA,NA,NA,c(-90.345822, 38.6301556)
"2862","MSD LEMAY WWTP","201 HOFFMEISTER AVE","ST. LOUIS","MO",NA,NA,NA,NA,c(-90.333763, 38.6124563)
"2863","MSD LEMAY WWTP","201 HOFFMEISTER AVE","ST. LOUIS","MO",NA,NA,NA,NA,c(-90.330346, 38.616658)
"2864","MSD LEMAY WWTP","201 HOFFMEISTER AVE","ST. LOUIS","MO",NA,NA,NA,NA,c(-90.329793, 38.6173211)
"2865","MSD LEMAY WWTP","201 HOFFMEISTER AVE","ST. LOUIS","MO",NA,NA,NA,NA,c(-90.327968, 38.6203968)
"2866","MSD LEMAY WWTP","201 HOFFMEISTER AVE","ST. LOUIS","MO",NA,NA,NA,NA,c(-90.327938, 38.62027)
"2867","MSD LEMAY WWTP","201 HOFFMEISTER AVE","ST. LOUIS","MO",NA,NA,NA,NA,c(-90.326674, 38.6227548)
"2868","MSD LEMAY WWTP","201 HOFFMEISTER AVE","ST. LOUIS","MO",NA,NA,NA,NA,c(-90.325937, 38.623729)
"2869","MSD LEMAY WWTP","201 HOFFMEISTER AVE","ST. LOUIS","MO",NA,NA,NA,NA,c(-90.324108, 38.6259846)
"2870","MSD LEMAY WWTP","201 HOFFMEISTER AVE","ST. LOUIS","MO",NA,NA,NA,NA,c(-90.323983, 38.6259367)
"2871","MSD LEMAY WWTP","201 HOFFMEISTER AVE","ST. LOUIS","MO",NA,NA,NA,NA,c(-90.323975, 38.6277115)
"2872","MSD LEMAY WWTP","201 HOFFMEISTER AVE","ST. LOUIS","MO",NA,NA,NA,NA,c(-90.324043, 38.627713)
"2873","MSD LEMAY WWTP","201 HOFFMEISTER AVE","ST. LOUIS","MO",NA,NA,NA,NA,c(-90.3221, 38.6333267)
"2874","MSD LEMAY WWTP","201 HOFFMEISTER AVE","ST. LOUIS","MO",NA,NA,NA,NA,c(-90.321628, 38.6348926)
"2875","MSD LEMAY WWTP","201 HOFFMEISTER AVE","ST. LOUIS","MO",NA,NA,NA,NA,c(-90.32973, 38.6245815)
"2876","MSD LEMAY WWTP","201 HOFFMEISTER AVE","ST. LOUIS","MO",NA,NA,NA,NA,c(-90.33278, 38.6300029)
"2877","MSD LEMAY WWTP","201 HOFFMEISTER AVE","ST. LOUIS","MO",NA,NA,NA,NA,c(-90.331956, 38.6348764)
"2878","MSD LEMAY WWTP","201 HOFFMEISTER AVE","ST. LOUIS","MO",NA,NA,NA,NA,c(-90.333023, 38.6318104)
"2879","MSD LEMAY WWTP","201 HOFFMEISTER AVE","ST. LOUIS","MO",NA,NA,NA,NA,c(-90.332765, 38.6328677)
"2880","MSD LEMAY WWTP","201 HOFFMEISTER AVE","ST. LOUIS","MO",NA,NA,NA,NA,c(-90.331983, 38.6360033)
"2881","MSD LEMAY WWTP","201 HOFFMEISTER AVE","ST. LOUIS","MO",NA,NA,NA,NA,c(-90.332017, 38.635995)
"2882","MSD LEMAY WWTP","201 HOFFMEISTER AVE","ST. LOUIS","MO",NA,NA,NA,NA,c(-90.332194, 38.6371163)
"2883","MSD LEMAY WWTP","201 HOFFMEISTER AVE","ST. LOUIS","MO",NA,NA,"Missouri",1,c(-90.243328, 38.5579681)
"2884","MSD LEMAY WWTP","201 HOFFMEISTER AVE","ST. LOUIS","MO",NA,NA,"Missouri",1,c(-90.250076, 38.549811)
"2885","MSD LEMAY WWTP","201 HOFFMEISTER AVE","ST. LOUIS","MO",NA,NA,"Missouri",1,c(-90.252557, 38.5464275)
"2886","MSD LEMAY WWTP","201 HOFFMEISTER AVE","ST. LOUIS","MO",NA,NA,"Missouri",1,c(-90.258614, 38.5355777)
"2887","MSD LEMAY WWTP","201 HOFFMEISTER AVE","ST. LOUIS","MO",NA,NA,"Missouri",1,c(-90.271666, 38.5098265)
"2888","MSD LEMAY WWTP","201 HOFFMEISTER AVE","ST. LOUIS","MO",NA,NA,"Missouri",1,c(-90.274889, 38.5037119)
"2889","MSD LEMAY WWTP","201 HOFFMEISTER AVE","ST. LOUIS","MO",NA,NA,"Missouri",1,c(-90.275854, 38.5012476)
"2890","MSD LEMAY WWTP","201 HOFFMEISTER AVE","ST. LOUIS","MO",NA,NA,"Missouri",1,c(-90.277062, 38.4974826)
"2891","MSD LEMAY WWTP","201 HOFFMEISTER AVE","ST. LOUIS","MO",NA,NA,"Missouri",1,c(-90.278152, 38.4919849)
"2892","MSD LEMAY WWTP","201 HOFFMEISTER AVE","ST. LOUIS","MO",NA,NA,NA,NA,c(-90.363462, 38.6129856)
"2893","MSD LEMAY WWTP","201 HOFFMEISTER AVE","ST. LOUIS","MO",NA,NA,NA,NA,c(-90.309722, 38.532778)
"2894","MSD LEMAY WWTP","201 HOFFMEISTER AVE","ST. LOUIS","MO",NA,NA,NA,NA,c(-90.36667, 38.62417)
"2895","MSD LEMAY WWTP","201 HOFFMEISTER AVE","ST. LOUIS","MO",NA,NA,NA,NA,c(-90.36583, 38.62417)
"2896","MSD LEMAY WWTP","201 HOFFMEISTER AVE","ST. LOUIS","MO",NA,NA,NA,NA,c(-90.324318, 38.5990232)
"2897","MSD LEMAY WWTP","201 HOFFMEISTER AVE","ST. LOUIS","MO",NA,NA,"Missouri",1,c(-90.296736, 38.6721783)
"2898","MSD LEMAY WWTP","201 HOFFMEISTER AVE","ST. LOUIS","MO",NA,NA,"Missouri",1,c(-90.269594, 38.542781)
"2899","MSD LEMAY WWTP","201 HOFFMEISTER AVE","ST. LOUIS","MO",NA,NA,NA,NA,c(-90.31916, 38.596013)
"2900","MSD LEMAY WWTP","201 HOFFMEISTER AVE","ST. LOUIS","MO",NA,NA,NA,NA,c(-90.331951, 38.614244)
"2901","MSD LEMAY WWTP","201 HOFFMEISTER AVE","ST. LOUIS","MO",NA,NA,"Missouri",1,c(-90.314755, 38.6771435)
"2902","MSD LEMAY WWTP","201 HOFFMEISTER AVE","ST. LOUIS","MO",NA,NA,"Missouri",1,c(-90.240352, 38.5610783)
"2903","MSD LEMAY WWTP","201 HOFFMEISTER AVE","ST. LOUIS","MO",NA,NA,NA,NA,c(-90.312757, 38.6620424)
"2904","MSD LEMAY WWTP","201 HOFFMEISTER AVE","ST. LOUIS","MO",NA,NA,NA,NA,c(-90.291342, 38.5590627)
"2905","MSD BISSELL POINT WWTP","10 E GRAND AVE","ST LOUIS","MO",NA,NA,"Missouri",1,c(-90.230098, 38.5735216)
"2906","MSD BISSELL POINT WWTP","10 E GRAND AVE","ST LOUIS","MO",NA,NA,"Missouri",1,c(-90.222642, 38.5787776)
"2907","MSD BISSELL POINT WWTP","10 E GRAND AVE","ST LOUIS","MO",NA,NA,"Missouri",1,c(-90.213744, 38.5847916)
"2908","MSD BISSELL POINT WWTP","10 E GRAND AVE","ST LOUIS","MO",NA,NA,"Missouri",1,c(-90.207745, 38.5885136)
"2909","MSD BISSELL POINT WWTP","10 E GRAND AVE","ST LOUIS","MO",NA,NA,"Missouri",1,c(-90.205265, 38.5903194)
"2910","MSD BISSELL POINT WWTP","10 E GRAND AVE","ST LOUIS","MO",NA,NA,NA,NA,c(-90.200079, 38.5946731)
"2911","MSD BISSELL POINT WWTP","10 E GRAND AVE","ST LOUIS","MO",NA,NA,NA,NA,c(-90.19778, 38.5970957)
"2912","MSD BISSELL POINT WWTP","10 E GRAND AVE","ST LOUIS","MO",NA,NA,NA,NA,c(-90.195758, 38.5994978)
"2913","MSD BISSELL POINT WWTP","10 E GRAND AVE","ST LOUIS","MO",NA,NA,NA,NA,c(-90.194346, 38.6015541)
"2914","MSD BISSELL POINT WWTP","10 E GRAND AVE","ST LOUIS","MO",NA,NA,NA,NA,c(-90.193019, 38.6034864)
"2915","MSD BISSELL POINT WWTP","10 E GRAND AVE","ST LOUIS","MO",NA,NA,NA,NA,c(-90.191619, 38.6064259)
"2916","MSD BISSELL POINT WWTP","10 E GRAND AVE","ST LOUIS","MO",NA,NA,NA,NA,c(-90.191583, 38.6064701)
"2917","MSD BISSELL POINT WWTP","10 E GRAND AVE","ST LOUIS","MO",NA,NA,NA,NA,c(-90.189844, 38.6092393)
"2918","MSD BISSELL POINT WWTP","10 E GRAND AVE","ST LOUIS","MO",NA,NA,NA,NA,c(-90.1886, 38.611705)
"2919","MSD BISSELL POINT WWTP","10 E GRAND AVE","ST LOUIS","MO",NA,NA,"Missouri",1,c(-90.187596, 38.6135819)
"2920","MSD BISSELL POINT WWTP","10 E GRAND AVE","ST LOUIS","MO",NA,NA,"Missouri",1,c(-90.186503, 38.6162855)
"2921","MSD BISSELL POINT WWTP","10 E GRAND AVE","ST LOUIS","MO",NA,NA,"Missouri",1,c(-90.18627, 38.6169646)
"2922","MSD BISSELL POINT WWTP","10 E GRAND AVE","ST LOUIS","MO",NA,NA,NA,NA,c(-90.185251, 38.6189222)
"2923","MSD BISSELL POINT WWTP","10 E GRAND AVE","ST LOUIS","MO",NA,NA,NA,NA,c(-90.184011, 38.6221627)
"2924","MSD BISSELL POINT WWTP","10 E GRAND AVE","ST LOUIS","MO",NA,NA,NA,NA,c(-90.181665, 38.6295661)
"2925","MSD BISSELL POINT WWTP","10 E GRAND AVE","ST LOUIS","MO",NA,NA,NA,NA,c(-90.181486, 38.6303096)
"2926","MSD BISSELL POINT WWTP","10 E GRAND AVE","ST LOUIS","MO",NA,NA,NA,NA,c(-90.181359, 38.6312075)
"2927","MSD BISSELL POINT WWTP","10 E GRAND AVE","ST LOUIS","MO",NA,NA,NA,NA,c(-90.181264, 38.6330431)
"2928","MSD BISSELL POINT WWTP","10 E GRAND AVE","ST LOUIS","MO",NA,NA,NA,NA,c(-90.180948, 38.6337923)
"2929","MSD BISSELL POINT WWTP","10 E GRAND AVE","ST LOUIS","MO",NA,NA,NA,NA,c(-90.180958, 38.6338376)
"2930","MSD BISSELL POINT WWTP","10 E GRAND AVE","ST LOUIS","MO",NA,NA,"Missouri",1,c(-90.180743, 38.6352198)
"2931","MSD BISSELL POINT WWTP","10 E GRAND AVE","ST LOUIS","MO",NA,NA,"Missouri",1,c(-90.180592, 38.6376037)
"2932","MSD BISSELL POINT WWTP","10 E GRAND AVE","ST LOUIS","MO",NA,NA,"Missouri",1,c(-90.180589, 38.6376667)
"2933","MSD BISSELL POINT WWTP","10 E GRAND AVE","ST LOUIS","MO",NA,NA,"Missouri",1,c(-90.180731, 38.638454)
"2934","MSD BISSELL POINT WWTP","10 E GRAND AVE","ST LOUIS","MO",NA,NA,"Missouri",1,c(-90.180851, 38.6406732)
"2935","MSD BISSELL POINT WWTP","10 E GRAND AVE","ST LOUIS","MO",NA,NA,"Missouri",1,c(-90.181687, 38.6445494)
"2936","MSD BISSELL POINT WWTP","10 E GRAND AVE","ST LOUIS","MO",NA,NA,"Missouri",1,c(-90.182078, 38.6486401)
"2937","MSD BISSELL POINT WWTP","10 E GRAND AVE","ST LOUIS","MO",NA,NA,"Missouri",1,c(-90.18212, 38.6487313)
"2938","MSD BISSELL POINT WWTP","10 E GRAND AVE","ST LOUIS","MO",NA,NA,"Missouri",1,c(-90.182611, 38.6520225)
"2939","MSD BISSELL POINT WWTP","10 E GRAND AVE","ST LOUIS","MO",NA,NA,"Missouri",1,c(-90.182622, 38.6520408)
"2940","MSD BISSELL POINT WWTP","10 E GRAND AVE","ST LOUIS","MO",NA,NA,"Missouri",1,c(-90.184195, 38.6573493)
"2941","MSD BISSELL POINT WWTP","10 E GRAND AVE","ST LOUIS","MO",NA,NA,"Missouri",1,c(-90.184294, 38.6580364)
"2942","MSD BISSELL POINT WWTP","10 E GRAND AVE","ST LOUIS","MO",NA,NA,"Missouri",1,c(-90.186733, 38.6653027)
"2943","MSD BISSELL POINT WWTP","10 E GRAND AVE","ST LOUIS","MO",NA,NA,"Missouri",1,c(-90.187596, 38.6673326)
"2944","MSD BISSELL POINT WWTP","10 E GRAND AVE","ST LOUIS","MO",NA,NA,"Missouri",1,c(-90.18931, 38.6740318)
"2945","MSD BISSELL POINT WWTP","10 E GRAND AVE","ST LOUIS","MO",NA,NA,"Missouri",1,c(-90.189508, 38.6742618)
"2946","MSD BISSELL POINT WWTP","10 E GRAND AVE","ST LOUIS","MO",NA,NA,"Missouri",1,c(-90.194885, 38.6816796)
"2947","MSD BISSELL POINT WWTP","10 E GRAND AVE","ST LOUIS","MO",NA,NA,"Missouri",1,c(-90.195017, 38.681809)
"2948","MSD BISSELL POINT WWTP","10 E GRAND AVE","ST LOUIS","MO",NA,NA,"Missouri",1,c(-90.207544, 38.6933888)
"2949","MSD BISSELL POINT WWTP","10 E GRAND AVE","ST LOUIS","MO",NA,NA,"Missouri",1,c(-90.213766, 38.7024838)
"2950","MSD BISSELL POINT WWTP","10 E GRAND AVE","ST LOUIS","MO",NA,NA,"Missouri",1,c(-90.215885, 38.7083184)
"2951","MSD BISSELL POINT WWTP","10 E GRAND AVE","ST LOUIS","MO",NA,NA,"Missouri",1,c(-90.216127, 38.7216581)
"2952","MSD BISSELL POINT WWTP","10 E GRAND AVE","ST LOUIS","MO",NA,NA,"Missouri",1,c(-90.221485, 38.7291104)
"2953","MSD BISSELL POINT WWTP","10 E GRAND AVE","ST LOUIS","MO",NA,NA,"Missouri",1,c(-90.217352, 38.7274173)
"2954","MSD BISSELL POINT WWTP","10 E GRAND AVE","ST LOUIS","MO",NA,NA,"Missouri",1,c(-90.224369, 38.5777284)
"2955","MSD BISSELL POINT WWTP","10 E GRAND AVE","ST LOUIS","MO",NA,NA,"Missouri",1,c(-90.293229, 38.7149018)
"2956","MSD BISSELL POINT WWTP","10 E GRAND AVE","ST LOUIS","MO",NA,NA,"Missouri",1,c(-90.180742, 38.6352469)
"2957","MOBERLY WWTP","1429 COUNTY ROAD 2350","MOBERLY","MO",NA,NA,"Missouri",1,c(-92.419276, 39.4219735)
"2958","MOBERLY WWTP","1429 COUNTY ROAD 2350","MOBERLY","MO",NA,NA,NA,NA,c(-92.415193, 39.4198986)
"2959","MOBERLY WWTP","1429 COUNTY ROAD 2350","MOBERLY","MO",NA,NA,"Missouri",1,c(-92.45889, 39.4058192)
"2960","MOBERLY WWTP","1429 COUNTY ROAD 2350","MOBERLY","MO",NA,NA,"Missouri",1,c(-92.457608, 39.418365)
"2961","OMAHA COMBINED SEWER OVERFLOWS","BOUNDED EAST BY MISSOURI RIVER","OMAHA","NE",NA,NA,"Nebraska",1,c(-95.95745, 41.34309)
"2962","OMAHA COMBINED SEWER OVERFLOWS","BOUNDED EAST BY MISSOURI RIVER","OMAHA","NE",NA,NA,"Nebraska",1,c(-95.94566, 41.32484)
"2963","OMAHA COMBINED SEWER OVERFLOWS","BOUNDED EAST BY MISSOURI RIVER","OMAHA","NE",NA,NA,NA,NA,c(-95.92464, 41.27674)
"2964","OMAHA COMBINED SEWER OVERFLOWS","BOUNDED EAST BY MISSOURI RIVER","OMAHA","NE",NA,NA,NA,NA,c(-95.92526, 41.27685)
"2965","OMAHA COMBINED SEWER OVERFLOWS","BOUNDED EAST BY MISSOURI RIVER","OMAHA","NE",NA,NA,NA,NA,c(-95.92553, 41.26489)
"2966","OMAHA COMBINED SEWER OVERFLOWS","BOUNDED EAST BY MISSOURI RIVER","OMAHA","NE",NA,NA,NA,NA,c(-95.91986, 41.2514)
"2967","OMAHA COMBINED SEWER OVERFLOWS","BOUNDED EAST BY MISSOURI RIVER","OMAHA","NE",NA,NA,"Nebraska",1,c(-95.91782, 41.24801)
"2968","OMAHA COMBINED SEWER OVERFLOWS","BOUNDED EAST BY MISSOURI RIVER","OMAHA","NE",NA,NA,"Nebraska",1,c(-95.91654, 41.24321)
"2969","OMAHA COMBINED SEWER OVERFLOWS","BOUNDED EAST BY MISSOURI RIVER","OMAHA","NE",NA,NA,"Nebraska",1,c(-95.91412, 41.23771)
"2970","OMAHA COMBINED SEWER OVERFLOWS","BOUNDED EAST BY MISSOURI RIVER","OMAHA","NE",NA,NA,"Nebraska",1,c(-95.91741, 41.22384)
"2971","OMAHA COMBINED SEWER OVERFLOWS","BOUNDED EAST BY MISSOURI RIVER","OMAHA","NE",NA,NA,"Nebraska",1,c(-95.92019, 41.22078)
"2972","OMAHA COMBINED SEWER OVERFLOWS","BOUNDED EAST BY MISSOURI RIVER","OMAHA","NE",NA,NA,"Nebraska",1,c(-95.92813, 41.21301)
"2973","OMAHA COMBINED SEWER OVERFLOWS","BOUNDED EAST BY MISSOURI RIVER","OMAHA","NE",NA,NA,"Nebraska",1,c(-95.92914, 41.20602)
"2974","OMAHA COMBINED SEWER OVERFLOWS","BOUNDED EAST BY MISSOURI RIVER","OMAHA","NE",NA,NA,"Nebraska",1,c(-95.92794, 41.19543)
"2975","OMAHA COMBINED SEWER OVERFLOWS","BOUNDED EAST BY MISSOURI RIVER","OMAHA","NE",NA,NA,NA,NA,c(-95.920556, 41.253056)
"2976","OMAHA COMBINED SEWER OVERFLOWS","BOUNDED EAST BY MISSOURI RIVER","OMAHA","NE",NA,NA,NA,NA,c(-95.87001, 41.07711)
"2977","OMAHA COMBINED SEWER OVERFLOWS","BOUNDED EAST BY MISSOURI RIVER","OMAHA","NE",NA,NA,NA,NA,c(-96.02482, 41.28863)
"2978","OMAHA COMBINED SEWER OVERFLOWS","BOUNDED EAST BY MISSOURI RIVER","OMAHA","NE",NA,NA,NA,NA,c(-96.02139, 41.29222)
"2979","OMAHA COMBINED SEWER OVERFLOWS","BOUNDED EAST BY MISSOURI RIVER","OMAHA","NE",NA,NA,NA,NA,c(-96.01801, 41.29931)
"2980","OMAHA COMBINED SEWER OVERFLOWS","BOUNDED EAST BY MISSOURI RIVER","OMAHA","NE",NA,NA,"Nebraska",1,c(-95.9802, 41.20272)
"2981","OMAHA COMBINED SEWER OVERFLOWS","BOUNDED EAST BY MISSOURI RIVER","OMAHA","NE",NA,NA,"Nebraska",1,c(-95.98177, 41.20073)
"2982","OMAHA COMBINED SEWER OVERFLOWS","BOUNDED EAST BY MISSOURI RIVER","OMAHA","NE",NA,NA,NA,NA,c(-96.02087, 41.25009)
"2983","OMAHA COMBINED SEWER OVERFLOWS","BOUNDED EAST BY MISSOURI RIVER","OMAHA","NE",NA,NA,NA,NA,c(-96.021944, 41.245)
"2984","OMAHA COMBINED SEWER OVERFLOWS","BOUNDED EAST BY MISSOURI RIVER","OMAHA","NE",NA,NA,NA,NA,c(-96.02, 41.244722)
"2985","BERLIN POLLUTION CONTROL FACILITY","10 SHELBY ST","BERLIN","NH",NA,2.64,"New Hampshire",1,c(-71.1866667, 44.4547222)
"2986","NASHUA WASTEWATER TREATMENT FACILITY","SAWMILL ROAD","NASHUA","NH",16,NA,NA,NA,c(-71.4417535, 42.7488009)
"2987","NASHUA WASTEWATER TREATMENT FACILITY","SAWMILL ROAD","NASHUA","NH",16,NA,NA,NA,c(-71.44, 42.739444)
"2988","NASHUA WASTEWATER TREATMENT FACILITY","SAWMILL ROAD","NASHUA","NH",16,NA,NA,NA,c(-71.440278, 42.753611)
"2989","NASHUA WASTEWATER TREATMENT FACILITY","SAWMILL ROAD","NASHUA","NH",16,NA,NA,NA,c(-71.444444, 42.763333)
"2990","NASHUA WASTEWATER TREATMENT FACILITY","SAWMILL ROAD","NASHUA","NH",16,NA,NA,NA,c(-71.451111, 42.765833)
"2991","NASHUA WASTEWATER TREATMENT FACILITY","SAWMILL ROAD","NASHUA","NH",16,NA,NA,NA,c(-71.477778, 42.762222)
"2992","NASHUA WASTEWATER TREATMENT FACILITY","SAWMILL ROAD","NASHUA","NH",16,NA,NA,NA,c(-71.4880453, 42.7700079)
"2993","NASHUA WASTEWATER TREATMENT FACILITY","SAWMILL ROAD","NASHUA","NH",16,NA,"New Hampshire",1,c(-71.455833, 42.766944)
"2994","NASHUA WASTEWATER TREATMENT FACILITY","SAWMILL ROAD","NASHUA","NH",16,NA,NA,NA,c(-71.4446681, 42.7642541)
"2995","PORTSMOUTH CITY OF","END OF PIERCE ISLAND ROAD","PORTSMOUTH","NH",4.8,NA,NA,NA,c(-70.749495, 43.070806)
"2996","PORTSMOUTH CITY OF","END OF PIERCE ISLAND ROAD","PORTSMOUTH","NH",4.8,NA,NA,NA,c(-70.7593292, 43.0796897)
"2997","PORTSMOUTH CITY OF","END OF PIERCE ISLAND ROAD","PORTSMOUTH","NH",4.8,NA,NA,NA,c(-70.7572192, 43.073536)
"2998","PORTSMOUTH CITY OF","END OF PIERCE ISLAND ROAD","PORTSMOUTH","NH",4.8,NA,NA,NA,c(-70.7579057, 43.0732054)
"2999","LEBANON WWTF","28 MARKET STREET","WEST LEBANON","NH",3.18,NA,NA,NA,c(-72.295833, 43.6375)
"3000","LEBANON WWTF","28 MARKET STREET","WEST LEBANON","NH",3.18,NA,NA,NA,c(-72.288056, 43.643889)
"3001","LEBANON WWTF","28 MARKET STREET","WEST LEBANON","NH",3.18,NA,NA,NA,c(-72.296111, 43.633333)
"3002","LEBANON WWTF","28 MARKET STREET","WEST LEBANON","NH",3.18,NA,NA,NA,c(-72.286667, 43.635833)
"3003","MANCHESTER CITY OF","300 WINSTON STREET","MANCHESTER","NH",34,NA,NA,NA,c(-71.4747335, 42.9714903)
"3004","MANCHESTER CITY OF","300 WINSTON STREET","MANCHESTER","NH",34,NA,"New Hampshire",1,c(-71.469355, 42.9819978)
"3005","MANCHESTER CITY OF","300 WINSTON STREET","MANCHESTER","NH",34,NA,NA,NA,c(-71.4783219, 43.0282346)
"3006","MANCHESTER CITY OF","300 WINSTON STREET","MANCHESTER","NH",34,NA,"New Hampshire",1,c(-71.4762429, 42.9812817)
"3007","MANCHESTER CITY OF","300 WINSTON STREET","MANCHESTER","NH",34,NA,"New Hampshire",1,c(-71.4719337, 42.9691711)
"3008","MANCHESTER CITY OF","300 WINSTON STREET","MANCHESTER","NH",34,NA,"New Hampshire",1,c(-71.4676987, 42.9817499)
"3009","MANCHESTER CITY OF","300 WINSTON STREET","MANCHESTER","NH",34,NA,"New Hampshire",1,c(-71.4684884, 42.9852737)
"3010","MANCHESTER CITY OF","300 WINSTON STREET","MANCHESTER","NH",34,NA,"New Hampshire",1,c(-71.4684828, 42.9944561)
"3011","MANCHESTER CITY OF","300 WINSTON STREET","MANCHESTER","NH",34,NA,"New Hampshire",1,c(-71.4690422, 42.9986896)
"3012","MANCHESTER CITY OF","300 WINSTON STREET","MANCHESTER","NH",34,NA,NA,NA,c(-71.4593086, 42.9468495)
"3013","MANCHESTER CITY OF","300 WINSTON STREET","MANCHESTER","NH",34,NA,"New Hampshire",1,c(-71.4710733, 42.9797058)
"3014","MANCHESTER CITY OF","300 WINSTON STREET","MANCHESTER","NH",34,NA,"New Hampshire",1,c(-71.4604937, 42.9487361)
"3015","MANCHESTER CITY OF","300 WINSTON STREET","MANCHESTER","NH",34,NA,"New Hampshire",1,c(-71.4696155, 43.0008114)
"3016","MANCHESTER CITY OF","300 WINSTON STREET","MANCHESTER","NH",34,NA,NA,NA,c(-71.4683075, 43.0077919)
"3017","MANCHESTER CITY OF","300 WINSTON STREET","MANCHESTER","NH",34,NA,"New Hampshire",1,c(-71.4737809, 42.9656975)
"3018","EXETER  W W T P","13 NEWFIELDS ROAD","EXETER","NH",3,NA,NA,NA,c(-70.950463, 42.986875)
"3019","DELAWARE #1 WATER POLLUTION CONTROL FACILITY","2ND & JACKSON STS","CAMDEN CITY","NJ",80,NA,"New Jersey",1,c(-75.091111, 39.965)
"3020","WOODCLIFF STP","7109 RIVER RD","NORTH BERGEN TWP","NJ",3.46,3.01,NA,NA,c(-73.990583, 40.803389)
"3021","WOODCLIFF STP","7109 RIVER RD","NORTH BERGEN TWP","NJ",3.46,3.01,NA,NA,c(-73.997944, 40.79175)
"3022","BLUFF ROAD OUTFALL","PALISADE TERRACE OUTFALL","FORT LEE BORO","NJ",NA,NA,NA,NA,c(-73.97111, 40.82889)
"3023","BLUFF ROAD OUTFALL","PALISADE TERRACE OUTFALL","FORT LEE BORO","NJ",NA,NA,NA,NA,c(-73.97111, 40.82889)
"3024","GUTTENBERG TOWN OF","70TH STREET & JFK BLVD","GUTTENBERG TOWN","NJ",0,0,NA,NA,c(-73.997944, 40.790389)
"3025","NEWARK CITY","CITY HALL RM 115","NEWARK CITY","NJ",NA,NA,"New Jersey",1,c(-74.0533333, 40.7608333)
"3026","NEWARK CITY","CITY HALL RM 115","NEWARK CITY","NJ",NA,NA,"New Jersey",1,c(-74.0813889, 40.7344444)
"3027","NEWARK CITY","CITY HALL RM 115","NEWARK CITY","NJ",NA,NA,NA,NA,c(-74.0936111, 40.7341667)
"3028","NEWARK CITY","CITY HALL RM 115","NEWARK CITY","NJ",NA,NA,NA,NA,c(-74.1063889, 40.7038889)
"3029","NEWARK CITY","CITY HALL RM 115","NEWARK CITY","NJ",NA,NA,NA,NA,c(-74.1044444, 40.6994444)
"3030","NEWARK CITY","CITY HALL RM 115","NEWARK CITY","NJ",NA,NA,NA,NA,c(-74.0333333, 40.7125)
"3031","NEWARK CITY","CITY HALL RM 115","NEWARK CITY","NJ",NA,NA,NA,NA,c(-74.0311111, 40.7313889)
"3032","NEWARK CITY","CITY HALL RM 115","NEWARK CITY","NJ",NA,NA,NA,NA,c(-74.0375, 40.7344444)
"3033","PATERSON CITY OF","111 BROADWAY MUNICIPAL COMPLEX","PATERSON CITY","NJ",NA,NA,"New Jersey",1,c(-74.175861, 40.91925)
"3034","PATERSON CITY OF","111 BROADWAY MUNICIPAL COMPLEX","PATERSON CITY","NJ",NA,NA,"New Jersey",1,c(-74.174667, 40.920917)
"3035","PATERSON CITY OF","111 BROADWAY MUNICIPAL COMPLEX","PATERSON CITY","NJ",NA,NA,"New Jersey",1,c(-74.170083, 40.922944)
"3036","PATERSON CITY OF","111 BROADWAY MUNICIPAL COMPLEX","PATERSON CITY","NJ",NA,NA,"New Jersey",1,c(-74.16675, 40.925167)
"3037","PATERSON CITY OF","111 BROADWAY MUNICIPAL COMPLEX","PATERSON CITY","NJ",NA,NA,"New Jersey",1,c(-74.165917, 40.925861)
"3038","PATERSON CITY OF","111 BROADWAY MUNICIPAL COMPLEX","PATERSON CITY","NJ",NA,NA,"New Jersey",1,c(-74.164778, 40.927917)
"3039","PATERSON CITY OF","111 BROADWAY MUNICIPAL COMPLEX","PATERSON CITY","NJ",NA,NA,"New Jersey",1,c(-74.156861, 40.93675)
"3040","PATERSON CITY OF","111 BROADWAY MUNICIPAL COMPLEX","PATERSON CITY","NJ",NA,NA,"New Jersey",1,c(-74.155813, 40.937066)
"3041","PATERSON CITY OF","111 BROADWAY MUNICIPAL COMPLEX","PATERSON CITY","NJ",NA,NA,"New Jersey",1,c(-74.179622, 40.91796)
"3042","PATERSON CITY OF","111 BROADWAY MUNICIPAL COMPLEX","PATERSON CITY","NJ",NA,NA,"New Jersey",1,c(-74.174894, 40.921577)
"3043","PATERSON CITY OF","111 BROADWAY MUNICIPAL COMPLEX","PATERSON CITY","NJ",NA,NA,"New Jersey",1,c(-74.170143, 40.923559)
"3044","PATERSON CITY OF","111 BROADWAY MUNICIPAL COMPLEX","PATERSON CITY","NJ",NA,NA,"New Jersey",1,c(-74.165321, 40.92906)
"3045","PATERSON CITY OF","111 BROADWAY MUNICIPAL COMPLEX","PATERSON CITY","NJ",NA,NA,"New Jersey",1,c(-74.167495, 40.931467)
"3046","PATERSON CITY OF","111 BROADWAY MUNICIPAL COMPLEX","PATERSON CITY","NJ",NA,NA,"New Jersey",1,c(-74.142965, 40.93841)
"3047","PATERSON CITY OF","111 BROADWAY MUNICIPAL COMPLEX","PATERSON CITY","NJ",NA,NA,"New Jersey",1,c(-74.14117, 40.936267)
"3048","PATERSON CITY OF","111 BROADWAY MUNICIPAL COMPLEX","PATERSON CITY","NJ",NA,NA,NA,NA,c(-74.132472, 40.905542)
"3049","PATERSON CITY OF","111 BROADWAY MUNICIPAL COMPLEX","PATERSON CITY","NJ",NA,NA,NA,NA,c(-74.134091, 40.902462)
"3050","PATERSON CITY OF","111 BROADWAY MUNICIPAL COMPLEX","PATERSON CITY","NJ",NA,NA,"New Jersey",1,c(-74.171695, 40.922122)
"3051","PATERSON CITY OF","111 BROADWAY MUNICIPAL COMPLEX","PATERSON CITY","NJ",NA,NA,NA,NA,c(-74.132727, 40.907425)
"3052","PATERSON CITY OF","111 BROADWAY MUNICIPAL COMPLEX","PATERSON CITY","NJ",NA,NA,NA,NA,c(-74.134292, 40.90157)
"3053","PATERSON CITY OF","111 BROADWAY MUNICIPAL COMPLEX","PATERSON CITY","NJ",NA,NA,"New Jersey",1,c(-74.168399, 40.9251)
"3054","PATERSON CITY OF","111 BROADWAY MUNICIPAL COMPLEX","PATERSON CITY","NJ",NA,NA,"New Jersey",1,c(-74.171912, 40.922122)
"3055","NORTH BERGEN MUA","6200 TONNELLE AVE","NORTH BERGEN TWP","NJ",NA,NA,NA,NA,c(-74.013565, 40.815356)
"3056","NORTH BERGEN MUA","6200 TONNELLE AVE","NORTH BERGEN TWP","NJ",NA,NA,NA,NA,c(-74.02702, 40.801921)
"3057","NORTH BERGEN MUA","6200 TONNELLE AVE","NORTH BERGEN TWP","NJ",NA,NA,NA,NA,c(-74.028732, 40.798997)
"3058","NORTH BERGEN MUA","6200 TONNELLE AVE","NORTH BERGEN TWP","NJ",NA,NA,NA,NA,c(-74.034267, 40.790614)
"3059","NORTH BERGEN MUA","6200 TONNELLE AVE","NORTH BERGEN TWP","NJ",NA,NA,NA,NA,c(-74.038236, 40.784426)
"3060","NORTH BERGEN MUA","6200 TONNELLE AVE","NORTH BERGEN TWP","NJ",NA,NA,NA,NA,c(-74.040511, 40.781837)
"3061","NORTH BERGEN MUA","6200 TONNELLE AVE","NORTH BERGEN TWP","NJ",NA,NA,"New Jersey",1,c(-74.04675, 40.769889)
"3062","NORTH BERGEN MUA","6200 TONNELLE AVE","NORTH BERGEN TWP","NJ",NA,NA,"New Jersey",1,c(-74.041616, 40.780913)
"3063","BAYONNE CITY OF","COMBINED SEWER SYSTEM","BAYONNE CITY","NJ",NA,NA,NA,NA,c(-74.115278, 40.649444)
"3064","BAYONNE CITY OF","COMBINED SEWER SYSTEM","BAYONNE CITY","NJ",NA,NA,NA,NA,c(-74.131944, 40.651111)
"3065","BAYONNE CITY OF","COMBINED SEWER SYSTEM","BAYONNE CITY","NJ",NA,NA,"New Jersey",1,c(-74.133333, 40.645278)
"3066","BAYONNE CITY OF","COMBINED SEWER SYSTEM","BAYONNE CITY","NJ",NA,NA,"New Jersey",1,c(-74.126944, 40.645)
"3067","BAYONNE CITY OF","COMBINED SEWER SYSTEM","BAYONNE CITY","NJ",NA,NA,NA,NA,c(-74.108611, 40.666667)
"3068","BAYONNE CITY OF","COMBINED SEWER SYSTEM","BAYONNE CITY","NJ",NA,NA,NA,NA,c(-74.107222, 40.670278)
"3069","BAYONNE CITY OF","COMBINED SEWER SYSTEM","BAYONNE CITY","NJ",NA,NA,"New Jersey",1,c(-74.128333, 40.646111)
"3070","BAYONNE CITY OF","COMBINED SEWER SYSTEM","BAYONNE CITY","NJ",NA,NA,"New Jersey",1,c(-74.127778, 40.644722)
"3071","BAYONNE CITY OF","COMBINED SEWER SYSTEM","BAYONNE CITY","NJ",NA,NA,"New Jersey",1,c(-74.131111, 40.644722)
"3072","BAYONNE CITY OF","COMBINED SEWER SYSTEM","BAYONNE CITY","NJ",NA,NA,"New Jersey",1,c(-74.136111, 40.644444)
"3073","BAYONNE CITY OF","COMBINED SEWER SYSTEM","BAYONNE CITY","NJ",NA,NA,NA,NA,c(-74.140278, 40.653611)
"3074","BAYONNE CITY OF","COMBINED SEWER SYSTEM","BAYONNE CITY","NJ",NA,NA,NA,NA,c(-74.132778, 40.660278)
"3075","BAYONNE CITY OF","COMBINED SEWER SYSTEM","BAYONNE CITY","NJ",NA,NA,NA,NA,c(-74.133056, 40.663889)
"3076","BAYONNE CITY OF","COMBINED SEWER SYSTEM","BAYONNE CITY","NJ",NA,NA,"New Jersey",1,c(-74.127778, 40.667222)
"3077","BAYONNE CITY OF","COMBINED SEWER SYSTEM","BAYONNE CITY","NJ",NA,NA,"New Jersey",1,c(-74.1275, 40.669444)
"3078","BAYONNE CITY OF","COMBINED SEWER SYSTEM","BAYONNE CITY","NJ",NA,NA,"New Jersey",1,c(-74.127222, 40.670556)
"3079","BAYONNE CITY OF","COMBINED SEWER SYSTEM","BAYONNE CITY","NJ",NA,NA,"New Jersey",1,c(-74.122778, 40.673333)
"3080","BAYONNE CITY OF","COMBINED SEWER SYSTEM","BAYONNE CITY","NJ",NA,NA,NA,NA,c(-74.119167, 40.676389)
"3081","BAYONNE CITY OF","COMBINED SEWER SYSTEM","BAYONNE CITY","NJ",NA,NA,"New Jersey",1,c(-74.107222, 40.69)
"3082","BAYONNE CITY OF","COMBINED SEWER SYSTEM","BAYONNE CITY","NJ",NA,NA,"New Jersey",1,c(-74.095833, 40.678056)
"3083","BAYONNE CITY OF","COMBINED SEWER SYSTEM","BAYONNE CITY","NJ",NA,NA,"New York",1,c(-74.1325, 40.641944)
"3084","BAYONNE CITY OF","COMBINED SEWER SYSTEM","BAYONNE CITY","NJ",NA,NA,"New Jersey",1,c(-74.136111, 40.644722)
"3085","BAYONNE CITY OF","COMBINED SEWER SYSTEM","BAYONNE CITY","NJ",NA,NA,"New Jersey",1,c(-74.126389, 40.670833)
"3086","BAYONNE CITY OF","COMBINED SEWER SYSTEM","BAYONNE CITY","NJ",NA,NA,NA,NA,c(-74.119444, 40.676111)
"3087","BAYONNE CITY OF","COMBINED SEWER SYSTEM","BAYONNE CITY","NJ",NA,NA,NA,NA,c(-74.116944, 40.678611)
"3088","BAYONNE CITY OF","COMBINED SEWER SYSTEM","BAYONNE CITY","NJ",NA,NA,"New Jersey",1,c(-74.108889, 40.688889)
"3089","BAYONNE CITY OF","COMBINED SEWER SYSTEM","BAYONNE CITY","NJ",NA,NA,NA,NA,c(-74.140833, 40.653056)
"3090","BAYONNE CITY OF","COMBINED SEWER SYSTEM","BAYONNE CITY","NJ",NA,NA,NA,NA,c(-74.137778, 40.656944)
"3091","BAYONNE CITY OF","COMBINED SEWER SYSTEM","BAYONNE CITY","NJ",NA,NA,NA,NA,c(-74.138611, 40.655833)
"3092","BAYONNE CITY OF","COMBINED SEWER SYSTEM","BAYONNE CITY","NJ",NA,NA,"New Jersey",1,c(-74.136111, 40.645)
"3093","EAST NEWARK BORO","34 SHERMAN AVE","EAST NEWARK BORO","NJ",NA,NA,"New Jersey",1,c(-74.164654, 40.751032)
"3094","GOUVERNEUR (V) WWTF","4727 NYS ROUTE 58","GOUVERNEUR","NY",4,NA,"New York",1,c(-75.4825, 44.3336111)
"3095","AMSTERDAM (C) WWTP","QUIST RD, RTE 5","AMSTERDAM","NY",10,NA,"New York",1,c(-74.183333, 42.9291666)
"3096","AMSTERDAM (C) WWTP","QUIST RD, RTE 5","AMSTERDAM","NY",10,NA,"New York",1,c(-74.195277, 42.9352777)
"3097","AMSTERDAM (C) WWTP","QUIST RD, RTE 5","AMSTERDAM","NY",10,NA,"New York",1,c(-74.199722, 42.9402777)
"3098","CATSKILL (V) WWTP","422 MAIN STREET","CATSKILL","NY",1.55,NA,"New York",1,c(-73.868055, 42.2186111)
"3099","CATSKILL (V) WWTP","422 MAIN STREET","CATSKILL","NY",1.55,NA,"New York",1,c(-73.863055, 42.2138888)
"3100","CATSKILL (V) WWTP","422 MAIN STREET","CATSKILL","NY",1.55,NA,"New York",1,c(-73.863333, 42.214197)
"3101","CATSKILL (V) WWTP","422 MAIN STREET","CATSKILL","NY",1.55,NA,"New York",1,c(-73.866944, 42.2188888)
"3102","CATSKILL (V) WWTP","422 MAIN STREET","CATSKILL","NY",1.55,NA,"New York",1,c(-73.869444, 42.224444)
"3103","CATSKILL (V) WWTP","422 MAIN STREET","CATSKILL","NY",1.55,NA,"New York",1,c(-73.871944, 42.22361)
"3104","CATSKILL (V) WWTP","422 MAIN STREET","CATSKILL","NY",1.55,NA,"New York",1,c(-73.8675, 42.2169444)
"3105","BOONVILLE (V) WWTP","3040 MILL CREEK ROAD","BOONVILLE","NY",1.1,NA,NA,NA,c(-75.328048, 43.488336)
"3106","SALAMANCA (C) STP","299 CENTER STREET","SALAMANCA","NY",2,2,"New York",1,c(-78.7465, 42.163694)
"3107","POTSDAM (V) WPCP","OUTER CHERRY STREET","POTSDAM","NY",3.5,NA,NA,NA,c(-74.994333, 44.679278)
"3108","MEDINA (V) WWTP","200 GULF STREET","MEDINA","NY",4.5,NA,"New York",1,c(-78.385, 43.2097222)
"3109","MEDINA (V) WWTP","200 GULF STREET","MEDINA","NY",4.5,NA,"New York",1,c(-78.383611, 43.2133333)
"3110","MEDINA (V) WWTP","200 GULF STREET","MEDINA","NY",4.5,NA,"New York",1,c(-78.383611, 43.2127777)
"3111","MEDINA (V) WWTP","200 GULF STREET","MEDINA","NY",4.5,NA,"New York",1,c(-78.400555, 43.2233333)
"3112","MEDINA (V) WWTP","200 GULF STREET","MEDINA","NY",4.5,NA,"New York",1,c(-78.4, 43.2244444)
"3113","MEDINA (V) WWTP","200 GULF STREET","MEDINA","NY",4.5,NA,"New York",1,c(-78.396944, 43.2247222)
"3114","MEDINA (V) WWTP","200 GULF STREET","MEDINA","NY",4.5,NA,"New York",1,c(-78.383333, 43.2194444)
"3115","MEDINA (V) WWTP","200 GULF STREET","MEDINA","NY",4.5,NA,"New York",1,c(-78.383333, 43.2191666)
"3116","MEDINA (V) WWTP","200 GULF STREET","MEDINA","NY",4.5,NA,"New York",1,c(-78.388611, 43.2305555)
"3117","AUBURN (C) STP","35 BRADLEY STREET","AUBURN","NY",12,NA,"New York",1,c(-76.553611, 42.9525)
"3118","AUBURN (C) STP","35 BRADLEY STREET","AUBURN","NY",12,NA,NA,NA,c(-76.596666, 42.9411111)
"3119","AUBURN (C) STP","35 BRADLEY STREET","AUBURN","NY",12,NA,"New York",1,c(-76.579166, 42.9316666)
"3120","AUBURN (C) STP","35 BRADLEY STREET","AUBURN","NY",12,NA,"New York",1,c(-76.559166, 42.9294444)
"3121","AUBURN (C) STP","35 BRADLEY STREET","AUBURN","NY",12,NA,NA,NA,c(-76.596111, 42.9425)
"3122","AUBURN (C) STP","35 BRADLEY STREET","AUBURN","NY",12,NA,"New York",1,c(-76.588889, 42.934722)
"3123","AUBURN (C) STP","35 BRADLEY STREET","AUBURN","NY",12,NA,"New York",1,c(-76.578889, 42.931667)
"3124","AUBURN (C) STP","35 BRADLEY STREET","AUBURN","NY",12,NA,NA,NA,c(-76.559444, 42.929167)
"3125","AUBURN (C) STP","35 BRADLEY STREET","AUBURN","NY",12,NA,NA,NA,c(-76.563611, 42.9322222)
"3126","AUBURN (C) STP","35 BRADLEY STREET","AUBURN","NY",12,NA,"New York",1,c(-76.563333, 42.949722)
"3127","HUDSON (C) STP","NORTH FRONT & DOCK STREET","HUDSON","NY",2.8,NA,"New York",1,c(-73.793055, 42.2591666)
"3128","HUDSON (C) STP","NORTH FRONT & DOCK STREET","HUDSON","NY",2.8,NA,"New York",1,c(-73.793055, 42.2591666)
"3129","HUDSON (C) STP","NORTH FRONT & DOCK STREET","HUDSON","NY",2.8,NA,NA,NA,c(-73.794722, 42.2577777)
"3130","HUDSON (C) STP","NORTH FRONT & DOCK STREET","HUDSON","NY",2.8,NA,NA,NA,c(-73.799166, 42.2530555)
"3131","HUDSON (C) STP","NORTH FRONT & DOCK STREET","HUDSON","NY",2.8,NA,"New York",1,c(-73.78, 42.2522222)
"3132","HUDSON (C) STP","NORTH FRONT & DOCK STREET","HUDSON","NY",2.8,NA,NA,NA,c(-73.796388, 42.2488888)
"3133","HUDSON (C) STP","NORTH FRONT & DOCK STREET","HUDSON","NY",2.8,NA,NA,NA,c(-73.793611, 42.26)
"3134","LITTLE FALLS (C) WWTP","223 RIVER ROAD EAST","LITTLE FALLS","NY",7,NA,"New York",1,c(-74.858611, 43.0402777)
"3135","LITTLE FALLS (C) WWTP","223 RIVER ROAD EAST","LITTLE FALLS","NY",7,NA,NA,NA,c(-74.846944, 43.0408333)
"3136","LITTLE FALLS (C) WWTP","223 RIVER ROAD EAST","LITTLE FALLS","NY",7,NA,"New York",1,c(-74.858611, 43.04)
"3137","TARGET HILL WWTP","849 UPTON RD","WEST POINT","NY",5.76,5.76,NA,NA,c(-73.953333, 41.3897222)
"3138","JOHNSON CITY (V) OVERFLOWS","CHOCONUT CREEK @SUSQUEHANNA RIVER","JOHNSON CITY","NY",0,NA,NA,NA,c(-75.971111, 42.1033333)
"3139","JOHNSON CITY (V) OVERFLOWS","CHOCONUT CREEK @SUSQUEHANNA RIVER","JOHNSON CITY","NY",0,NA,NA,NA,c(-75.976388, 42.1127777)
"3140","BINGHAMTON (C) CSO'S","CITY HALL, 38 HAWLEY STREET","BINGHAMTON","NY",0,NA,NA,NA,c(-75.945277, 42.0942777)
"3141","BINGHAMTON (C) CSO'S","CITY HALL, 38 HAWLEY STREET","BINGHAMTON","NY",0,NA,NA,NA,c(-75.939444, 42.0905555)
"3142","BINGHAMTON (C) CSO'S","CITY HALL, 38 HAWLEY STREET","BINGHAMTON","NY",0,NA,NA,NA,c(-75.93, 42.0886111)
"3143","BINGHAMTON (C) CSO'S","CITY HALL, 38 HAWLEY STREET","BINGHAMTON","NY",0,NA,NA,NA,c(-75.923055, 42.0897222)
"3144","BINGHAMTON (C) CSO'S","CITY HALL, 38 HAWLEY STREET","BINGHAMTON","NY",0,NA,"New York",1,c(-75.915, 42.0916666)
"3145","BINGHAMTON (C) CSO'S","CITY HALL, 38 HAWLEY STREET","BINGHAMTON","NY",0,NA,"New York",1,c(-75.911944, 42.0925)
"3146","BINGHAMTON (C) CSO'S","CITY HALL, 38 HAWLEY STREET","BINGHAMTON","NY",0,NA,"New York",1,c(-75.911944, 42.0925)
"3147","BINGHAMTON (C) CSO'S","CITY HALL, 38 HAWLEY STREET","BINGHAMTON","NY",0,NA,NA,NA,c(-75.9375, 42.0905555)
"3148","BINGHAMTON (C) CSO'S","CITY HALL, 38 HAWLEY STREET","BINGHAMTON","NY",0,NA,"New York",1,c(-75.915833, 42.095)
"3149","BINGHAMTON (C) CSO'S","CITY HALL, 38 HAWLEY STREET","BINGHAMTON","NY",0,NA,"New York",1,c(-75.915778, 42.0985)
"3150","LEWISTON STP","130 NORTH WATER STREET","LEWISTON","NY",0.45,NA,NA,NA,c(-79.045, 43.173333)
"3151","COMBINED SEWER OVERFLOWS","10 N ENTERPRISE DR","ALBANY, CITY OF","NY",0,NA,NA,NA,c(-73.826603, 42.663414)
"3152","COMBINED SEWER OVERFLOWS","10 N ENTERPRISE DR","ALBANY, CITY OF","NY",0,NA,"New York",1,c(-73.753862, 42.63638)
"3153","COMBINED SEWER OVERFLOWS","10 N ENTERPRISE DR","ALBANY, CITY OF","NY",0,NA,"New York",1,c(-73.753288, 42.63646)
"3154","COMBINED SEWER OVERFLOWS","10 N ENTERPRISE DR","ALBANY, CITY OF","NY",0,NA,"New York",1,c(-73.751614, 42.639401)
"3155","COMBINED SEWER OVERFLOWS","10 N ENTERPRISE DR","ALBANY, CITY OF","NY",0,NA,"New York",1,c(-73.751153, 42.640333)
"3156","COMBINED SEWER OVERFLOWS","10 N ENTERPRISE DR","ALBANY, CITY OF","NY",0,NA,"New York",1,c(-73.748272, 42.646073)
"3157","COMBINED SEWER OVERFLOWS","10 N ENTERPRISE DR","ALBANY, CITY OF","NY",0,NA,"New York",1,c(-73.748166, 42.646756)
"3158","COMBINED SEWER OVERFLOWS","10 N ENTERPRISE DR","ALBANY, CITY OF","NY",0,NA,"New York",1,c(-73.746692, 42.649198)
"3159","COMBINED SEWER OVERFLOWS","10 N ENTERPRISE DR","ALBANY, CITY OF","NY",0,NA,"New York",1,c(-73.744061, 42.653542)
"3160","COMBINED SEWER OVERFLOWS","10 N ENTERPRISE DR","ALBANY, CITY OF","NY",0,NA,"New York",1,c(-73.738513, 42.659557)
"3161","WATERTOWN (C) WPCP","700 WILLIAM T. FIELD DRIVE","WATERTOWN","NY",16,NA,NA,NA,c(-75.932777, 43.9958333)
"3162","WATERTOWN (C) WPCP","700 WILLIAM T. FIELD DRIVE","WATERTOWN","NY",16,NA,"New York",1,c(-75.929722, 43.9916666)
"3163","WATERTOWN (C) WPCP","700 WILLIAM T. FIELD DRIVE","WATERTOWN","NY",16,NA,"New York",1,c(-75.926389, 43.988889)
"3164","WATERTOWN (C) WPCP","700 WILLIAM T. FIELD DRIVE","WATERTOWN","NY",16,NA,"New York",1,c(-75.92556, 43.98444)
"3165","WATERTOWN (C) WPCP","700 WILLIAM T. FIELD DRIVE","WATERTOWN","NY",16,NA,"New York",1,c(-75.92278, 43.98306)
"3166","WATERTOWN (C) WPCP","700 WILLIAM T. FIELD DRIVE","WATERTOWN","NY",16,NA,"New York",1,c(-75.92, 43.9827777)
"3167","WATERTOWN (C) WPCP","700 WILLIAM T. FIELD DRIVE","WATERTOWN","NY",16,NA,"New York",1,c(-75.913055, 43.9794444)
"3168","WATERTOWN (C) WPCP","700 WILLIAM T. FIELD DRIVE","WATERTOWN","NY",16,NA,"New York",1,c(-75.91, 43.97694)
"3169","WATERTOWN (C) WPCP","700 WILLIAM T. FIELD DRIVE","WATERTOWN","NY",16,NA,"New York",1,c(-75.909444, 43.9780555)
"3170","WATERTOWN (C) WPCP","700 WILLIAM T. FIELD DRIVE","WATERTOWN","NY",16,NA,"New York",1,c(-75.90944, 43.97583)
"3171","WATERTOWN (C) WPCP","700 WILLIAM T. FIELD DRIVE","WATERTOWN","NY",16,NA,"New York",1,c(-75.88, 43.97917)
"3172","WATERTOWN (C) WPCP","700 WILLIAM T. FIELD DRIVE","WATERTOWN","NY",16,NA,"New York",1,c(-75.895833, 43.9769444)
"3173","WATERTOWN (C) WPCP","700 WILLIAM T. FIELD DRIVE","WATERTOWN","NY",16,NA,"New York",1,c(-75.893611, 43.9769444)
"3174","WATERTOWN (C) WPCP","700 WILLIAM T. FIELD DRIVE","WATERTOWN","NY",16,NA,"New York",1,c(-75.89389, 43.97722)
"3175","WATERTOWN (C) WPCP","700 WILLIAM T. FIELD DRIVE","WATERTOWN","NY",16,NA,"New York",1,c(-75.888333, 43.9763888)
"3176","WATERTOWN (C) WPCP","700 WILLIAM T. FIELD DRIVE","WATERTOWN","NY",16,NA,"New York",1,c(-75.87528, 43.97583)
"3177","PLATTSBURGH WATER POLLUTION CONTROL PLANT","53 GREEN STREET","PLATTSBURGH","NY",16,NA,NA,NA,c(-73.450555, 44.6991666)
"3178","PLATTSBURGH WATER POLLUTION CONTROL PLANT","53 GREEN STREET","PLATTSBURGH","NY",16,NA,NA,NA,c(-73.454722, 44.6927777)
"3179","PLATTSBURGH WATER POLLUTION CONTROL PLANT","53 GREEN STREET","PLATTSBURGH","NY",16,NA,NA,NA,c(-73.461388, 44.6908333)
"3180","PLATTSBURGH WATER POLLUTION CONTROL PLANT","53 GREEN STREET","PLATTSBURGH","NY",16,NA,NA,NA,c(-73.464444, 44.6913888)
"3181","PLATTSBURGH WATER POLLUTION CONTROL PLANT","53 GREEN STREET","PLATTSBURGH","NY",16,NA,NA,NA,c(-73.451111, 44.6972222)
"3182","PLATTSBURGH WATER POLLUTION CONTROL PLANT","53 GREEN STREET","PLATTSBURGH","NY",16,NA,"New York",1,c(-73.447777, 44.7094444)
"3183","PLATTSBURGH WATER POLLUTION CONTROL PLANT","53 GREEN STREET","PLATTSBURGH","NY",16,NA,NA,NA,c(-73.454166, 44.6941666)
"3184","PLATTSBURGH WATER POLLUTION CONTROL PLANT","53 GREEN STREET","PLATTSBURGH","NY",16,NA,"New York",1,c(-73.457777, 44.6875)
"3185","PLATTSBURGH WATER POLLUTION CONTROL PLANT","53 GREEN STREET","PLATTSBURGH","NY",16,NA,"New York",1,c(-73.462777, 44.6905555)
"3186","PLATTSBURGH WATER POLLUTION CONTROL PLANT","53 GREEN STREET","PLATTSBURGH","NY",16,NA,NA,NA,c(-73.451388, 44.6980555)
"3187","PLATTSBURGH WATER POLLUTION CONTROL PLANT","53 GREEN STREET","PLATTSBURGH","NY",16,NA,NA,NA,c(-73.4425, 44.6719444)
"3188","COMBINED SEWER OVERFLOWS","CITY HALL, 505 BROADWAY","RENSSELAER COUNTY","NY",0,NA,"New York",1,c(-73.750462, 42.63344)
"3189","COMBINED SEWER OVERFLOWS","CITY HALL, 505 BROADWAY","RENSSELAER COUNTY","NY",0,NA,"New York",1,c(-73.74863, 42.639267)
"3190","COMBINED SEWER OVERFLOWS","CITY HALL, 505 BROADWAY","RENSSELAER COUNTY","NY",0,NA,"New York",1,c(-73.74889, 42.63944)
"3191","COMBINED SEWER OVERFLOWS","CITY HALL, 505 BROADWAY","RENSSELAER COUNTY","NY",0,NA,"New York",1,c(-73.74417, 42.64778)
"3192","COMBINED SEWER OVERFLOWS","CITY HALL, 505 BROADWAY","RENSSELAER COUNTY","NY",0,NA,NA,NA,c(-73.738023, 42.655921)
"3193","COMBINED SEWER OVERFLOWS","CITY HALL, 505 BROADWAY","RENSSELAER COUNTY","NY",0,NA,NA,NA,c(-73.736975, 42.656672)
"3194","COMBINED SEWER OVERFLOWS","CITY HALL, 505 BROADWAY","RENSSELAER COUNTY","NY",0,NA,NA,NA,c(-73.736095, 42.657366)
"3195","COMBINED SEWER OVERFLOWS","CITY HALL, 505 BROADWAY","RENSSELAER COUNTY","NY",0,NA,NA,NA,c(-73.736067, 42.657399)
"3196","NYCDEP - PORT RICHMOND WPCF","1801 RICHMOND TERRACE","STATEN ISLAND, BOROUGH OF","NY",60,NA,"New York",1,c(-74.124166, 40.6402777)
"3197","NYCDEP - PORT RICHMOND WPCF","1801 RICHMOND TERRACE","STATEN ISLAND, BOROUGH OF","NY",60,NA,"New York",1,c(-74.126388, 40.64)
"3198","NYCDEP - PORT RICHMOND WPCF","1801 RICHMOND TERRACE","STATEN ISLAND, BOROUGH OF","NY",60,NA,NA,NA,c(-74.107222, 40.6458333)
"3199","NYCDEP - PORT RICHMOND WPCF","1801 RICHMOND TERRACE","STATEN ISLAND, BOROUGH OF","NY",60,NA,NA,NA,c(-74.104722, 40.6458333)
"3200","NYCDEP - PORT RICHMOND WPCF","1801 RICHMOND TERRACE","STATEN ISLAND, BOROUGH OF","NY",60,NA,"New York",1,c(-74.098888, 40.6452777)
"3201","NYCDEP - PORT RICHMOND WPCF","1801 RICHMOND TERRACE","STATEN ISLAND, BOROUGH OF","NY",60,NA,NA,NA,c(-74.1025, 40.6455555)
"3202","NYCDEP - PORT RICHMOND WPCF","1801 RICHMOND TERRACE","STATEN ISLAND, BOROUGH OF","NY",60,NA,"New York",1,c(-74.093611, 40.6461111)
"3203","NYCDEP - PORT RICHMOND WPCF","1801 RICHMOND TERRACE","STATEN ISLAND, BOROUGH OF","NY",60,NA,"New York",1,c(-74.089722, 40.6475)
"3204","NYCDEP - PORT RICHMOND WPCF","1801 RICHMOND TERRACE","STATEN ISLAND, BOROUGH OF","NY",60,NA,"New York",1,c(-74.084444, 40.6486111)
"3205","NYCDEP - PORT RICHMOND WPCF","1801 RICHMOND TERRACE","STATEN ISLAND, BOROUGH OF","NY",60,NA,"New York",1,c(-74.075555, 40.6458333)
"3206","NYCDEP - PORT RICHMOND WPCF","1801 RICHMOND TERRACE","STATEN ISLAND, BOROUGH OF","NY",60,NA,"New York",1,c(-74.073611, 40.6375)
"3207","NYCDEP - PORT RICHMOND WPCF","1801 RICHMOND TERRACE","STATEN ISLAND, BOROUGH OF","NY",60,NA,"New York",1,c(-74.073055, 40.6305555)
"3208","NYCDEP - PORT RICHMOND WPCF","1801 RICHMOND TERRACE","STATEN ISLAND, BOROUGH OF","NY",60,NA,"New York",1,c(-74.072222, 40.6255555)
"3209","NYCDEP - PORT RICHMOND WPCF","1801 RICHMOND TERRACE","STATEN ISLAND, BOROUGH OF","NY",60,NA,"New York",1,c(-74.072222, 40.6255555)
"3210","NYCDEP - PORT RICHMOND WPCF","1801 RICHMOND TERRACE","STATEN ISLAND, BOROUGH OF","NY",60,NA,"New York",1,c(-74.070555, 40.6227777)
"3211","NYCDEP - PORT RICHMOND WPCF","1801 RICHMOND TERRACE","STATEN ISLAND, BOROUGH OF","NY",60,NA,"New York",1,c(-74.067777, 40.62)
"3212","NYCDEP - PORT RICHMOND WPCF","1801 RICHMOND TERRACE","STATEN ISLAND, BOROUGH OF","NY",60,NA,"New York",1,c(-74.066666, 40.6191666)
"3213","NYCDEP - PORT RICHMOND WPCF","1801 RICHMOND TERRACE","STATEN ISLAND, BOROUGH OF","NY",60,NA,"New York",1,c(-74.064166, 40.6169444)
"3214","NYCDEP - PORT RICHMOND WPCF","1801 RICHMOND TERRACE","STATEN ISLAND, BOROUGH OF","NY",60,NA,"New York",1,c(-74.062777, 40.6155555)
"3215","NYCDEP - PORT RICHMOND WPCF","1801 RICHMOND TERRACE","STATEN ISLAND, BOROUGH OF","NY",60,NA,"New York",1,c(-74.060555, 40.6119444)
"3216","NYCDEP - PORT RICHMOND WPCF","1801 RICHMOND TERRACE","STATEN ISLAND, BOROUGH OF","NY",60,NA,"New York",1,c(-74.060277, 40.6119444)
"3217","NYCDEP - PORT RICHMOND WPCF","1801 RICHMOND TERRACE","STATEN ISLAND, BOROUGH OF","NY",60,NA,"New York",1,c(-74.060555, 40.6119444)
"3218","NYCDEP - PORT RICHMOND WPCF","1801 RICHMOND TERRACE","STATEN ISLAND, BOROUGH OF","NY",60,NA,"New York",1,c(-74.167222, 40.6422222)
"3219","NYCDEP - PORT RICHMOND WPCF","1801 RICHMOND TERRACE","STATEN ISLAND, BOROUGH OF","NY",60,NA,"New York",1,c(-74.161388, 40.6402777)
"3220","NYCDEP - PORT RICHMOND WPCF","1801 RICHMOND TERRACE","STATEN ISLAND, BOROUGH OF","NY",60,NA,"New York",1,c(-74.156944, 40.6377777)
"3221","NYCDEP - PORT RICHMOND WPCF","1801 RICHMOND TERRACE","STATEN ISLAND, BOROUGH OF","NY",60,NA,"New York",1,c(-74.154722, 40.6375)
"3222","NYCDEP - PORT RICHMOND WPCF","1801 RICHMOND TERRACE","STATEN ISLAND, BOROUGH OF","NY",60,NA,"New York",1,c(-74.145277, 40.6397222)
"3223","NYCDEP - PORT RICHMOND WPCF","1801 RICHMOND TERRACE","STATEN ISLAND, BOROUGH OF","NY",60,NA,"New York",1,c(-74.139444, 40.6402777)
"3224","NYCDEP - PORT RICHMOND WPCF","1801 RICHMOND TERRACE","STATEN ISLAND, BOROUGH OF","NY",60,NA,"New York",1,c(-74.066111, 40.6186111)
"3225","NYCDEP - PORT RICHMOND WPCF","1801 RICHMOND TERRACE","STATEN ISLAND, BOROUGH OF","NY",60,NA,"New York",1,c(-74.072777, 40.6269444)
"3226","NYCDEP - PORT RICHMOND WPCF","1801 RICHMOND TERRACE","STATEN ISLAND, BOROUGH OF","NY",60,NA,"New York",1,c(-74.073055, 40.6355555)
"3227","NYCDEP - PORT RICHMOND WPCF","1801 RICHMOND TERRACE","STATEN ISLAND, BOROUGH OF","NY",60,NA,NA,NA,c(-74.113333, 40.6438888)
"3228","NYCDEP - PORT RICHMOND WPCF","1801 RICHMOND TERRACE","STATEN ISLAND, BOROUGH OF","NY",60,NA,NA,NA,c(-74.114444, 40.6436111)
"3229","NYCDEP - PORT RICHMOND WPCF","1801 RICHMOND TERRACE","STATEN ISLAND, BOROUGH OF","NY",60,NA,"New York",1,c(-74.126388, 40.64)
"3230","NYCDEP - PORT RICHMOND WPCF","1801 RICHMOND TERRACE","STATEN ISLAND, BOROUGH OF","NY",60,NA,"New York",1,c(-74.128611, 40.64)
"3231","NYCDEP - PORT RICHMOND WPCF","1801 RICHMOND TERRACE","STATEN ISLAND, BOROUGH OF","NY",60,NA,"New York",1,c(-74.131388, 40.6411111)
"3232","NYCDEP - JAMAICA WWRF","150- 20 134TH STREET","JAMAICA","NY",100,NA,NA,NA,c(-73.816389, 40.660833)
"3233","NYCDEP - JAMAICA WWRF","150- 20 134TH STREET","JAMAICA","NY",100,NA,NA,NA,c(-73.818611, 40.6622222)
"3234","NYCDEP - JAMAICA WWRF","150- 20 134TH STREET","JAMAICA","NY",100,NA,NA,NA,c(-73.818611, 40.6620833)
"3235","NYCDEP - JAMAICA WWRF","150- 20 134TH STREET","JAMAICA","NY",100,NA,NA,NA,c(-73.755, 40.6477777)
"3236","NYCDEP - JAMAICA WWRF","150- 20 134TH STREET","JAMAICA","NY",100,NA,NA,NA,c(-73.811111, 40.6605555)
"3237","NYCDEP - JAMAICA WWRF","150- 20 134TH STREET","JAMAICA","NY",100,NA,NA,NA,c(-73.754722, 40.6477777)
"3238","NYCDEP - WARD'S ISLAND WRRF","7 WARD'S ISLAND BRIDGE","CITY OF NEW YORK","NY",275,NA,"New York",1,c(-73.920712, 40.786525)
"3239","NYCDEP - WARD'S ISLAND WRRF","7 WARD'S ISLAND BRIDGE","CITY OF NEW YORK","NY",275,NA,NA,NA,c(-73.950555, 40.7663888)
"3240","NYCDEP - WARD'S ISLAND WRRF","7 WARD'S ISLAND BRIDGE","CITY OF NEW YORK","NY",275,NA,NA,NA,c(-73.95, 40.7669444)
"3241","NYCDEP - WARD'S ISLAND WRRF","7 WARD'S ISLAND BRIDGE","CITY OF NEW YORK","NY",275,NA,NA,NA,c(-73.949444, 40.7675)
"3242","NYCDEP - WARD'S ISLAND WRRF","7 WARD'S ISLAND BRIDGE","CITY OF NEW YORK","NY",275,NA,NA,NA,c(-73.949166, 40.7683333)
"3243","NYCDEP - WARD'S ISLAND WRRF","7 WARD'S ISLAND BRIDGE","CITY OF NEW YORK","NY",275,NA,NA,NA,c(-73.948611, 40.7688888)
"3244","NYCDEP - WARD'S ISLAND WRRF","7 WARD'S ISLAND BRIDGE","CITY OF NEW YORK","NY",275,NA,NA,NA,c(-73.948055, 40.7694444)
"3245","NYCDEP - WARD'S ISLAND WRRF","7 WARD'S ISLAND BRIDGE","CITY OF NEW YORK","NY",275,NA,NA,NA,c(-73.9475, 40.7702777)
"3246","NYCDEP - WARD'S ISLAND WRRF","7 WARD'S ISLAND BRIDGE","CITY OF NEW YORK","NY",275,NA,NA,NA,c(-73.945, 40.7725)
"3247","NYCDEP - WARD'S ISLAND WRRF","7 WARD'S ISLAND BRIDGE","CITY OF NEW YORK","NY",275,NA,NA,NA,c(-73.944444, 40.7730555)
"3248","NYCDEP - WARD'S ISLAND WRRF","7 WARD'S ISLAND BRIDGE","CITY OF NEW YORK","NY",275,NA,NA,NA,c(-73.943333, 40.7741666)
"3249","NYCDEP - WARD'S ISLAND WRRF","7 WARD'S ISLAND BRIDGE","CITY OF NEW YORK","NY",275,NA,NA,NA,c(-73.941944, 40.7763888)
"3250","NYCDEP - WARD'S ISLAND WRRF","7 WARD'S ISLAND BRIDGE","CITY OF NEW YORK","NY",275,NA,NA,NA,c(-73.9425, 40.7777777)
"3251","NYCDEP - WARD'S ISLAND WRRF","7 WARD'S ISLAND BRIDGE","CITY OF NEW YORK","NY",275,NA,NA,NA,c(-73.942777, 40.7783333)
"3252","NYCDEP - WARD'S ISLAND WRRF","7 WARD'S ISLAND BRIDGE","CITY OF NEW YORK","NY",275,NA,NA,NA,c(-73.943333, 40.7797222)
"3253","NYCDEP - WARD'S ISLAND WRRF","7 WARD'S ISLAND BRIDGE","CITY OF NEW YORK","NY",275,NA,NA,NA,c(-73.943888, 40.7819444)
"3254","NYCDEP - WARD'S ISLAND WRRF","7 WARD'S ISLAND BRIDGE","CITY OF NEW YORK","NY",275,NA,"New York",1,c(-73.943611, 40.7827777)
"3255","NYCDEP - WARD'S ISLAND WRRF","7 WARD'S ISLAND BRIDGE","CITY OF NEW YORK","NY",275,NA,"New York",1,c(-73.940555, 40.785)
"3256","NYCDEP - WARD'S ISLAND WRRF","7 WARD'S ISLAND BRIDGE","CITY OF NEW YORK","NY",275,NA,"New York",1,c(-73.939722, 40.7852777)
"3257","NYCDEP - WARD'S ISLAND WRRF","7 WARD'S ISLAND BRIDGE","CITY OF NEW YORK","NY",275,NA,"New York",1,c(-73.938888, 40.7863888)
"3258","NYCDEP - WARD'S ISLAND WRRF","7 WARD'S ISLAND BRIDGE","CITY OF NEW YORK","NY",275,NA,"New York",1,c(-73.938055, 40.7872222)
"3259","NYCDEP - WARD'S ISLAND WRRF","7 WARD'S ISLAND BRIDGE","CITY OF NEW YORK","NY",275,NA,"New York",1,c(-73.937777, 40.7877777)
"3260","NYCDEP - WARD'S ISLAND WRRF","7 WARD'S ISLAND BRIDGE","CITY OF NEW YORK","NY",275,NA,"New York",1,c(-73.9375, 40.7886111)
"3261","NYCDEP - WARD'S ISLAND WRRF","7 WARD'S ISLAND BRIDGE","CITY OF NEW YORK","NY",275,NA,"New York",1,c(-73.935833, 40.7911111)
"3262","NYCDEP - WARD'S ISLAND WRRF","7 WARD'S ISLAND BRIDGE","CITY OF NEW YORK","NY",275,NA,"New York",1,c(-73.932777, 40.7930555)
"3263","NYCDEP - WARD'S ISLAND WRRF","7 WARD'S ISLAND BRIDGE","CITY OF NEW YORK","NY",275,NA,"New York",1,c(-73.931944, 40.7936111)
"3264","NYCDEP - WARD'S ISLAND WRRF","7 WARD'S ISLAND BRIDGE","CITY OF NEW YORK","NY",275,NA,"New York",1,c(-73.931111, 40.7941666)
"3265","NYCDEP - WARD'S ISLAND WRRF","7 WARD'S ISLAND BRIDGE","CITY OF NEW YORK","NY",275,NA,"New York",1,c(-73.929166, 40.7961111)
"3266","NYCDEP - WARD'S ISLAND WRRF","7 WARD'S ISLAND BRIDGE","CITY OF NEW YORK","NY",275,NA,"New York",1,c(-73.929166, 40.7966666)
"3267","NYCDEP - WARD'S ISLAND WRRF","7 WARD'S ISLAND BRIDGE","CITY OF NEW YORK","NY",275,NA,"New York",1,c(-73.928888, 40.7977777)
"3268","NYCDEP - WARD'S ISLAND WRRF","7 WARD'S ISLAND BRIDGE","CITY OF NEW YORK","NY",275,NA,"New York",1,c(-73.928888, 40.7983333)
"3269","NYCDEP - WARD'S ISLAND WRRF","7 WARD'S ISLAND BRIDGE","CITY OF NEW YORK","NY",275,NA,"New York",1,c(-73.928888, 40.7997222)
"3270","NYCDEP - WARD'S ISLAND WRRF","7 WARD'S ISLAND BRIDGE","CITY OF NEW YORK","NY",275,NA,"New York",1,c(-73.929166, 40.8011111)
"3271","NYCDEP - WARD'S ISLAND WRRF","7 WARD'S ISLAND BRIDGE","CITY OF NEW YORK","NY",275,NA,"New York",1,c(-73.931666, 40.8055555)
"3272","NYCDEP - WARD'S ISLAND WRRF","7 WARD'S ISLAND BRIDGE","CITY OF NEW YORK","NY",275,NA,"New York",1,c(-73.933055, 40.8069444)
"3273","NYCDEP - WARD'S ISLAND WRRF","7 WARD'S ISLAND BRIDGE","CITY OF NEW YORK","NY",275,NA,"New York",1,c(-73.934166, 40.8113888)
"3274","NYCDEP - WARD'S ISLAND WRRF","7 WARD'S ISLAND BRIDGE","CITY OF NEW YORK","NY",275,NA,"New York",1,c(-73.933888, 40.8158333)
"3275","NYCDEP - WARD'S ISLAND WRRF","7 WARD'S ISLAND BRIDGE","CITY OF NEW YORK","NY",275,NA,"New York",1,c(-73.933888, 40.8161111)
"3276","NYCDEP - WARD'S ISLAND WRRF","7 WARD'S ISLAND BRIDGE","CITY OF NEW YORK","NY",275,NA,"New York",1,c(-73.933888, 40.8169444)
"3277","NYCDEP - WARD'S ISLAND WRRF","7 WARD'S ISLAND BRIDGE","CITY OF NEW YORK","NY",275,NA,"New York",1,c(-73.933888, 40.8177777)
"3278","NYCDEP - WARD'S ISLAND WRRF","7 WARD'S ISLAND BRIDGE","CITY OF NEW YORK","NY",275,NA,"New York",1,c(-73.939166, 40.7858333)
"3279","NYCDEP - WARD'S ISLAND WRRF","7 WARD'S ISLAND BRIDGE","CITY OF NEW YORK","NY",275,NA,"New York",1,c(-73.933888, 40.8194444)
"3280","NYCDEP - WARD'S ISLAND WRRF","7 WARD'S ISLAND BRIDGE","CITY OF NEW YORK","NY",275,NA,"New York",1,c(-73.934166, 40.8227777)
"3281","NYCDEP - WARD'S ISLAND WRRF","7 WARD'S ISLAND BRIDGE","CITY OF NEW YORK","NY",275,NA,"New York",1,c(-73.934444, 40.8247222)
"3282","NYCDEP - WARD'S ISLAND WRRF","7 WARD'S ISLAND BRIDGE","CITY OF NEW YORK","NY",275,NA,"New York",1,c(-73.934444, 40.8275)
"3283","NYCDEP - WARD'S ISLAND WRRF","7 WARD'S ISLAND BRIDGE","CITY OF NEW YORK","NY",275,NA,"New York",1,c(-73.934722, 40.8283333)
"3284","NYCDEP - WARD'S ISLAND WRRF","7 WARD'S ISLAND BRIDGE","CITY OF NEW YORK","NY",275,NA,"New York",1,c(-73.934722, 40.8288888)
"3285","NYCDEP - WARD'S ISLAND WRRF","7 WARD'S ISLAND BRIDGE","CITY OF NEW YORK","NY",275,NA,NA,NA,c(-73.933888, 40.8372222)
"3286","NYCDEP - WARD'S ISLAND WRRF","7 WARD'S ISLAND BRIDGE","CITY OF NEW YORK","NY",275,NA,NA,NA,c(-73.930277, 40.8441666)
"3287","NYCDEP - WARD'S ISLAND WRRF","7 WARD'S ISLAND BRIDGE","CITY OF NEW YORK","NY",275,NA,NA,NA,c(-73.913888, 40.905)
"3288","NYCDEP - WARD'S ISLAND WRRF","7 WARD'S ISLAND BRIDGE","CITY OF NEW YORK","NY",275,NA,NA,NA,c(-73.916666, 40.8975)
"3289","NYCDEP - WARD'S ISLAND WRRF","7 WARD'S ISLAND BRIDGE","CITY OF NEW YORK","NY",275,NA,NA,NA,c(-73.92, 40.8883333)
"3290","NYCDEP - WARD'S ISLAND WRRF","7 WARD'S ISLAND BRIDGE","CITY OF NEW YORK","NY",275,NA,NA,NA,c(-73.923333, 40.8544444)
"3291","NYCDEP - WARD'S ISLAND WRRF","7 WARD'S ISLAND BRIDGE","CITY OF NEW YORK","NY",275,NA,"New York",1,c(-73.912777, 40.8630555)
"3292","NYCDEP - WARD'S ISLAND WRRF","7 WARD'S ISLAND BRIDGE","CITY OF NEW YORK","NY",275,NA,"New York",1,c(-73.920277, 40.8558333)
"3293","NYCDEP - WARD'S ISLAND WRRF","7 WARD'S ISLAND BRIDGE","CITY OF NEW YORK","NY",275,NA,NA,NA,c(-73.924166, 40.8505555)
"3294","NYCDEP - WARD'S ISLAND WRRF","7 WARD'S ISLAND BRIDGE","CITY OF NEW YORK","NY",275,NA,"New York",1,c(-73.929166, 40.8427777)
"3295","NYCDEP - WARD'S ISLAND WRRF","7 WARD'S ISLAND BRIDGE","CITY OF NEW YORK","NY",275,NA,NA,NA,c(-73.930555, 40.8402777)
"3296","NYCDEP - WARD'S ISLAND WRRF","7 WARD'S ISLAND BRIDGE","CITY OF NEW YORK","NY",275,NA,"New York",1,c(-73.933055, 40.8283333)
"3297","NYCDEP - WARD'S ISLAND WRRF","7 WARD'S ISLAND BRIDGE","CITY OF NEW YORK","NY",275,NA,"New York",1,c(-73.933055, 40.8277777)
"3298","NYCDEP - WARD'S ISLAND WRRF","7 WARD'S ISLAND BRIDGE","CITY OF NEW YORK","NY",275,NA,"New York",1,c(-73.932222, 40.8197222)
"3299","NYCDEP - WARD'S ISLAND WRRF","7 WARD'S ISLAND BRIDGE","CITY OF NEW YORK","NY",275,NA,"New York",1,c(-73.932777, 40.8108333)
"3300","NYCDEP - WARD'S ISLAND WRRF","7 WARD'S ISLAND BRIDGE","CITY OF NEW YORK","NY",275,NA,"New York",1,c(-73.931666, 40.8080555)
"3301","NYCDEP - WARD'S ISLAND WRRF","7 WARD'S ISLAND BRIDGE","CITY OF NEW YORK","NY",275,NA,"New York",1,c(-73.930555, 40.8063888)
"3302","NYCDEP - WARD'S ISLAND WRRF","7 WARD'S ISLAND BRIDGE","CITY OF NEW YORK","NY",275,NA,"New York",1,c(-73.923055, 40.8025)
"3303","NYCDEP - WARD'S ISLAND WRRF","7 WARD'S ISLAND BRIDGE","CITY OF NEW YORK","NY",275,NA,"New York",1,c(-73.919444, 40.7991666)
"3304","NYCDEP - WARD'S ISLAND WRRF","7 WARD'S ISLAND BRIDGE","CITY OF NEW YORK","NY",275,NA,"New York",1,c(-73.908333, 40.7988888)
"3305","NYCDEP - WARD'S ISLAND WRRF","7 WARD'S ISLAND BRIDGE","CITY OF NEW YORK","NY",275,NA,"New York",1,c(-73.906111, 40.8013888)
"3306","NYCDEP - WARD'S ISLAND WRRF","7 WARD'S ISLAND BRIDGE","CITY OF NEW YORK","NY",275,NA,"New York",1,c(-73.902222, 40.805)
"3307","NYCDEP - WARD'S ISLAND WRRF","7 WARD'S ISLAND BRIDGE","CITY OF NEW YORK","NY",275,NA,"New York",1,c(-73.921666, 40.8016666)
"3308","NYCDEP - WARD'S ISLAND WRRF","7 WARD'S ISLAND BRIDGE","CITY OF NEW YORK","NY",275,NA,"New York",1,c(-73.932222, 40.8138888)
"3309","NYCDEP - WARD'S ISLAND WRRF","7 WARD'S ISLAND BRIDGE","CITY OF NEW YORK","NY",275,NA,"New York",1,c(-73.9225, 40.8786111)
"3310","NYCDEP - WARD'S ISLAND WRRF","7 WARD'S ISLAND BRIDGE","CITY OF NEW YORK","NY",275,NA,"New York",1,c(-73.916111, 40.8755555)
"3311","NYCDEP - WARD'S ISLAND WRRF","7 WARD'S ISLAND BRIDGE","CITY OF NEW YORK","NY",275,NA,"New York",1,c(-73.910833, 40.8741666)
"3312","NYCDEP - WARD'S ISLAND WRRF","7 WARD'S ISLAND BRIDGE","CITY OF NEW YORK","NY",275,NA,"New York",1,c(-73.911666, 40.9136111)
"3313","NYCDEP - BOWERY BAY WRRF","43-10 BERRIAN BLVD","ASTORIA","NY",150,NA,NA,NA,c(-73.892777, 40.7797222)
"3314","NYCDEP - BOWERY BAY WRRF","43-10 BERRIAN BLVD","ASTORIA","NY",150,NA,NA,NA,c(-73.891666, 40.7766666)
"3315","NYCDEP - BOWERY BAY WRRF","43-10 BERRIAN BLVD","ASTORIA","NY",150,NA,"New York",1,c(-73.942777, 40.7388888)
"3316","NYCDEP - BOWERY BAY WRRF","43-10 BERRIAN BLVD","ASTORIA","NY",150,NA,NA,NA,c(-73.889444, 40.7736111)
"3317","NYCDEP - BOWERY BAY WRRF","43-10 BERRIAN BLVD","ASTORIA","NY",150,NA,NA,NA,c(-73.856666, 40.7608333)
"3318","NYCDEP - BOWERY BAY WRRF","43-10 BERRIAN BLVD","ASTORIA","NY",150,NA,NA,NA,c(-73.862777, 40.7663888)
"3319","NYCDEP - BOWERY BAY WRRF","43-10 BERRIAN BLVD","ASTORIA","NY",150,NA,NA,NA,c(-73.859722, 40.7622222)
"3320","NYCDEP - BOWERY BAY WRRF","43-10 BERRIAN BLVD","ASTORIA","NY",150,NA,NA,NA,c(-73.941111, 40.7405555)
"3321","NYCDEP - BOWERY BAY WRRF","43-10 BERRIAN BLVD","ASTORIA","NY",150,NA,NA,NA,c(-73.942222, 40.7394444)
"3322","NYCDEP - BOWERY BAY WRRF","43-10 BERRIAN BLVD","ASTORIA","NY",150,NA,"New York",1,c(-73.94, 40.7336111)
"3323","NYCDEP - BOWERY BAY WRRF","43-10 BERRIAN BLVD","ASTORIA","NY",150,NA,"New York",1,c(-73.941388, 40.7341666)
"3324","NYCDEP - BOWERY BAY WRRF","43-10 BERRIAN BLVD","ASTORIA","NY",150,NA,NA,NA,c(-73.952777, 40.7394444)
"3325","NYCDEP - BOWERY BAY WRRF","43-10 BERRIAN BLVD","ASTORIA","NY",150,NA,NA,NA,c(-73.955, 40.7397222)
"3326","NYCDEP - BOWERY BAY WRRF","43-10 BERRIAN BLVD","ASTORIA","NY",150,NA,NA,NA,c(-73.957777, 40.7394444)
"3327","NYCDEP - BOWERY BAY WRRF","43-10 BERRIAN BLVD","ASTORIA","NY",150,NA,NA,NA,c(-73.960277, 40.7436111)
"3328","NYCDEP - BOWERY BAY WRRF","43-10 BERRIAN BLVD","ASTORIA","NY",150,NA,NA,NA,c(-73.959444, 40.7444444)
"3329","NYCDEP - BOWERY BAY WRRF","43-10 BERRIAN BLVD","ASTORIA","NY",150,NA,NA,NA,c(-73.959166, 40.7463888)
"3330","NYCDEP - BOWERY BAY WRRF","43-10 BERRIAN BLVD","ASTORIA","NY",150,NA,NA,NA,c(-73.955277, 40.7480555)
"3331","NYCDEP - BOWERY BAY WRRF","43-10 BERRIAN BLVD","ASTORIA","NY",150,NA,NA,NA,c(-73.955555, 40.7494444)
"3332","NYCDEP - BOWERY BAY WRRF","43-10 BERRIAN BLVD","ASTORIA","NY",150,NA,NA,NA,c(-73.9525, 40.7538888)
"3333","NYCDEP - BOWERY BAY WRRF","43-10 BERRIAN BLVD","ASTORIA","NY",150,NA,NA,NA,c(-73.950833, 40.7561111)
"3334","NYCDEP - BOWERY BAY WRRF","43-10 BERRIAN BLVD","ASTORIA","NY",150,NA,NA,NA,c(-73.940277, 40.7430555)
"3335","NYCDEP - BOWERY BAY WRRF","43-10 BERRIAN BLVD","ASTORIA","NY",150,NA,NA,NA,c(-73.946944, 40.7602777)
"3336","NYCDEP - BOWERY BAY WRRF","43-10 BERRIAN BLVD","ASTORIA","NY",150,NA,NA,NA,c(-73.945833, 40.7613888)
"3337","NYCDEP - BOWERY BAY WRRF","43-10 BERRIAN BLVD","ASTORIA","NY",150,NA,NA,NA,c(-73.937777, 40.7686111)
"3338","NYCDEP - BOWERY BAY WRRF","43-10 BERRIAN BLVD","ASTORIA","NY",150,NA,NA,NA,c(-73.935, 40.7711111)
"3339","NYCDEP - BOWERY BAY WRRF","43-10 BERRIAN BLVD","ASTORIA","NY",150,NA,"New York",1,c(-73.937777, 40.7744444)
"3340","NYCDEP - BOWERY BAY WRRF","43-10 BERRIAN BLVD","ASTORIA","NY",150,NA,"New York",1,c(-73.936944, 40.7758333)
"3341","NYCDEP - BOWERY BAY WRRF","43-10 BERRIAN BLVD","ASTORIA","NY",150,NA,"New York",1,c(-73.928333, 40.7769444)
"3342","NYCDEP - BOWERY BAY WRRF","43-10 BERRIAN BLVD","ASTORIA","NY",150,NA,NA,NA,c(-73.92, 40.7827777)
"3343","NYCDEP - BOWERY BAY WRRF","43-10 BERRIAN BLVD","ASTORIA","NY",150,NA,NA,NA,c(-73.918333, 40.7838888)
"3344","NYCDEP - BOWERY BAY WRRF","43-10 BERRIAN BLVD","ASTORIA","NY",150,NA,NA,NA,c(-73.916111, 40.7861111)
"3345","NYCDEP - BOWERY BAY WRRF","43-10 BERRIAN BLVD","ASTORIA","NY",150,NA,NA,NA,c(-73.940833, 40.7408333)
"3346","NYCDEP - BOWERY BAY WRRF","43-10 BERRIAN BLVD","ASTORIA","NY",150,NA,NA,NA,c(-73.9025, 40.7802777)
"3347","NYCDEP - BOWERY BAY WRRF","43-10 BERRIAN BLVD","ASTORIA","NY",150,NA,NA,NA,c(-73.945277, 40.7383333)
"3348","NYCDEP - BOWERY BAY WRRF","43-10 BERRIAN BLVD","ASTORIA","NY",150,NA,NA,NA,c(-73.952222, 40.7394444)
"3349","NYCDEP - BOWERY BAY WRRF","43-10 BERRIAN BLVD","ASTORIA","NY",150,NA,"New York",1,c(-73.930277, 40.7763888)
"3350","NYCDEP - BOWERY BAY WRRF","43-10 BERRIAN BLVD","ASTORIA","NY",150,NA,NA,NA,c(-73.915555, 40.7861111)
"3351","NYCDEP - BOWERY BAY WRRF","43-10 BERRIAN BLVD","ASTORIA","NY",150,NA,NA,NA,c(-73.958888, 40.7686111)
"3352","NYCDEP - BOWERY BAY WRRF","43-10 BERRIAN BLVD","ASTORIA","NY",150,NA,NA,NA,c(-73.961666, 40.7658333)
"3353","NYCDEP - BOWERY BAY WRRF","43-10 BERRIAN BLVD","ASTORIA","NY",150,NA,NA,NA,c(-73.957222, 40.7527777)
"3354","NYCDEP - BOWERY BAY WRRF","43-10 BERRIAN BLVD","ASTORIA","NY",150,NA,NA,NA,c(-73.961111, 40.7425)
"3355","NYCDEP - BOWERY BAY WRRF","43-10 BERRIAN BLVD","ASTORIA","NY",150,NA,NA,NA,c(-73.958888, 40.7686111)
"3356","NYCDEP - BOWERY BAY WRRF","43-10 BERRIAN BLVD","ASTORIA","NY",150,NA,NA,NA,c(-73.961666, 40.7658333)
"3357","NYCDEP - BOWERY BAY WRRF","43-10 BERRIAN BLVD","ASTORIA","NY",150,NA,NA,NA,c(-73.957222, 40.7527777)
"3358","NYCDEP - BOWERY BAY WRRF","43-10 BERRIAN BLVD","ASTORIA","NY",150,NA,NA,NA,c(-73.961111, 40.7425)
"3359","NYCDEP - OWLS HEAD WPCP","6700 SHORE ROAD","BROOKLYN","NY",120,NA,NA,NA,c(-74.031388, 40.6441666)
"3360","NYCDEP - OWLS HEAD WPCP","6700 SHORE ROAD","BROOKLYN","NY",120,NA,NA,NA,c(-74.021388, 40.6527777)
"3361","NYCDEP - OWLS HEAD WPCP","6700 SHORE ROAD","BROOKLYN","NY",120,NA,NA,NA,c(-74.016944, 40.6555555)
"3362","NYCDEP - OWLS HEAD WPCP","6700 SHORE ROAD","BROOKLYN","NY",120,NA,NA,NA,c(-73.988888, 40.6780555)
"3363","NYCDEP - OWLS HEAD WPCP","6700 SHORE ROAD","BROOKLYN","NY",120,NA,NA,NA,c(-74.000555, 40.6675)
"3364","NYCDEP - OWLS HEAD WPCP","6700 SHORE ROAD","BROOKLYN","NY",120,NA,NA,NA,c(-73.990833, 40.6755555)
"3365","NYCDEP - OWLS HEAD WPCP","6700 SHORE ROAD","BROOKLYN","NY",120,NA,"New York",1,c(-74.010416, 40.6005555)
"3366","NYCDEP - OWLS HEAD WPCP","6700 SHORE ROAD","BROOKLYN","NY",120,NA,NA,NA,c(-74.041666, 40.6205555)
"3367","NYCDEP - OWLS HEAD WPCP","6700 SHORE ROAD","BROOKLYN","NY",120,NA,NA,NA,c(-74.040277, 40.6316666)
"3368","NYCDEP - OWLS HEAD WPCP","6700 SHORE ROAD","BROOKLYN","NY",120,NA,NA,NA,c(-74.037777, 40.6369444)
"3369","NYCDEP - OWLS HEAD WPCP","6700 SHORE ROAD","BROOKLYN","NY",120,NA,NA,NA,c(-74.036666, 40.6391666)
"3370","NYCDEP - OWLS HEAD WPCP","6700 SHORE ROAD","BROOKLYN","NY",120,NA,"New York",1,c(-73.983888, 40.5833333)
"3371","NYCDEP - OWLS HEAD WPCP","6700 SHORE ROAD","BROOKLYN","NY",120,NA,NA,NA,c(-74.008055, 40.66)
"3372","NYCDEP - OWLS HEAD WPCP","6700 SHORE ROAD","BROOKLYN","NY",120,NA,NA,NA,c(-74.000277, 40.6636111)
"3373","NYCDEP - OWLS HEAD WPCP","6700 SHORE ROAD","BROOKLYN","NY",120,NA,NA,NA,c(-74.006388, 40.6619444)
"3374","NYCDEP - OWLS HEAD WPCP","6700 SHORE ROAD","BROOKLYN","NY",120,NA,NA,NA,c(-74.016388, 40.6641666)
"3375","NYCDEP - CONEY ISLAND WRRF","2591 KNAPP STREET","BROOKLYN","NY",110,NA,NA,NA,c(-73.9175, 40.6316666)
"3376","NYCDEP - CONEY ISLAND WRRF","2591 KNAPP STREET","BROOKLYN","NY",110,NA,NA,NA,c(-73.916944, 40.6319444)
"3377","NYCDEP - CONEY ISLAND WRRF","2591 KNAPP STREET","BROOKLYN","NY",110,NA,NA,NA,c(-73.917222, 40.6311111)
"3378","NYCDEP - CONEY ISLAND WRRF","2591 KNAPP STREET","BROOKLYN","NY",110,NA,NA,NA,c(-73.915833, 40.63)
"3379","NYCDEP - CONEY ISLAND WRRF","2591 KNAPP STREET","BROOKLYN","NY",110,NA,NA,NA,c(-73.915833, 40.63)
"3380","NYCDEP - CONEY ISLAND WRRF","2591 KNAPP STREET","BROOKLYN","NY",110,NA,NA,NA,c(-73.915833, 40.63)
"3381","NYCDEP - CONEY ISLAND WRRF","2591 KNAPP STREET","BROOKLYN","NY",110,NA,NA,NA,c(-73.915833, 40.63)
"3382","NYCDEP - HUNT'S POINT WRRF","COSTER ST & RYAWA AVE","BRONX","NY",200,NA,"New York",1,c(-73.889444, 40.8058333)
"3383","NYCDEP - HUNT'S POINT WRRF","COSTER ST & RYAWA AVE","BRONX","NY",200,NA,"New York",1,c(-73.874722, 40.8013888)
"3384","NYCDEP - HUNT'S POINT WRRF","COSTER ST & RYAWA AVE","BRONX","NY",200,NA,"New York",1,c(-73.879444, 40.8383333)
"3385","NYCDEP - HUNT'S POINT WRRF","COSTER ST & RYAWA AVE","BRONX","NY",200,NA,NA,NA,c(-73.820277, 40.8869444)
"3386","NYCDEP - HUNT'S POINT WRRF","COSTER ST & RYAWA AVE","BRONX","NY",200,NA,NA,NA,c(-73.821666, 40.8688888)
"3387","NYCDEP - HUNT'S POINT WRRF","COSTER ST & RYAWA AVE","BRONX","NY",200,NA,"New York",1,c(-73.878611, 40.8388888)
"3388","NYCDEP - HUNT'S POINT WRRF","COSTER ST & RYAWA AVE","BRONX","NY",200,NA,NA,NA,c(-73.881388, 40.8188888)
"3389","NYCDEP - HUNT'S POINT WRRF","COSTER ST & RYAWA AVE","BRONX","NY",200,NA,NA,NA,c(-73.870833, 40.8144444)
"3390","NYCDEP - HUNT'S POINT WRRF","COSTER ST & RYAWA AVE","BRONX","NY",200,NA,NA,NA,c(-73.869722, 40.8133333)
"3391","NYCDEP - HUNT'S POINT WRRF","COSTER ST & RYAWA AVE","BRONX","NY",200,NA,NA,NA,c(-73.854166, 40.8044444)
"3392","NYCDEP - HUNT'S POINT WRRF","COSTER ST & RYAWA AVE","BRONX","NY",200,NA,"New York",1,c(-73.840833, 40.8241666)
"3393","NYCDEP - HUNT'S POINT WRRF","COSTER ST & RYAWA AVE","BRONX","NY",200,NA,NA,NA,c(-73.855277, 40.8144444)
"3394","NYCDEP - HUNT'S POINT WRRF","COSTER ST & RYAWA AVE","BRONX","NY",200,NA,"New York",1,c(-73.84, 40.8394444)
"3395","NYCDEP - HUNT'S POINT WRRF","COSTER ST & RYAWA AVE","BRONX","NY",200,NA,"New York",1,c(-73.839444, 40.8375)
"3396","NYCDEP - HUNT'S POINT WRRF","COSTER ST & RYAWA AVE","BRONX","NY",200,NA,"New York",1,c(-73.842222, 40.8283333)
"3397","NYCDEP - HUNT'S POINT WRRF","COSTER ST & RYAWA AVE","BRONX","NY",200,NA,NA,NA,c(-73.826388, 40.8113888)
"3398","NYCDEP - HUNT'S POINT WRRF","COSTER ST & RYAWA AVE","BRONX","NY",200,NA,NA,NA,c(-73.824444, 40.8119444)
"3399","NYCDEP - HUNT'S POINT WRRF","COSTER ST & RYAWA AVE","BRONX","NY",200,NA,NA,NA,c(-73.816944, 40.8136111)
"3400","NYCDEP - HUNT'S POINT WRRF","COSTER ST & RYAWA AVE","BRONX","NY",200,NA,NA,NA,c(-73.810833, 40.8127777)
"3401","NYCDEP - HUNT'S POINT WRRF","COSTER ST & RYAWA AVE","BRONX","NY",200,NA,NA,NA,c(-73.803888, 40.8086111)
"3402","NYCDEP - HUNT'S POINT WRRF","COSTER ST & RYAWA AVE","BRONX","NY",200,NA,NA,NA,c(-73.797777, 40.8155555)
"3403","NYCDEP - HUNT'S POINT WRRF","COSTER ST & RYAWA AVE","BRONX","NY",200,NA,NA,NA,c(-73.821388, 40.8805555)
"3404","NYCDEP - HUNT'S POINT WRRF","COSTER ST & RYAWA AVE","BRONX","NY",200,NA,NA,NA,c(-73.824166, 40.8877777)
"3405","NYCDEP - HUNT'S POINT WRRF","COSTER ST & RYAWA AVE","BRONX","NY",200,NA,"New York",1,c(-73.892222, 40.8063888)
"3406","NYCDEP - HUNT'S POINT WRRF","COSTER ST & RYAWA AVE","BRONX","NY",200,NA,NA,NA,c(-73.813888, 40.8241666)
"3407","NYCDEP - HUNT'S POINT WRRF","COSTER ST & RYAWA AVE","BRONX","NY",200,NA,NA,NA,c(-73.814444, 40.8433333)
"3408","NYCDEP - HUNT'S POINT WRRF","COSTER ST & RYAWA AVE","BRONX","NY",200,NA,NA,NA,c(-73.815277, 40.8486111)
"3409","NYCDEP - HUNT'S POINT WRRF","COSTER ST & RYAWA AVE","BRONX","NY",200,NA,NA,NA,c(-73.823611, 40.8738888)
"3410","NYCDEP - HUNT'S POINT WRRF","COSTER ST & RYAWA AVE","BRONX","NY",200,NA,"New York",1,c(-73.883333, 40.7958333)
"3411","NYCDEP - HUNT'S POINT WRRF","COSTER ST & RYAWA AVE","BRONX","NY",200,NA,"New York",1,c(-73.8425, 40.8277777)
"3412","NYCDEP - HUNT'S POINT WRRF","COSTER ST & RYAWA AVE","BRONX","NY",200,NA,"New York",1,c(-73.839722, 40.835)
"3413","NYCDEP - HUNT'S POINT WRRF","COSTER ST & RYAWA AVE","BRONX","NY",200,NA,NA,NA,c(-73.782604, 40.845723)
"3414","NYCDEP - HUNT'S POINT WRRF","COSTER ST & RYAWA AVE","BRONX","NY",200,NA,NA,NA,c(-73.801388, 40.8669444)
"3415","NYCDEP - HUNT'S POINT WRRF","COSTER ST & RYAWA AVE","BRONX","NY",200,NA,"New York",1,c(-73.869722, 40.8041666)
"3416","NYCDEP - NEWTOWN CREEK WRRF","301 GREENPOINT AVE ","BROOKLYN","NY",310,NA,NA,NA,c(-73.961111, 40.7294444)
"3417","NYCDEP - NEWTOWN CREEK WRRF","301 GREENPOINT AVE ","BROOKLYN","NY",310,NA,NA,NA,c(-73.961666, 40.7258333)
"3418","NYCDEP - NEWTOWN CREEK WRRF","301 GREENPOINT AVE ","BROOKLYN","NY",310,NA,NA,NA,c(-73.957222, 40.76)
"3419","NYCDEP - NEWTOWN CREEK WRRF","301 GREENPOINT AVE ","BROOKLYN","NY",310,NA,NA,NA,c(-73.961944, 40.7252777)
"3420","NYCDEP - NEWTOWN CREEK WRRF","301 GREENPOINT AVE ","BROOKLYN","NY",310,NA,NA,NA,c(-73.964444, 40.72)
"3421","NYCDEP - NEWTOWN CREEK WRRF","301 GREENPOINT AVE ","BROOKLYN","NY",310,NA,"New York",1,c(-73.966944, 40.7183333)
"3422","NYCDEP - NEWTOWN CREEK WRRF","301 GREENPOINT AVE ","BROOKLYN","NY",310,NA,NA,NA,c(-73.967222, 40.7163888)
"3423","NYCDEP - NEWTOWN CREEK WRRF","301 GREENPOINT AVE ","BROOKLYN","NY",310,NA,NA,NA,c(-73.964722, 40.7516666)
"3424","NYCDEP - NEWTOWN CREEK WRRF","301 GREENPOINT AVE ","BROOKLYN","NY",310,NA,NA,NA,c(-73.968333, 40.7127777)
"3425","NYCDEP - NEWTOWN CREEK WRRF","301 GREENPOINT AVE ","BROOKLYN","NY",310,NA,NA,NA,c(-73.969166, 40.7069444)
"3426","NYCDEP - NEWTOWN CREEK WRRF","301 GREENPOINT AVE ","BROOKLYN","NY",310,NA,NA,NA,c(-73.969166, 40.7061111)
"3427","NYCDEP - NEWTOWN CREEK WRRF","301 GREENPOINT AVE ","BROOKLYN","NY",310,NA,"New York",1,c(-73.931111, 40.7086111)
"3428","NYCDEP - NEWTOWN CREEK WRRF","301 GREENPOINT AVE ","BROOKLYN","NY",310,NA,NA,NA,c(-73.965833, 40.7502777)
"3429","NYCDEP - NEWTOWN CREEK WRRF","301 GREENPOINT AVE ","BROOKLYN","NY",310,NA,NA,NA,c(-73.967777, 40.7480555)
"3430","NYCDEP - NEWTOWN CREEK WRRF","301 GREENPOINT AVE ","BROOKLYN","NY",310,NA,NA,NA,c(-73.968333, 40.7472222)
"3431","NYCDEP - NEWTOWN CREEK WRRF","301 GREENPOINT AVE ","BROOKLYN","NY",310,NA,"New York",1,c(-73.923888, 40.7141666)
"3432","NYCDEP - NEWTOWN CREEK WRRF","301 GREENPOINT AVE ","BROOKLYN","NY",310,NA,"New York",1,c(-73.973611, 40.7186111)
"3433","NYCDEP - NEWTOWN CREEK WRRF","301 GREENPOINT AVE ","BROOKLYN","NY",310,NA,"New York",1,c(-73.952777, 40.7388888)
"3434","NYCDEP - NEWTOWN CREEK WRRF","301 GREENPOINT AVE ","BROOKLYN","NY",310,NA,"New York",1,c(-73.953055, 40.7388888)
"3435","NYCDEP - NEWTOWN CREEK WRRF","301 GREENPOINT AVE ","BROOKLYN","NY",310,NA,NA,NA,c(-73.961111, 40.7355555)
"3436","NYCDEP - NEWTOWN CREEK WRRF","301 GREENPOINT AVE ","BROOKLYN","NY",310,NA,NA,NA,c(-73.962222, 40.7338888)
"3437","NYCDEP - NEWTOWN CREEK WRRF","301 GREENPOINT AVE ","BROOKLYN","NY",310,NA,NA,NA,c(-73.962222, 40.7330555)
"3438","NYCDEP - NEWTOWN CREEK WRRF","301 GREENPOINT AVE ","BROOKLYN","NY",310,NA,NA,NA,c(-73.961944, 40.7325)
"3439","NYCDEP - NEWTOWN CREEK WRRF","301 GREENPOINT AVE ","BROOKLYN","NY",310,NA,"New York",1,c(-73.975, 40.715)
"3440","NYCDEP - NEWTOWN CREEK WRRF","301 GREENPOINT AVE ","BROOKLYN","NY",310,NA,NA,NA,c(-73.927222, 40.7266666)
"3441","NYCDEP - NEWTOWN CREEK WRRF","301 GREENPOINT AVE ","BROOKLYN","NY",310,NA,NA,NA,c(-73.951666, 40.7652777)
"3442","NYCDEP - NEWTOWN CREEK WRRF","301 GREENPOINT AVE ","BROOKLYN","NY",310,NA,NA,NA,c(-73.952222, 40.7644444)
"3443","NYCDEP - NEWTOWN CREEK WRRF","301 GREENPOINT AVE ","BROOKLYN","NY",310,NA,NA,NA,c(-73.9575, 40.7594444)
"3444","NYCDEP - NEWTOWN CREEK WRRF","301 GREENPOINT AVE ","BROOKLYN","NY",310,NA,NA,NA,c(-73.959722, 40.7569444)
"3445","NYCDEP - NEWTOWN CREEK WRRF","301 GREENPOINT AVE ","BROOKLYN","NY",310,NA,NA,NA,c(-73.961388, 40.755)
"3446","NYCDEP - NEWTOWN CREEK WRRF","301 GREENPOINT AVE ","BROOKLYN","NY",310,NA,NA,NA,c(-73.962222, 40.7547222)
"3447","NYCDEP - NEWTOWN CREEK WRRF","301 GREENPOINT AVE ","BROOKLYN","NY",310,NA,NA,NA,c(-73.964166, 40.7522222)
"3448","NYCDEP - NEWTOWN CREEK WRRF","301 GREENPOINT AVE ","BROOKLYN","NY",310,NA,NA,NA,c(-73.968333, 40.7472222)
"3449","NYCDEP - NEWTOWN CREEK WRRF","301 GREENPOINT AVE ","BROOKLYN","NY",310,NA,NA,NA,c(-73.969722, 40.7455555)
"3450","NYCDEP - NEWTOWN CREEK WRRF","301 GREENPOINT AVE ","BROOKLYN","NY",310,NA,NA,NA,c(-73.97, 40.7455555)
"3451","NYCDEP - NEWTOWN CREEK WRRF","301 GREENPOINT AVE ","BROOKLYN","NY",310,NA,NA,NA,c(-73.97, 40.7455555)
"3452","NYCDEP - NEWTOWN CREEK WRRF","301 GREENPOINT AVE ","BROOKLYN","NY",310,NA,NA,NA,c(-73.970277, 40.745)
"3453","NYCDEP - NEWTOWN CREEK WRRF","301 GREENPOINT AVE ","BROOKLYN","NY",310,NA,NA,NA,c(-73.970833, 40.7444444)
"3454","NYCDEP - NEWTOWN CREEK WRRF","301 GREENPOINT AVE ","BROOKLYN","NY",310,NA,NA,NA,c(-73.971666, 40.7425)
"3455","NYCDEP - NEWTOWN CREEK WRRF","301 GREENPOINT AVE ","BROOKLYN","NY",310,NA,NA,NA,c(-73.975555, 40.7136111)
"3456","NYCDEP - NEWTOWN CREEK WRRF","301 GREENPOINT AVE ","BROOKLYN","NY",310,NA,NA,NA,c(-73.972222, 40.74)
"3457","NYCDEP - NEWTOWN CREEK WRRF","301 GREENPOINT AVE ","BROOKLYN","NY",310,NA,NA,NA,c(-73.9725, 40.7394444)
"3458","NYCDEP - NEWTOWN CREEK WRRF","301 GREENPOINT AVE ","BROOKLYN","NY",310,NA,NA,NA,c(-73.9725, 40.7369444)
"3459","NYCDEP - NEWTOWN CREEK WRRF","301 GREENPOINT AVE ","BROOKLYN","NY",310,NA,NA,NA,c(-73.972777, 40.7363888)
"3460","NYCDEP - NEWTOWN CREEK WRRF","301 GREENPOINT AVE ","BROOKLYN","NY",310,NA,NA,NA,c(-73.974444, 40.7352777)
"3461","NYCDEP - NEWTOWN CREEK WRRF","301 GREENPOINT AVE ","BROOKLYN","NY",310,NA,NA,NA,c(-73.973611, 40.7330555)
"3462","NYCDEP - NEWTOWN CREEK WRRF","301 GREENPOINT AVE ","BROOKLYN","NY",310,NA,NA,NA,c(-73.973611, 40.7313888)
"3463","NYCDEP - NEWTOWN CREEK WRRF","301 GREENPOINT AVE ","BROOKLYN","NY",310,NA,NA,NA,c(-74.005555, 40.7030555)
"3464","NYCDEP - NEWTOWN CREEK WRRF","301 GREENPOINT AVE ","BROOKLYN","NY",310,NA,"New York",1,c(-73.971666, 40.7266666)
"3465","NYCDEP - NEWTOWN CREEK WRRF","301 GREENPOINT AVE ","BROOKLYN","NY",310,NA,"New York",1,c(-73.972222, 40.7244444)
"3466","NYCDEP - NEWTOWN CREEK WRRF","301 GREENPOINT AVE ","BROOKLYN","NY",310,NA,"New York",1,c(-73.9725, 40.7225)
"3467","NYCDEP - NEWTOWN CREEK WRRF","301 GREENPOINT AVE ","BROOKLYN","NY",310,NA,"New York",1,c(-73.972777, 40.7213888)
"3468","NYCDEP - NEWTOWN CREEK WRRF","301 GREENPOINT AVE ","BROOKLYN","NY",310,NA,"New York",1,c(-73.973611, 40.7188888)
"3469","NYCDEP - NEWTOWN CREEK WRRF","301 GREENPOINT AVE ","BROOKLYN","NY",310,NA,"New York",1,c(-73.974166, 40.7172222)
"3470","NYCDEP - NEWTOWN CREEK WRRF","301 GREENPOINT AVE ","BROOKLYN","NY",310,NA,"New York",1,c(-73.974444, 40.7158333)
"3471","NYCDEP - NEWTOWN CREEK WRRF","301 GREENPOINT AVE ","BROOKLYN","NY",310,NA,"New York",1,c(-73.976111, 40.7125)
"3472","NYCDEP - NEWTOWN CREEK WRRF","301 GREENPOINT AVE ","BROOKLYN","NY",310,NA,"New York",1,c(-73.978055, 40.7105555)
"3473","NYCDEP - NEWTOWN CREEK WRRF","301 GREENPOINT AVE ","BROOKLYN","NY",310,NA,"New York",1,c(-73.980555, 40.7102777)
"3474","NYCDEP - NEWTOWN CREEK WRRF","301 GREENPOINT AVE ","BROOKLYN","NY",310,NA,"New York",1,c(-73.983888, 40.7097222)
"3475","NYCDEP - NEWTOWN CREEK WRRF","301 GREENPOINT AVE ","BROOKLYN","NY",310,NA,"New York",1,c(-73.988333, 40.7091666)
"3476","NYCDEP - NEWTOWN CREEK WRRF","301 GREENPOINT AVE ","BROOKLYN","NY",310,NA,"New York",1,c(-73.993888, 40.7091666)
"3477","NYCDEP - NEWTOWN CREEK WRRF","301 GREENPOINT AVE ","BROOKLYN","NY",310,NA,"New York",1,c(-73.996388, 40.7088888)
"3478","NYCDEP - NEWTOWN CREEK WRRF","301 GREENPOINT AVE ","BROOKLYN","NY",310,NA,"New York",1,c(-73.998888, 40.7080555)
"3479","NYCDEP - NEWTOWN CREEK WRRF","301 GREENPOINT AVE ","BROOKLYN","NY",310,NA,NA,NA,c(-74.004444, 40.705)
"3480","NYCDEP - NEWTOWN CREEK WRRF","301 GREENPOINT AVE ","BROOKLYN","NY",310,NA,NA,NA,c(-74.009444, 40.7019444)
"3481","NYCDEP - NEWTOWN CREEK WRRF","301 GREENPOINT AVE ","BROOKLYN","NY",310,NA,NA,NA,c(-74.011111, 40.7013888)
"3482","NYCDEP - NEWTOWN CREEK WRRF","301 GREENPOINT AVE ","BROOKLYN","NY",310,NA,NA,NA,c(-74.019166, 40.7052777)
"3483","NYCDEP - NEWTOWN CREEK WRRF","301 GREENPOINT AVE ","BROOKLYN","NY",310,NA,NA,NA,c(-74.018333, 40.7097222)
"3484","NYCDEP - NEWTOWN CREEK WRRF","301 GREENPOINT AVE ","BROOKLYN","NY",310,NA,NA,NA,c(-74.0175, 40.715)
"3485","NYCDEP - NEWTOWN CREEK WRRF","301 GREENPOINT AVE ","BROOKLYN","NY",310,NA,NA,NA,c(-74.016666, 40.7186111)
"3486","NYCDEP - NEWTOWN CREEK WRRF","301 GREENPOINT AVE ","BROOKLYN","NY",310,NA,NA,NA,c(-74.012222, 40.7230555)
"3487","NYCDEP - NEWTOWN CREEK WRRF","301 GREENPOINT AVE ","BROOKLYN","NY",310,NA,NA,NA,c(-74.011944, 40.7247222)
"3488","NYCDEP - NEWTOWN CREEK WRRF","301 GREENPOINT AVE ","BROOKLYN","NY",310,NA,NA,NA,c(-74.014166, 40.73)
"3489","NYCDEP - NEWTOWN CREEK WRRF","301 GREENPOINT AVE ","BROOKLYN","NY",310,NA,NA,NA,c(-73.920277, 40.7236111)
"3490","NYCDEP - NEWTOWN CREEK WRRF","301 GREENPOINT AVE ","BROOKLYN","NY",310,NA,NA,NA,c(-73.999444, 40.7077777)
"3491","NYCDEP - NEWTOWN CREEK WRRF","301 GREENPOINT AVE ","BROOKLYN","NY",310,NA,NA,NA,c(-74.011388, 40.7272222)
"3492","NYCDEP - NEWTOWN CREEK WRRF","301 GREENPOINT AVE ","BROOKLYN","NY",310,NA,NA,NA,c(-74.010833, 40.7333333)
"3493","NYCDEP - NEWTOWN CREEK WRRF","301 GREENPOINT AVE ","BROOKLYN","NY",310,NA,NA,NA,c(-73.959722, 40.736944)
"3494","NYCDEP - NEWTOWN CREEK WRRF","301 GREENPOINT AVE ","BROOKLYN","NY",310,NA,NA,NA,c(-73.974166, 40.7344444)
"3495","NYCDEP - NEWTOWN CREEK WRRF","301 GREENPOINT AVE ","BROOKLYN","NY",310,NA,NA,NA,c(-73.959722, 40.736944)
"3496","NYCDEP - NEWTOWN CREEK WRRF","301 GREENPOINT AVE ","BROOKLYN","NY",310,NA,NA,NA,c(-73.974192, 40.734297)
"3497","NYCDEP - 26TH WARD WPCP","122-66 FLATLANDS AVENUE","BROOKLYN","NY",85,NA,"New York",1,c(-73.876944, 40.650278)
"3498","NYCDEP - 26TH WARD WPCP","122-66 FLATLANDS AVENUE","BROOKLYN","NY",85,NA,NA,NA,c(-73.890555, 40.6491666)
"3499","NYCDEP - 26TH WARD WPCP","122-66 FLATLANDS AVENUE","BROOKLYN","NY",85,NA,"New York",1,c(-73.879722, 40.6544444)
"3500","NYCDEP - 26TH WARD WPCP","122-66 FLATLANDS AVENUE","BROOKLYN","NY",85,NA,"New York",1,c(-73.862222, 40.6577777)
"3501","NYCDEP - ROCKAWAY WRRF","106 BEACH CHANNEL DRIVE","FAR ROCKAWAY","NY",45,NA,"New York",1,c(-73.828903, 40.58475)
"3502","NYCDEP - ROCKAWAY WRRF","106 BEACH CHANNEL DRIVE","FAR ROCKAWAY","NY",45,NA,NA,NA,c(-73.821109, 40.586967)
"3503","NYCDEP - ROCKAWAY WRRF","106 BEACH CHANNEL DRIVE","FAR ROCKAWAY","NY",45,NA,"New York",1,c(-73.818172, 40.588526)
"3504","NYCDEP - ROCKAWAY WRRF","106 BEACH CHANNEL DRIVE","FAR ROCKAWAY","NY",45,NA,"New York",1,c(-73.816636, 40.589406)
"3505","NYCDEP - ROCKAWAY WRRF","106 BEACH CHANNEL DRIVE","FAR ROCKAWAY","NY",45,NA,NA,NA,c(-73.770034, 40.607128)
"3506","NYCDEP - ROCKAWAY WRRF","106 BEACH CHANNEL DRIVE","FAR ROCKAWAY","NY",45,NA,"New York",1,c(-73.738578, 40.597375)
"3507","NYCDEP - ROCKAWAY WRRF","106 BEACH CHANNEL DRIVE","FAR ROCKAWAY","NY",45,NA,"New York",1,c(-73.828716, 40.584802)
"3508","NYCDEP - ROCKAWAY WRRF","106 BEACH CHANNEL DRIVE","FAR ROCKAWAY","NY",45,NA,"New York",1,c(-73.755786, 40.610375)
"3509","NYCDEP - ROCKAWAY WRRF","106 BEACH CHANNEL DRIVE","FAR ROCKAWAY","NY",45,NA,NA,NA,c(-73.821177, 40.586936)
"3510","NYCDEP - ROCKAWAY WRRF","106 BEACH CHANNEL DRIVE","FAR ROCKAWAY","NY",45,NA,"New York",1,c(-73.828536, 40.584879)
"3511","NYCDEP - TALLMAN ISLAND WPCP","127-01 POWELLS COVE BLVD","COLLEGE POINT","NY",80,NA,"New York",1,c(-73.828333, 40.7936111)
"3512","NYCDEP - TALLMAN ISLAND WPCP","127-01 POWELLS COVE BLVD","COLLEGE POINT","NY",80,NA,"New York",1,c(-73.8125, 40.7977777)
"3513","NYCDEP - TALLMAN ISLAND WPCP","127-01 POWELLS COVE BLVD","COLLEGE POINT","NY",80,NA,NA,NA,c(-73.807222, 40.7961111)
"3514","NYCDEP - TALLMAN ISLAND WPCP","127-01 POWELLS COVE BLVD","COLLEGE POINT","NY",80,NA,NA,NA,c(-73.770555, 40.7819444)
"3515","NYCDEP - TALLMAN ISLAND WPCP","127-01 POWELLS COVE BLVD","COLLEGE POINT","NY",80,NA,"New York",1,c(-73.751944, 40.7625)
"3516","NYCDEP - TALLMAN ISLAND WPCP","127-01 POWELLS COVE BLVD","COLLEGE POINT","NY",80,NA,"New York",1,c(-73.751388, 40.7619444)
"3517","NYCDEP - TALLMAN ISLAND WPCP","127-01 POWELLS COVE BLVD","COLLEGE POINT","NY",80,NA,NA,NA,c(-73.751594, 40.767458)
"3518","NYCDEP - TALLMAN ISLAND WPCP","127-01 POWELLS COVE BLVD","COLLEGE POINT","NY",80,NA,NA,NA,c(-73.838611, 40.7555555)
"3519","NYCDEP - TALLMAN ISLAND WPCP","127-01 POWELLS COVE BLVD","COLLEGE POINT","NY",80,NA,"New York",1,c(-73.839166, 40.7658333)
"3520","NYCDEP - TALLMAN ISLAND WPCP","127-01 POWELLS COVE BLVD","COLLEGE POINT","NY",80,NA,"New York",1,c(-73.850277, 40.7716666)
"3521","NYCDEP - TALLMAN ISLAND WPCP","127-01 POWELLS COVE BLVD","COLLEGE POINT","NY",80,NA,"New York",1,c(-73.850277, 40.7786111)
"3522","NYCDEP - TALLMAN ISLAND WPCP","127-01 POWELLS COVE BLVD","COLLEGE POINT","NY",80,NA,"New York",1,c(-73.850555, 40.7802777)
"3523","NYCDEP - TALLMAN ISLAND WPCP","127-01 POWELLS COVE BLVD","COLLEGE POINT","NY",80,NA,"New York",1,c(-73.850555, 40.7816666)
"3524","NYCDEP - TALLMAN ISLAND WPCP","127-01 POWELLS COVE BLVD","COLLEGE POINT","NY",80,NA,"New York",1,c(-73.858055, 40.7836111)
"3525","NYCDEP - TALLMAN ISLAND WPCP","127-01 POWELLS COVE BLVD","COLLEGE POINT","NY",80,NA,"New York",1,c(-73.859722, 40.7855555)
"3526","NYCDEP - TALLMAN ISLAND WPCP","127-01 POWELLS COVE BLVD","COLLEGE POINT","NY",80,NA,"New York",1,c(-73.854464, 40.78911)
"3527","NYCDEP - TALLMAN ISLAND WPCP","127-01 POWELLS COVE BLVD","COLLEGE POINT","NY",80,NA,"New York",1,c(-73.84884, 40.794488)
"3528","NYCDEP - TALLMAN ISLAND WPCP","127-01 POWELLS COVE BLVD","COLLEGE POINT","NY",80,NA,NA,NA,c(-73.838611, 40.7561111)
"3529","NYCDEP - TALLMAN ISLAND WPCP","127-01 POWELLS COVE BLVD","COLLEGE POINT","NY",80,NA,NA,NA,c(-73.793611, 40.7888888)
"3530","NYCDEP - TALLMAN ISLAND WPCP","127-01 POWELLS COVE BLVD","COLLEGE POINT","NY",80,NA,"New York",1,c(-73.744619, 40.756631)
"3531","NYCDEP - TALLMAN ISLAND WPCP","127-01 POWELLS COVE BLVD","COLLEGE POINT","NY",80,NA,"New York",1,c(-73.752777, 40.7641666)
"3532","NYCDEP - TALLMAN ISLAND WPCP","127-01 POWELLS COVE BLVD","COLLEGE POINT","NY",80,NA,NA,NA,c(-73.806389, 40.796389)
"3533","NYCDEP - NORTH RIVER WPCP","725 W. 135 ST","MANHATTAN (SUBDIVISION)","NY",170,NA,"New York",1,c(-73.951111, 40.8325)
"3534","NYCDEP - NORTH RIVER WPCP","725 W. 135 ST","MANHATTAN (SUBDIVISION)","NY",170,NA,"New York",1,c(-73.949166, 40.8366666)
"3535","NYCDEP - NORTH RIVER WPCP","725 W. 135 ST","MANHATTAN (SUBDIVISION)","NY",170,NA,"New York",1,c(-73.946388, 40.8458333)
"3536","NYCDEP - NORTH RIVER WPCP","725 W. 135 ST","MANHATTAN (SUBDIVISION)","NY",170,NA,NA,NA,c(-73.939444, 40.8577777)
"3537","NYCDEP - NORTH RIVER WPCP","725 W. 135 ST","MANHATTAN (SUBDIVISION)","NY",170,NA,"New York",1,c(-73.932222, 40.8691666)
"3538","NYCDEP - NORTH RIVER WPCP","725 W. 135 ST","MANHATTAN (SUBDIVISION)","NY",170,NA,"New York",1,c(-73.919166, 40.8747222)
"3539","NYCDEP - NORTH RIVER WPCP","725 W. 135 ST","MANHATTAN (SUBDIVISION)","NY",170,NA,"New York",1,c(-73.911388, 40.8688888)
"3540","NYCDEP - NORTH RIVER WPCP","725 W. 135 ST","MANHATTAN (SUBDIVISION)","NY",170,NA,"New York",1,c(-73.911666, 40.8680555)
"3541","NYCDEP - NORTH RIVER WPCP","725 W. 135 ST","MANHATTAN (SUBDIVISION)","NY",170,NA,"New York",1,c(-73.913333, 40.8655555)
"3542","NYCDEP - NORTH RIVER WPCP","725 W. 135 ST","MANHATTAN (SUBDIVISION)","NY",170,NA,"New York",1,c(-73.915, 40.8644444)
"3543","NYCDEP - NORTH RIVER WPCP","725 W. 135 ST","MANHATTAN (SUBDIVISION)","NY",170,NA,"New York",1,c(-73.915555, 40.8630555)
"3544","NYCDEP - NORTH RIVER WPCP","725 W. 135 ST","MANHATTAN (SUBDIVISION)","NY",170,NA,"New York",1,c(-73.916111, 40.8625)
"3545","NYCDEP - NORTH RIVER WPCP","725 W. 135 ST","MANHATTAN (SUBDIVISION)","NY",170,NA,"New York",1,c(-73.916944, 40.8619444)
"3546","NYCDEP - NORTH RIVER WPCP","725 W. 135 ST","MANHATTAN (SUBDIVISION)","NY",170,NA,"New York",1,c(-73.918055, 40.8608333)
"3547","NYCDEP - NORTH RIVER WPCP","725 W. 135 ST","MANHATTAN (SUBDIVISION)","NY",170,NA,"New York",1,c(-73.918888, 40.8594444)
"3548","NYCDEP - NORTH RIVER WPCP","725 W. 135 ST","MANHATTAN (SUBDIVISION)","NY",170,NA,"New York",1,c(-73.921666, 40.8572222)
"3549","NYCDEP - NORTH RIVER WPCP","725 W. 135 ST","MANHATTAN (SUBDIVISION)","NY",170,NA,NA,NA,c(-74.010555, 40.7363888)
"3550","NYCDEP - NORTH RIVER WPCP","725 W. 135 ST","MANHATTAN (SUBDIVISION)","NY",170,NA,NA,NA,c(-74.011111, 40.7383333)
"3551","NYCDEP - NORTH RIVER WPCP","725 W. 135 ST","MANHATTAN (SUBDIVISION)","NY",170,NA,NA,NA,c(-74.011388, 40.7391666)
"3552","NYCDEP - NORTH RIVER WPCP","725 W. 135 ST","MANHATTAN (SUBDIVISION)","NY",170,NA,NA,NA,c(-74.008888, 40.7444444)
"3553","NYCDEP - NORTH RIVER WPCP","725 W. 135 ST","MANHATTAN (SUBDIVISION)","NY",170,NA,NA,NA,c(-74.011388, 40.7458333)
"3554","NYCDEP - NORTH RIVER WPCP","725 W. 135 ST","MANHATTAN (SUBDIVISION)","NY",170,NA,NA,NA,c(-74.011388, 40.7477777)
"3555","NYCDEP - NORTH RIVER WPCP","725 W. 135 ST","MANHATTAN (SUBDIVISION)","NY",170,NA,NA,NA,c(-74.010833, 40.7508333)
"3556","NYCDEP - NORTH RIVER WPCP","725 W. 135 ST","MANHATTAN (SUBDIVISION)","NY",170,NA,NA,NA,c(-74.009444, 40.7525)
"3557","NYCDEP - NORTH RIVER WPCP","725 W. 135 ST","MANHATTAN (SUBDIVISION)","NY",170,NA,NA,NA,c(-74.007222, 40.7547222)
"3558","NYCDEP - NORTH RIVER WPCP","725 W. 135 ST","MANHATTAN (SUBDIVISION)","NY",170,NA,NA,NA,c(-74.006666, 40.7594444)
"3559","NYCDEP - NORTH RIVER WPCP","725 W. 135 ST","MANHATTAN (SUBDIVISION)","NY",170,NA,NA,NA,c(-74.002777, 40.7611111)
"3560","NYCDEP - NORTH RIVER WPCP","725 W. 135 ST","MANHATTAN (SUBDIVISION)","NY",170,NA,NA,NA,c(-74.003611, 40.7636111)
"3561","NYCDEP - NORTH RIVER WPCP","725 W. 135 ST","MANHATTAN (SUBDIVISION)","NY",170,NA,NA,NA,c(-74.000833, 40.7638888)
"3562","NYCDEP - NORTH RIVER WPCP","725 W. 135 ST","MANHATTAN (SUBDIVISION)","NY",170,NA,NA,NA,c(-73.999444, 40.7658333)
"3563","NYCDEP - NORTH RIVER WPCP","725 W. 135 ST","MANHATTAN (SUBDIVISION)","NY",170,NA,NA,NA,c(-73.998055, 40.7661111)
"3564","NYCDEP - NORTH RIVER WPCP","725 W. 135 ST","MANHATTAN (SUBDIVISION)","NY",170,NA,NA,NA,c(-73.997777, 40.7686111)
"3565","NYCDEP - NORTH RIVER WPCP","725 W. 135 ST","MANHATTAN (SUBDIVISION)","NY",170,NA,NA,NA,c(-73.995277, 40.7711111)
"3566","NYCDEP - NORTH RIVER WPCP","725 W. 135 ST","MANHATTAN (SUBDIVISION)","NY",170,NA,NA,NA,c(-73.996111, 40.7738888)
"3567","NYCDEP - NORTH RIVER WPCP","725 W. 135 ST","MANHATTAN (SUBDIVISION)","NY",170,NA,NA,NA,c(-73.988055, 40.7816666)
"3568","NYCDEP - NORTH RIVER WPCP","725 W. 135 ST","MANHATTAN (SUBDIVISION)","NY",170,NA,NA,NA,c(-73.984722, 40.7866666)
"3569","NYCDEP - NORTH RIVER WPCP","725 W. 135 ST","MANHATTAN (SUBDIVISION)","NY",170,NA,NA,NA,c(-73.979722, 40.7936111)
"3570","NYCDEP - NORTH RIVER WPCP","725 W. 135 ST","MANHATTAN (SUBDIVISION)","NY",170,NA,NA,NA,c(-73.977222, 40.7969444)
"3571","NYCDEP - NORTH RIVER WPCP","725 W. 135 ST","MANHATTAN (SUBDIVISION)","NY",170,NA,NA,NA,c(-73.971944, 40.8047222)
"3572","NYCDEP - NORTH RIVER WPCP","725 W. 135 ST","MANHATTAN (SUBDIVISION)","NY",170,NA,NA,NA,c(-73.968611, 40.8091666)
"3573","NYCDEP - NORTH RIVER WPCP","725 W. 135 ST","MANHATTAN (SUBDIVISION)","NY",170,NA,NA,NA,c(-73.961944, 40.8180555)
"3574","NYCDEP - NORTH RIVER WPCP","725 W. 135 ST","MANHATTAN (SUBDIVISION)","NY",170,NA,"New York",1,c(-73.959444, 40.8236111)
"3575","NYCDEP - NORTH RIVER WPCP","725 W. 135 ST","MANHATTAN (SUBDIVISION)","NY",170,NA,"New York",1,c(-73.921111, 40.86)
"3576","NYCDEP - NORTH RIVER WPCP","725 W. 135 ST","MANHATTAN (SUBDIVISION)","NY",170,NA,NA,NA,c(-73.990833, 40.7775)
"3577","NYCDEP - NORTH RIVER WPCP","725 W. 135 ST","MANHATTAN (SUBDIVISION)","NY",170,NA,NA,NA,c(-73.998611, 40.765)
"3578","NYCDEP - NORTH RIVER WPCP","725 W. 135 ST","MANHATTAN (SUBDIVISION)","NY",170,NA,NA,NA,c(-74.001944, 40.7622222)
"3579","NYCDEP - NORTH RIVER WPCP","725 W. 135 ST","MANHATTAN (SUBDIVISION)","NY",170,NA,NA,NA,c(-74.009166, 40.7425)
"3580","NYCDEP - NORTH RIVER WPCP","725 W. 135 ST","MANHATTAN (SUBDIVISION)","NY",170,NA,NA,NA,c(-74.011111, 40.7408333)
"3581","NYCDEP - NORTH RIVER WPCP","725 W. 135 ST","MANHATTAN (SUBDIVISION)","NY",170,NA,NA,NA,c(-73.9975, 40.7663888)
"3582","NYCDEP - NORTH RIVER WPCP","725 W. 135 ST","MANHATTAN (SUBDIVISION)","NY",170,NA,NA,NA,c(-74.005833, 40.7566666)
"3583","NYCDEP - NORTH RIVER WPCP","725 W. 135 ST","MANHATTAN (SUBDIVISION)","NY",170,NA,"New York",1,c(-73.915555, 40.8630555)
"3584","NYCDEP - NORTH RIVER WPCP","725 W. 135 ST","MANHATTAN (SUBDIVISION)","NY",170,NA,"New York",1,c(-73.958611, 40.8258333)
"3585","POUGHKEEPSIE (C) WPCP","173 KITTREDGE PLACE","POUGHKEEPSIE","NY",10,NA,"New York",1,c(-73.941666, 41.6983333)
"3586","POUGHKEEPSIE (C) WPCP","173 KITTREDGE PLACE","POUGHKEEPSIE","NY",10,NA,"New York",1,c(-73.941388, 41.6972222)
"3587","POUGHKEEPSIE (C) WPCP","173 KITTREDGE PLACE","POUGHKEEPSIE","NY",10,NA,"New York",1,c(-73.941388, 41.7094444)
"3588","POUGHKEEPSIE (C) WPCP","173 KITTREDGE PLACE","POUGHKEEPSIE","NY",10,NA,"New York",1,c(-73.941388, 41.6972222)
"3589","POUGHKEEPSIE (C) WPCP","173 KITTREDGE PLACE","POUGHKEEPSIE","NY",10,NA,"New York",1,c(-73.941388, 41.7094444)
"3590","NORTH TONAWANDA (C) WWTP","830 RIVER ROAD","NORTH TONAWANDA","NY",13,NA,"New York",1,c(-78.88333, 43.03278)
"3591","NORTH TONAWANDA (C) WWTP","830 RIVER ROAD","NORTH TONAWANDA","NY",13,NA,"New York",1,c(-78.88111, 43.02944)
"3592","NORTH TONAWANDA (C) WWTP","830 RIVER ROAD","NORTH TONAWANDA","NY",13,NA,"New York",1,c(-75.88222, 43.02472)
"3593","NORTH TONAWANDA (C) WWTP","830 RIVER ROAD","NORTH TONAWANDA","NY",13,NA,"New York",1,c(-75.89306, 43.04806)
"3594","NORTH TONAWANDA (C) WWTP","830 RIVER ROAD","NORTH TONAWANDA","NY",13,NA,NA,NA,c(-78.89083, 43.04417)
"3595","NORTH TONAWANDA (C) WWTP","830 RIVER ROAD","NORTH TONAWANDA","NY",13,NA,NA,NA,c(-78.890277, 43.0425)
"3596","NEWBURGH (C) WWTP","2 RENWICK STREET","NEWBURGH","NY",9,NA,"New York",1,c(-74.004833, 41.4949166)
"3597","NEWBURGH (C) WWTP","2 RENWICK STREET","NEWBURGH","NY",9,NA,"New York",1,c(-74.009444, 41.4883333)
"3598","NEWBURGH (C) WWTP","2 RENWICK STREET","NEWBURGH","NY",9,NA,"New York",1,c(-74.006, 41.4936666)
"3599","NEWBURGH (C) WWTP","2 RENWICK STREET","NEWBURGH","NY",9,NA,"New York",1,c(-74.005777, 41.4956666)
"3600","NEWBURGH (C) WWTP","2 RENWICK STREET","NEWBURGH","NY",9,NA,"New York",1,c(-74.005333, 41.4979722)
"3601","NEWBURGH (C) WWTP","2 RENWICK STREET","NEWBURGH","NY",9,NA,"New York",1,c(-74.004888, 41.50175)
"3602","NEWBURGH (C) WWTP","2 RENWICK STREET","NEWBURGH","NY",9,NA,"New York",1,c(-74.005055, 41.5030277)
"3603","NEWBURGH (C) WWTP","2 RENWICK STREET","NEWBURGH","NY",9,NA,"New York",1,c(-74.004527, 41.5045555)
"3604","NEWBURGH (C) WWTP","2 RENWICK STREET","NEWBURGH","NY",9,NA,"New York",1,c(-74.004722, 41.5054444)
"3605","NEWBURGH (C) WWTP","2 RENWICK STREET","NEWBURGH","NY",9,NA,"New York",1,c(-74.004861, 41.5064444)
"3606","NEWBURGH (C) WWTP","2 RENWICK STREET","NEWBURGH","NY",9,NA,"New York",1,c(-74.005333, 41.5089722)
"3607","NEWBURGH (C) WWTP","2 RENWICK STREET","NEWBURGH","NY",9,NA,"New York",1,c(-74.006138, 41.5139444)
"3608","NEWBURGH (C) WWTP","2 RENWICK STREET","NEWBURGH","NY",9,NA,"New York",1,c(-74.00625, 41.5167222)
"3609","NIAGARA FALLS (C) WWTP","1200 BUFFALO AVENUE","NIAGARA FALLS","NY",48,NA,"New York",1,c(-79.066666, 43.09)
"3610","NIAGARA FALLS (C) WWTP","1200 BUFFALO AVENUE","NIAGARA FALLS","NY",48,NA,"New York",1,c(-79.06333, 43.09389)
"3611","NIAGARA FALLS (C) WWTP","1200 BUFFALO AVENUE","NIAGARA FALLS","NY",48,NA,"New York",1,c(-79.060555, 43.0994444)
"3612","NIAGARA FALLS (C) WWTP","1200 BUFFALO AVENUE","NIAGARA FALLS","NY",48,NA,"New York",1,c(-79.056944, 43.1072222)
"3613","NIAGARA FALLS (C) WWTP","1200 BUFFALO AVENUE","NIAGARA FALLS","NY",48,NA,NA,NA,c(-79.059166, 43.1136111)
"3614","NIAGARA FALLS (C) WWTP","1200 BUFFALO AVENUE","NIAGARA FALLS","NY",48,NA,NA,NA,c(-79.059722, 43.1255555)
"3615","NIAGARA FALLS (C) WWTP","1200 BUFFALO AVENUE","NIAGARA FALLS","NY",48,NA,NA,NA,c(-79.050833, 43.1322222)
"3616","YONKERS JOINT WWTP","1 FERNBROOK ST, LUDLOW DOCK SOUTH","YONKERS","NY",120,NA,"New York",1,c(-73.911111, 40.915)
"3617","YONKERS JOINT WWTP","1 FERNBROOK ST, LUDLOW DOCK SOUTH","YONKERS","NY",120,NA,"New York",1,c(-73.906666, 40.9375)
"3618","YONKERS JOINT WWTP","1 FERNBROOK ST, LUDLOW DOCK SOUTH","YONKERS","NY",120,NA,"New York",1,c(-73.898888, 40.9455555)
"3619","YONKERS JOINT WWTP","1 FERNBROOK ST, LUDLOW DOCK SOUTH","YONKERS","NY",120,NA,"New York",1,c(-73.900833, 40.9405555)
"3620","YONKERS JOINT WWTP","1 FERNBROOK ST, LUDLOW DOCK SOUTH","YONKERS","NY",120,NA,NA,NA,c(-73.896388, 40.9569444)
"3621","YONKERS JOINT WWTP","1 FERNBROOK ST, LUDLOW DOCK SOUTH","YONKERS","NY",120,NA,NA,NA,c(-73.893055, 40.96)
"3622","YONKERS JOINT WWTP","1 FERNBROOK ST, LUDLOW DOCK SOUTH","YONKERS","NY",120,NA,NA,NA,c(-73.892222, 40.9630555)
"3623","YONKERS JOINT WWTP","1 FERNBROOK ST, LUDLOW DOCK SOUTH","YONKERS","NY",120,NA,NA,NA,c(-73.888611, 40.9877777)
"3624","YONKERS JOINT WWTP","1 FERNBROOK ST, LUDLOW DOCK SOUTH","YONKERS","NY",120,NA,NA,NA,c(-73.905277, 40.9236111)
"3625","YONKERS JOINT WWTP","1 FERNBROOK ST, LUDLOW DOCK SOUTH","YONKERS","NY",120,NA,"New York",1,c(-73.903611, 40.9283333)
"3626","YONKERS JOINT WWTP","1 FERNBROOK ST, LUDLOW DOCK SOUTH","YONKERS","NY",120,NA,NA,NA,c(-73.9075, 40.9233333)
"3627","YONKERS JOINT WWTP","1 FERNBROOK ST, LUDLOW DOCK SOUTH","YONKERS","NY",120,NA,"New York",1,c(-73.903055, 40.9375)
"3628","YONKERS JOINT WWTP","1 FERNBROOK ST, LUDLOW DOCK SOUTH","YONKERS","NY",120,NA,NA,NA,c(-73.9075, 40.9227777)
"3629","LOCKPORT (C) WWTP","611 WEST JACKSON STREET","LOCKPORT","NY",22,NA,"New York",1,c(-78.690833, 43.1816666)
"3630","LOCKPORT (C) WWTP","611 WEST JACKSON STREET","LOCKPORT","NY",22,NA,"New York",1,c(-78.692777, 43.1708333)
"3631","LOCKPORT (C) WWTP","611 WEST JACKSON STREET","LOCKPORT","NY",22,NA,"New York",1,c(-78.694722, 43.17)
"3632","LOCKPORT (C) WWTP","611 WEST JACKSON STREET","LOCKPORT","NY",22,NA,"New York",1,c(-78.694722, 43.1697222)
"3633","LOCKPORT (C) WWTP","611 WEST JACKSON STREET","LOCKPORT","NY",22,NA,"New York",1,c(-78.696111, 43.1688888)
"3634","LOCKPORT (C) WWTP","611 WEST JACKSON STREET","LOCKPORT","NY",22,NA,"New York",1,c(-78.70194, 43.16417)
"3635","LOCKPORT (C) WWTP","611 WEST JACKSON STREET","LOCKPORT","NY",22,NA,"New York",1,c(-78.7075, 43.1583333)
"3636","LOCKPORT (C) WWTP","611 WEST JACKSON STREET","LOCKPORT","NY",22,NA,"New York",1,c(-78.68028, 43.18056)
"3637","LOCKPORT (C) WWTP","611 WEST JACKSON STREET","LOCKPORT","NY",22,NA,"New York",1,c(-78.685277, 43.1769444)
"3638","LOCKPORT (C) WWTP","611 WEST JACKSON STREET","LOCKPORT","NY",22,NA,"New York",1,c(-78.686666, 43.1758333)
"3639","LOCKPORT (C) WWTP","611 WEST JACKSON STREET","LOCKPORT","NY",22,NA,"New York",1,c(-78.686944, 43.1755555)
"3640","LOCKPORT (C) WWTP","611 WEST JACKSON STREET","LOCKPORT","NY",22,NA,"New York",1,c(-78.68056, 43.17167)
"3641","LOCKPORT (C) WWTP","611 WEST JACKSON STREET","LOCKPORT","NY",22,NA,"New York",1,c(-78.687222, 43.1752777)
"3642","NYCDEP - RED HOOK WRRF","127TH ST & EAST RIVER","BROOKLYN","NY",60,NA,"New York",1,c(-73.981111, 40.7055555)
"3643","NYCDEP - RED HOOK WRRF","127TH ST & EAST RIVER","BROOKLYN","NY",60,NA,"New York",1,c(-73.981388, 40.7058333)
"3644","NYCDEP - RED HOOK WRRF","127TH ST & EAST RIVER","BROOKLYN","NY",60,NA,"New York",1,c(-73.98028, 40.70639)
"3645","NYCDEP - RED HOOK WRRF","127TH ST & EAST RIVER","BROOKLYN","NY",60,NA,"New York",1,c(-73.9825, 40.7055555)
"3646","NYCDEP - RED HOOK WRRF","127TH ST & EAST RIVER","BROOKLYN","NY",60,NA,"New York",1,c(-73.9875, 40.7052777)
"3647","NYCDEP - RED HOOK WRRF","127TH ST & EAST RIVER","BROOKLYN","NY",60,NA,NA,NA,c(-73.988333, 40.7044444)
"3648","NYCDEP - RED HOOK WRRF","127TH ST & EAST RIVER","BROOKLYN","NY",60,NA,NA,NA,c(-73.989722, 40.705)
"3649","NYCDEP - RED HOOK WRRF","127TH ST & EAST RIVER","BROOKLYN","NY",60,NA,NA,NA,c(-73.990555, 40.7044444)
"3650","NYCDEP - RED HOOK WRRF","127TH ST & EAST RIVER","BROOKLYN","NY",60,NA,NA,NA,c(-74.013888, 40.7)
"3651","NYCDEP - RED HOOK WRRF","127TH ST & EAST RIVER","BROOKLYN","NY",60,NA,NA,NA,c(-74.000833, 40.6961111)
"3652","NYCDEP - RED HOOK WRRF","127TH ST & EAST RIVER","BROOKLYN","NY",60,NA,NA,NA,c(-73.995833, 40.7030555)
"3653","NYCDEP - RED HOOK WRRF","127TH ST & EAST RIVER","BROOKLYN","NY",60,NA,NA,NA,c(-74.001111, 40.6941666)
"3654","NYCDEP - RED HOOK WRRF","127TH ST & EAST RIVER","BROOKLYN","NY",60,NA,NA,NA,c(-74.000833, 40.6913888)
"3655","NYCDEP - RED HOOK WRRF","127TH ST & EAST RIVER","BROOKLYN","NY",60,NA,NA,NA,c(-74.000833, 40.6905555)
"3656","NYCDEP - RED HOOK WRRF","127TH ST & EAST RIVER","BROOKLYN","NY",60,NA,NA,NA,c(-74.004166, 40.6888888)
"3657","NYCDEP - RED HOOK WRRF","127TH ST & EAST RIVER","BROOKLYN","NY",60,NA,NA,NA,c(-74.008055, 40.6863888)
"3658","NYCDEP - RED HOOK WRRF","127TH ST & EAST RIVER","BROOKLYN","NY",60,NA,NA,NA,c(-74.005555, 40.6866666)
"3659","NYCDEP - RED HOOK WRRF","127TH ST & EAST RIVER","BROOKLYN","NY",60,NA,NA,NA,c(-74.0075, 40.6869444)
"3660","NYCDEP - RED HOOK WRRF","127TH ST & EAST RIVER","BROOKLYN","NY",60,NA,NA,NA,c(-74.009722, 40.6833333)
"3661","NYCDEP - RED HOOK WRRF","127TH ST & EAST RIVER","BROOKLYN","NY",60,NA,NA,NA,c(-74.010555, 40.6825)
"3662","NYCDEP - RED HOOK WRRF","127TH ST & EAST RIVER","BROOKLYN","NY",60,NA,NA,NA,c(-74.011944, 40.6813888)
"3663","NYCDEP - RED HOOK WRRF","127TH ST & EAST RIVER","BROOKLYN","NY",60,NA,NA,NA,c(-74.013055, 40.6805555)
"3664","NYCDEP - RED HOOK WRRF","127TH ST & EAST RIVER","BROOKLYN","NY",60,NA,NA,NA,c(-74.017777, 40.6805555)
"3665","NYCDEP - RED HOOK WRRF","127TH ST & EAST RIVER","BROOKLYN","NY",60,NA,NA,NA,c(-74.017222, 40.6736111)
"3666","NYCDEP - RED HOOK WRRF","127TH ST & EAST RIVER","BROOKLYN","NY",60,NA,NA,NA,c(-74.007222, 40.6686111)
"3667","NYCDEP - RED HOOK WRRF","127TH ST & EAST RIVER","BROOKLYN","NY",60,NA,NA,NA,c(-74.006944, 40.6686111)
"3668","NYCDEP - RED HOOK WRRF","127TH ST & EAST RIVER","BROOKLYN","NY",60,NA,NA,NA,c(-73.998888, 40.6713888)
"3669","NYCDEP - RED HOOK WRRF","127TH ST & EAST RIVER","BROOKLYN","NY",60,NA,NA,NA,c(-73.99472, 40.67361)
"3670","NYCDEP - RED HOOK WRRF","127TH ST & EAST RIVER","BROOKLYN","NY",60,NA,"New York",1,c(-73.986944, 40.6813888)
"3671","NYCDEP - RED HOOK WRRF","127TH ST & EAST RIVER","BROOKLYN","NY",60,NA,"New York",1,c(-73.986944, 40.6816666)
"3672","NYCDEP - RED HOOK WRRF","127TH ST & EAST RIVER","BROOKLYN","NY",60,NA,NA,NA,c(-73.9925, 40.6761111)
"3673","NYCDEP - RED HOOK WRRF","127TH ST & EAST RIVER","BROOKLYN","NY",60,NA,NA,NA,c(-73.988611, 40.6788888)
"3674","NYCDEP - RED HOOK WRRF","127TH ST & EAST RIVER","BROOKLYN","NY",60,NA,NA,NA,c(-73.987777, 40.68)
"3675","NYCDEP - RED HOOK WRRF","127TH ST & EAST RIVER","BROOKLYN","NY",60,NA,"New York",1,c(-73.987222, 40.6808333)
"3676","NYCDEP - RED HOOK WRRF","127TH ST & EAST RIVER","BROOKLYN","NY",60,NA,NA,NA,c(-73.98889, 40.67944)
"3677","NYCDEP - RED HOOK WRRF","127TH ST & EAST RIVER","BROOKLYN","NY",60,NA,NA,NA,c(-73.9775, 40.7033333)
"3678","METROPOLITAN SYRACUSE WWTP","650 HIAWATHA BLVD- WEST","SYRACUSE","NY",84.2,NA,"New York",1,c(-76.185277, 43.0555555)
"3679","METROPOLITAN SYRACUSE WWTP","650 HIAWATHA BLVD- WEST","SYRACUSE","NY",84.2,NA,"New York",1,c(-76.181666, 43.0536111)
"3680","METROPOLITAN SYRACUSE WWTP","650 HIAWATHA BLVD- WEST","SYRACUSE","NY",84.2,NA,"New York",1,c(-76.177222, 43.0530555)
"3681","METROPOLITAN SYRACUSE WWTP","650 HIAWATHA BLVD- WEST","SYRACUSE","NY",84.2,NA,"New York",1,c(-76.176388, 43.0519444)
"3682","METROPOLITAN SYRACUSE WWTP","650 HIAWATHA BLVD- WEST","SYRACUSE","NY",84.2,NA,"New York",1,c(-76.173888, 43.05)
"3683","METROPOLITAN SYRACUSE WWTP","650 HIAWATHA BLVD- WEST","SYRACUSE","NY",84.2,NA,NA,NA,c(-76.175833, 43.0463888)
"3684","METROPOLITAN SYRACUSE WWTP","650 HIAWATHA BLVD- WEST","SYRACUSE","NY",84.2,NA,NA,NA,c(-76.1725, 43.0458333)
"3685","METROPOLITAN SYRACUSE WWTP","650 HIAWATHA BLVD- WEST","SYRACUSE","NY",84.2,NA,"New York",1,c(-76.173055, 43.0427777)
"3686","METROPOLITAN SYRACUSE WWTP","650 HIAWATHA BLVD- WEST","SYRACUSE","NY",84.2,NA,NA,NA,c(-76.174722, 43.04)
"3687","METROPOLITAN SYRACUSE WWTP","650 HIAWATHA BLVD- WEST","SYRACUSE","NY",84.2,NA,"New York",1,c(-76.177222, 43.0388888)
"3688","METROPOLITAN SYRACUSE WWTP","650 HIAWATHA BLVD- WEST","SYRACUSE","NY",84.2,NA,"New York",1,c(-76.179722, 43.0366666)
"3689","METROPOLITAN SYRACUSE WWTP","650 HIAWATHA BLVD- WEST","SYRACUSE","NY",84.2,NA,"New York",1,c(-76.182777, 43.0361111)
"3690","METROPOLITAN SYRACUSE WWTP","650 HIAWATHA BLVD- WEST","SYRACUSE","NY",84.2,NA,NA,NA,c(-76.157222, 43.0547222)
"3691","METROPOLITAN SYRACUSE WWTP","650 HIAWATHA BLVD- WEST","SYRACUSE","NY",84.2,NA,"New York",1,c(-76.156944, 43.0544444)
"3692","METROPOLITAN SYRACUSE WWTP","650 HIAWATHA BLVD- WEST","SYRACUSE","NY",84.2,NA,"New York",1,c(-76.157222, 43.0486111)
"3693","METROPOLITAN SYRACUSE WWTP","650 HIAWATHA BLVD- WEST","SYRACUSE","NY",84.2,NA,"New York",1,c(-76.157222, 43.0480555)
"3694","METROPOLITAN SYRACUSE WWTP","650 HIAWATHA BLVD- WEST","SYRACUSE","NY",84.2,NA,"New York",1,c(-76.156944, 43.0480555)
"3695","METROPOLITAN SYRACUSE WWTP","650 HIAWATHA BLVD- WEST","SYRACUSE","NY",84.2,NA,"New York",1,c(-76.156944, 43.0472222)
"3696","METROPOLITAN SYRACUSE WWTP","650 HIAWATHA BLVD- WEST","SYRACUSE","NY",84.2,NA,"New York",1,c(-76.157222, 43.0469444)
"3697","METROPOLITAN SYRACUSE WWTP","650 HIAWATHA BLVD- WEST","SYRACUSE","NY",84.2,NA,"New York",1,c(-76.157222, 43.0458333)
"3698","METROPOLITAN SYRACUSE WWTP","650 HIAWATHA BLVD- WEST","SYRACUSE","NY",84.2,NA,"New York",1,c(-76.155277, 43.0444444)
"3699","METROPOLITAN SYRACUSE WWTP","650 HIAWATHA BLVD- WEST","SYRACUSE","NY",84.2,NA,"New York",1,c(-76.153888, 43.0436111)
"3700","METROPOLITAN SYRACUSE WWTP","650 HIAWATHA BLVD- WEST","SYRACUSE","NY",84.2,NA,"New York",1,c(-76.154166, 43.0436111)
"3701","METROPOLITAN SYRACUSE WWTP","650 HIAWATHA BLVD- WEST","SYRACUSE","NY",84.2,NA,"New York",1,c(-76.154444, 43.0425)
"3702","METROPOLITAN SYRACUSE WWTP","650 HIAWATHA BLVD- WEST","SYRACUSE","NY",84.2,NA,"New York",1,c(-76.154722, 43.0422222)
"3703","METROPOLITAN SYRACUSE WWTP","650 HIAWATHA BLVD- WEST","SYRACUSE","NY",84.2,NA,"New York",1,c(-76.155, 43.0366666)
"3704","METROPOLITAN SYRACUSE WWTP","650 HIAWATHA BLVD- WEST","SYRACUSE","NY",84.2,NA,"New York",1,c(-76.155277, 43.0330555)
"3705","METROPOLITAN SYRACUSE WWTP","650 HIAWATHA BLVD- WEST","SYRACUSE","NY",84.2,NA,"New York",1,c(-76.159444, 43.0305555)
"3706","METROPOLITAN SYRACUSE WWTP","650 HIAWATHA BLVD- WEST","SYRACUSE","NY",84.2,NA,"New York",1,c(-76.182777, 43.0540277)
"3707","METROPOLITAN SYRACUSE WWTP","650 HIAWATHA BLVD- WEST","SYRACUSE","NY",84.2,NA,"New York",1,c(-76.155277, 43.0208333)
"3708","METROPOLITAN SYRACUSE WWTP","650 HIAWATHA BLVD- WEST","SYRACUSE","NY",84.2,NA,"New York",1,c(-76.154722, 43.0236111)
"3709","METROPOLITAN SYRACUSE WWTP","650 HIAWATHA BLVD- WEST","SYRACUSE","NY",84.2,NA,"New York",1,c(-76.155, 43.021944)
"3710","METROPOLITAN SYRACUSE WWTP","650 HIAWATHA BLVD- WEST","SYRACUSE","NY",84.2,NA,NA,NA,c(-76.187778, 43.057778)
"3711","METROPOLITAN SYRACUSE WWTP","650 HIAWATHA BLVD- WEST","SYRACUSE","NY",84.2,NA,NA,NA,c(-76.160278, 43.055556)
"3712","METROPOLITAN SYRACUSE WWTP","650 HIAWATHA BLVD- WEST","SYRACUSE","NY",84.2,NA,NA,NA,c(-76.161388, 43.0555555)
"3713","METROPOLITAN SYRACUSE WWTP","650 HIAWATHA BLVD- WEST","SYRACUSE","NY",84.2,NA,"New York",1,c(-76.1575, 43.0161111)
"3714","METROPOLITAN SYRACUSE WWTP","650 HIAWATHA BLVD- WEST","SYRACUSE","NY",84.2,NA,"New York",1,c(-76.176388, 43.0519444)
"3715","METROPOLITAN SYRACUSE WWTP","650 HIAWATHA BLVD- WEST","SYRACUSE","NY",84.2,NA,NA,NA,c(-76.161388, 43.0572222)
"3716","METROPOLITAN SYRACUSE WWTP","650 HIAWATHA BLVD- WEST","SYRACUSE","NY",84.2,NA,"New York",1,c(-76.122777, 43.0783333)
"3717","METROPOLITAN SYRACUSE WWTP","650 HIAWATHA BLVD- WEST","SYRACUSE","NY",84.2,NA,NA,NA,c(-76.171944, 43.0766666)
"3718","METROPOLITAN SYRACUSE WWTP","650 HIAWATHA BLVD- WEST","SYRACUSE","NY",84.2,NA,NA,NA,c(-76.173611, 43.065)
"3719","METROPOLITAN SYRACUSE WWTP","650 HIAWATHA BLVD- WEST","SYRACUSE","NY",84.2,NA,"New York",1,c(-76.154722, 43.0191666)
"3720","METROPOLITAN SYRACUSE WWTP","650 HIAWATHA BLVD- WEST","SYRACUSE","NY",84.2,NA,NA,NA,c(-76.188611, 43.0355555)
"3721","METROPOLITAN SYRACUSE WWTP","650 HIAWATHA BLVD- WEST","SYRACUSE","NY",84.2,NA,"New York",1,c(-76.158055, 43.0508333)
"3722","METROPOLITAN SYRACUSE WWTP","650 HIAWATHA BLVD- WEST","SYRACUSE","NY",84.2,NA,"New York",1,c(-76.184722, 43.035278)
"3723","METROPOLITAN SYRACUSE WWTP","650 HIAWATHA BLVD- WEST","SYRACUSE","NY",84.2,NA,"New York",1,c(-76.156944, 43.0463888)
"3724","METROPOLITAN SYRACUSE WWTP","650 HIAWATHA BLVD- WEST","SYRACUSE","NY",84.2,NA,"New York",1,c(-76.158333, 43.033333)
"3725","METROPOLITAN SYRACUSE WWTP","650 HIAWATHA BLVD- WEST","SYRACUSE","NY",84.2,NA,"New York",1,c(-76.158333, 43.033611)
"3726","CLAYTON (V) STP","GARDENER STREET","CLAYTON","NY",1.045,NA,NA,NA,c(-76.08944, 44.24028)
"3727","CLAYTON (V) STP","GARDENER STREET","CLAYTON","NY",1.045,NA,NA,NA,c(-76.08639, 44.24056)
"3728","LEWISTON MASTER SD","501 PLETCHER ROAD","LEWISTON","NY",2.75,NA,NA,NA,c(-79.046944, 43.201667)
"3729","LEWISTON MASTER SD","501 PLETCHER ROAD","LEWISTON","NY",2.75,NA,NA,NA,c(-79.044444, 43.201667)
"3730","LEWISTON MASTER SD","501 PLETCHER ROAD","LEWISTON","NY",2.75,NA,NA,NA,c(-79.046056, 43.201389)
"3731","DUNKIRK (C) WWTP","WRIGHT PARK DRIVE","DUNKIRK","NY",6,NA,"New York",1,c(-79.319167, 42.500556)
"3732","FRANK E VAN LARE STP","1574 LAKE SHORE BLVD","ROCHESTER","NY",135,NA,"New York",1,c(-77.631944, 43.1325)
"3733","FRANK E VAN LARE STP","1574 LAKE SHORE BLVD","ROCHESTER","NY",135,NA,NA,NA,c(-77.531666, 43.1986111)
"3734","FRANK E VAN LARE STP","1574 LAKE SHORE BLVD","ROCHESTER","NY",135,NA,NA,NA,c(-77.519444, 43.1541666)
"3735","FRANK E VAN LARE STP","1574 LAKE SHORE BLVD","ROCHESTER","NY",135,NA,"New York",1,c(-77.623611, 43.1708333)
"3736","FRANK E VAN LARE STP","1574 LAKE SHORE BLVD","ROCHESTER","NY",135,NA,"New York",1,c(-77.621944, 43.1980555)
"3737","FRANK E VAN LARE STP","1574 LAKE SHORE BLVD","ROCHESTER","NY",135,NA,"New York",1,c(-77.620277, 43.1980555)
"3738","BIRD ISLAND STP","90 WEST FERRY STREET","BUFFALO","NY",180,NA,"New York",1,c(-78.904722, 42.920556)
"3739","BIRD ISLAND STP","90 WEST FERRY STREET","BUFFALO","NY",180,NA,"New York",1,c(-78.907222, 42.9372222)
"3740","BIRD ISLAND STP","90 WEST FERRY STREET","BUFFALO","NY",180,NA,"New York",1,c(-78.899166, 42.9261111)
"3741","BIRD ISLAND STP","90 WEST FERRY STREET","BUFFALO","NY",180,NA,"New York",1,c(-78.899166, 42.9241666)
"3742","BIRD ISLAND STP","90 WEST FERRY STREET","BUFFALO","NY",180,NA,"New York",1,c(-78.899722, 42.9222222)
"3743","BIRD ISLAND STP","90 WEST FERRY STREET","BUFFALO","NY",180,NA,"New York",1,c(-78.899444, 42.9222222)
"3744","BIRD ISLAND STP","90 WEST FERRY STREET","BUFFALO","NY",180,NA,"New York",1,c(-78.9, 42.9208333)
"3745","BIRD ISLAND STP","90 WEST FERRY STREET","BUFFALO","NY",180,NA,"New York",1,c(-78.900833, 42.9188888)
"3746","BIRD ISLAND STP","90 WEST FERRY STREET","BUFFALO","NY",180,NA,"New York",1,c(-78.901388, 42.9172222)
"3747","BIRD ISLAND STP","90 WEST FERRY STREET","BUFFALO","NY",180,NA,"New York",1,c(-78.903333, 42.9136111)
"3748","BIRD ISLAND STP","90 WEST FERRY STREET","BUFFALO","NY",180,NA,"New York",1,c(-78.901944, 42.9133333)
"3749","BIRD ISLAND STP","90 WEST FERRY STREET","BUFFALO","NY",180,NA,"New York",1,c(-78.893611, 42.8888888)
"3750","BIRD ISLAND STP","90 WEST FERRY STREET","BUFFALO","NY",180,NA,"New York",1,c(-78.886666, 42.8836111)
"3751","BIRD ISLAND STP","90 WEST FERRY STREET","BUFFALO","NY",180,NA,"New York",1,c(-78.885277, 42.8827777)
"3752","BIRD ISLAND STP","90 WEST FERRY STREET","BUFFALO","NY",180,NA,"New York",1,c(-78.884166, 42.8813888)
"3753","BIRD ISLAND STP","90 WEST FERRY STREET","BUFFALO","NY",180,NA,"New York",1,c(-78.879722, 42.8772222)
"3754","BIRD ISLAND STP","90 WEST FERRY STREET","BUFFALO","NY",180,NA,"New York",1,c(-78.904722, 42.920556)
"3755","BIRD ISLAND STP","90 WEST FERRY STREET","BUFFALO","NY",180,NA,NA,NA,c(-78.875, 42.8727777)
"3756","BIRD ISLAND STP","90 WEST FERRY STREET","BUFFALO","NY",180,NA,"New York",1,c(-78.868888, 42.8669444)
"3757","BIRD ISLAND STP","90 WEST FERRY STREET","BUFFALO","NY",180,NA,"New York",1,c(-78.860277, 42.8641666)
"3758","BIRD ISLAND STP","90 WEST FERRY STREET","BUFFALO","NY",180,NA,"New York",1,c(-78.850833, 42.8636111)
"3759","BIRD ISLAND STP","90 WEST FERRY STREET","BUFFALO","NY",180,NA,"New York",1,c(-78.837777, 42.8633333)
"3760","BIRD ISLAND STP","90 WEST FERRY STREET","BUFFALO","NY",180,NA,"New York",1,c(-78.832222, 42.8605555)
"3761","BIRD ISLAND STP","90 WEST FERRY STREET","BUFFALO","NY",180,NA,"New York",1,c(-78.832222, 42.8608333)
"3762","BIRD ISLAND STP","90 WEST FERRY STREET","BUFFALO","NY",180,NA,"New York",1,c(-78.824722, 42.8602777)
"3763","BIRD ISLAND STP","90 WEST FERRY STREET","BUFFALO","NY",180,NA,"New York",1,c(-78.826388, 42.8619444)
"3764","BIRD ISLAND STP","90 WEST FERRY STREET","BUFFALO","NY",180,NA,"New York",1,c(-78.825833, 42.8625)
"3765","BIRD ISLAND STP","90 WEST FERRY STREET","BUFFALO","NY",180,NA,"New York",1,c(-78.808611, 42.8505555)
"3766","BIRD ISLAND STP","90 WEST FERRY STREET","BUFFALO","NY",180,NA,NA,NA,c(-78.811388, 42.8522222)
"3767","BIRD ISLAND STP","90 WEST FERRY STREET","BUFFALO","NY",180,NA,"New York",1,c(-78.811111, 42.8527777)
"3768","BIRD ISLAND STP","90 WEST FERRY STREET","BUFFALO","NY",180,NA,NA,NA,c(-78.812777, 42.8536111)
"3769","BIRD ISLAND STP","90 WEST FERRY STREET","BUFFALO","NY",180,NA,"New York",1,c(-78.812777, 42.8541666)
"3770","BIRD ISLAND STP","90 WEST FERRY STREET","BUFFALO","NY",180,NA,"New York",1,c(-78.814166, 42.8552777)
"3771","BIRD ISLAND STP","90 WEST FERRY STREET","BUFFALO","NY",180,NA,NA,NA,c(-78.818333, 42.8575)
"3772","BIRD ISLAND STP","90 WEST FERRY STREET","BUFFALO","NY",180,NA,"New York",1,c(-78.820277, 42.8588888)
"3773","BIRD ISLAND STP","90 WEST FERRY STREET","BUFFALO","NY",180,NA,"New York",1,c(-78.822777, 42.8597222)
"3774","BIRD ISLAND STP","90 WEST FERRY STREET","BUFFALO","NY",180,NA,"New York",1,c(-78.824722, 42.8605555)
"3775","BIRD ISLAND STP","90 WEST FERRY STREET","BUFFALO","NY",180,NA,"New York",1,c(-78.826666, 42.8616666)
"3776","BIRD ISLAND STP","90 WEST FERRY STREET","BUFFALO","NY",180,NA,"New York",1,c(-78.821111, 42.8633333)
"3777","BIRD ISLAND STP","90 WEST FERRY STREET","BUFFALO","NY",180,NA,"New York",1,c(-78.810555, 42.8627777)
"3778","BIRD ISLAND STP","90 WEST FERRY STREET","BUFFALO","NY",180,NA,NA,NA,c(-78.802222, 42.865)
"3779","BIRD ISLAND STP","90 WEST FERRY STREET","BUFFALO","NY",180,NA,NA,NA,c(-78.857222, 42.9238888)
"3780","BIRD ISLAND STP","90 WEST FERRY STREET","BUFFALO","NY",180,NA,"New York",1,c(-78.91, 42.9519444)
"3781","BIRD ISLAND STP","90 WEST FERRY STREET","BUFFALO","NY",180,NA,"New York",1,c(-78.909722, 42.9430555)
"3782","BIRD ISLAND STP","90 WEST FERRY STREET","BUFFALO","NY",180,NA,NA,NA,c(-78.8775, 42.935)
"3783","BIRD ISLAND STP","90 WEST FERRY STREET","BUFFALO","NY",180,NA,"New York",1,c(-78.897777, 42.9286111)
"3784","BIRD ISLAND STP","90 WEST FERRY STREET","BUFFALO","NY",180,NA,"New York",1,c(-78.895833, 42.9302777)
"3785","BIRD ISLAND STP","90 WEST FERRY STREET","BUFFALO","NY",180,NA,"New York",1,c(-78.894166, 42.9308333)
"3786","BIRD ISLAND STP","90 WEST FERRY STREET","BUFFALO","NY",180,NA,"New York",1,c(-78.878333, 42.9344444)
"3787","BIRD ISLAND STP","90 WEST FERRY STREET","BUFFALO","NY",180,NA,"New York",1,c(-78.900277, 42.9208333)
"3788","BIRD ISLAND STP","90 WEST FERRY STREET","BUFFALO","NY",180,NA,"New York",1,c(-78.901944, 42.9152777)
"3789","BIRD ISLAND STP","90 WEST FERRY STREET","BUFFALO","NY",180,NA,"New York",1,c(-78.901944, 42.9027777)
"3790","BIRD ISLAND STP","90 WEST FERRY STREET","BUFFALO","NY",180,NA,"New York",1,c(-78.868333, 42.8663888)
"3791","BIRD ISLAND STP","90 WEST FERRY STREET","BUFFALO","NY",180,NA,"New York",1,c(-78.801944, 42.8647222)
"3792","GLENS FALLS (C) WWTP","2 SHERMANTOWN ROAD","GLENS FALLS","NY",9.5,NA,NA,NA,c(-73.618055, 43.3036111)
"3793","OSWEGO (C) WEST SIDE WWTF","COR FIRST AVE & W SCHUYLER ST","OSWEGO","NY",4,NA,"New York",1,c(-76.512388, 43.4607222)
"3794","OSWEGO (C) WEST SIDE WWTF","COR FIRST AVE & W SCHUYLER ST","OSWEGO","NY",4,NA,"New York",1,c(-76.510611, 43.4574444)
"3795","OSWEGO (C) EAST SIDE STP","71 MERCER STREET","OSWEGO","NY",5.35,NA,"New York",1,c(-76.500555, 43.4694444)
"3796","OSWEGO (C) EAST SIDE STP","71 MERCER STREET","OSWEGO","NY",5.35,NA,"New York",1,c(-76.50778, 43.45389)
"3797","OSWEGO (C) EAST SIDE STP","71 MERCER STREET","OSWEGO","NY",5.35,NA,"New York",1,c(-76.50278, 43.47056)
"3798","OSWEGO (C) EAST SIDE STP","71 MERCER STREET","OSWEGO","NY",5.35,NA,"New York",1,c(-76.51083, 43.46)
"3799","OSWEGO (C) EAST SIDE STP","71 MERCER STREET","OSWEGO","NY",5.35,NA,"New York",1,c(-76.50972, 43.45861)
"3800","OSWEGO (C) EAST SIDE STP","71 MERCER STREET","OSWEGO","NY",5.35,NA,"New York",1,c(-76.50917, 43.4575)
"3801","WATERFORD (T) WWTP","41 MOHAWK AVENUE","WATERFORD","NY",1.5,NA,NA,NA,c(-73.678888, 42.7866666)
"3802","WATERFORD (T) WWTP","41 MOHAWK AVENUE","WATERFORD","NY",1.5,NA,NA,NA,c(-73.685833, 42.7875)
"3803","KINGSTON (C) WWTP","91-129 EAST STRAND AVE","KINGSTON, CITY OF","NY",6.8,NA,NA,NA,c(-73.983611, 41.9152777)
"3804","KINGSTON (C) WWTP","91-129 EAST STRAND AVE","KINGSTON, CITY OF","NY",6.8,NA,"New York",1,c(-73.9825, 41.9177777)
"3805","KINGSTON (C) WWTP","91-129 EAST STRAND AVE","KINGSTON, CITY OF","NY",6.8,NA,"New York",1,c(-73.986666, 41.9161111)
"3806","KINGSTON (C) WWTP","91-129 EAST STRAND AVE","KINGSTON, CITY OF","NY",6.8,NA,"New York",1,c(-74.003055, 41.9088888)
"3807","CANASTOTA (V) WPCP","715 NORTH MAIN STREET","CANASTOTA","NY",2,NA,"New York",1,c(-75.761944, 43.0969444)
"3808","CANASTOTA (V) WPCP","715 NORTH MAIN STREET","CANASTOTA","NY",2,NA,"New York",1,c(-75.757777, 43.0894444)
"3809","OGDENSBURG SECONDARY WWTP","RAILROAD ST & DENNY STREET","OGDENSBURG","NY",6.5,NA,NA,NA,c(-75.4925, 44.7033333)
"3810","OGDENSBURG SECONDARY WWTP","RAILROAD ST & DENNY STREET","OGDENSBURG","NY",6.5,NA,NA,NA,c(-75.493055, 44.7019444)
"3811","OGDENSBURG SECONDARY WWTP","RAILROAD ST & DENNY STREET","OGDENSBURG","NY",6.5,NA,NA,NA,c(-75.491666, 44.6936111)
"3812","OGDENSBURG SECONDARY WWTP","RAILROAD ST & DENNY STREET","OGDENSBURG","NY",6.5,NA,NA,NA,c(-75.490833, 44.6869444)
"3813","OGDENSBURG SECONDARY WWTP","RAILROAD ST & DENNY STREET","OGDENSBURG","NY",6.5,NA,NA,NA,c(-75.479444, 44.7069444)
"3814","OGDENSBURG SECONDARY WWTP","RAILROAD ST & DENNY STREET","OGDENSBURG","NY",6.5,NA,NA,NA,c(-75.478055, 44.7072222)
"3815","OGDENSBURG SECONDARY WWTP","RAILROAD ST & DENNY STREET","OGDENSBURG","NY",6.5,NA,"New York",1,c(-75.498888, 44.6958333)
"3816","OGDENSBURG SECONDARY WWTP","RAILROAD ST & DENNY STREET","OGDENSBURG","NY",6.5,NA,"New York",1,c(-75.49972, 44.69583)
"3817","OGDENSBURG SECONDARY WWTP","RAILROAD ST & DENNY STREET","OGDENSBURG","NY",6.5,NA,"New York",1,c(-75.493333, 44.6880555)
"3818","OGDENSBURG SECONDARY WWTP","RAILROAD ST & DENNY STREET","OGDENSBURG","NY",6.5,NA,"New York",1,c(-75.497777, 44.6955555)
"3819","OGDENSBURG SECONDARY WWTP","RAILROAD ST & DENNY STREET","OGDENSBURG","NY",6.5,NA,NA,NA,c(-75.493055, 44.69)
"3820","OGDENSBURG SECONDARY WWTP","RAILROAD ST & DENNY STREET","OGDENSBURG","NY",6.5,NA,NA,NA,c(-75.495833, 44.6958333)
"3821","OGDENSBURG SECONDARY WWTP","RAILROAD ST & DENNY STREET","OGDENSBURG","NY",6.5,NA,NA,NA,c(-75.495833, 44.6958333)
"3822","OGDENSBURG SECONDARY WWTP","RAILROAD ST & DENNY STREET","OGDENSBURG","NY",6.5,NA,"New York",1,c(-75.495833, 44.6955555)
"3823","OGDENSBURG SECONDARY WWTP","RAILROAD ST & DENNY STREET","OGDENSBURG","NY",6.5,NA,NA,NA,c(-75.435, 44.7313888)
"3824","OGDENSBURG SECONDARY WWTP","RAILROAD ST & DENNY STREET","OGDENSBURG","NY",6.5,NA,NA,NA,c(-75.486111, 44.704444)
"3825","OGDENSBURG SECONDARY WWTP","RAILROAD ST & DENNY STREET","OGDENSBURG","NY",6.5,NA,NA,NA,c(-75.494444, 44.7016666)
"3826","OGDENSBURG SECONDARY WWTP","RAILROAD ST & DENNY STREET","OGDENSBURG","NY",6.5,NA,NA,NA,c(-75.495277, 44.7002777)
"3827","TUPPER LAKE (V) WPCP","WATER STREET","TUPPER LAKE","NY",4.5,NA,"New York",1,c(-74.48472, 43.22833)
"3828","TUPPER LAKE (V) WPCP","WATER STREET","TUPPER LAKE","NY",4.5,NA,NA,NA,c(-74.46489, 44.23194)
"3829","COMBINED SEWER OVERFLOWS","2 FIFTEENTH ST","WATERVLIET","NY",0,NA,NA,NA,c(-73.705207, 42.708478)
"3830","COMBINED SEWER OVERFLOWS","2 FIFTEENTH ST","WATERVLIET","NY",0,NA,NA,NA,c(-73.70423, 42.71223)
"3831","COMBINED SEWER OVERFLOWS","2 FIFTEENTH ST","WATERVLIET","NY",0,NA,NA,NA,c(-73.703649, 42.713731)
"3832","COMBINED SEWER OVERFLOWS","2 FIFTEENTH ST","WATERVLIET","NY",0,NA,"New York",1,c(-73.699543, 42.724158)
"3833","COMBINED SEWER OVERFLOWS","2 FIFTEENTH ST","WATERVLIET","NY",0,NA,"New York",1,c(-73.697275, 42.730844)
"3834","COHOES (C)","CITY HALL, 97 MOHAWK ST","COHOES","NY",0,NA,NA,NA,c(-73.694501, 42.76911)
"3835","COHOES (C)","CITY HALL, 97 MOHAWK ST","COHOES","NY",0,NA,NA,NA,c(-73.69509, 42.766897)
"3836","COHOES (C)","CITY HALL, 97 MOHAWK ST","COHOES","NY",0,NA,NA,NA,c(-73.695235, 42.76766)
"3837","COHOES (C)","CITY HALL, 97 MOHAWK ST","COHOES","NY",0,NA,NA,NA,c(-73.694945, 42.7684)
"3838","COHOES (C)","CITY HALL, 97 MOHAWK ST","COHOES","NY",0,NA,NA,NA,c(-73.684768, 42.777766)
"3839","COHOES (C)","CITY HALL, 97 MOHAWK ST","COHOES","NY",0,NA,NA,NA,c(-73.682865, 42.772137)
"3840","COHOES (C)","CITY HALL, 97 MOHAWK ST","COHOES","NY",0,NA,"New York",1,c(-73.703786, 42.78112)
"3841","COHOES (C)","CITY HALL, 97 MOHAWK ST","COHOES","NY",0,NA,"New York",1,c(-73.696932, 42.763805)
"3842","COHOES (C)","CITY HALL, 97 MOHAWK ST","COHOES","NY",0,NA,"New York",1,c(-73.711619, 42.790554)
"3843","COHOES (C)","CITY HALL, 97 MOHAWK ST","COHOES","NY",0,NA,"New York",1,c(-73.69676, 42.767108)
"3844","COHOES (C)","CITY HALL, 97 MOHAWK ST","COHOES","NY",0,NA,"New York",1,c(-73.695827, 42.769754)
"3845","COHOES (C)","CITY HALL, 97 MOHAWK ST","COHOES","NY",0,NA,"New York",1,c(-73.697749, 42.774932)
"3846","COHOES (C)","CITY HALL, 97 MOHAWK ST","COHOES","NY",0,NA,NA,NA,c(-73.690161, 42.773107)
"3847","COHOES (C)","CITY HALL, 97 MOHAWK ST","COHOES","NY",0,NA,"New York",1,c(-73.695706, 42.771629)
"3848","MASSENA (V) WWTP","302 EAST ORVIS STREET","MASSENA","NY",4.8,NA,"New York",1,c(-74.884444, 44.9180555)
"3849","MASSENA (V) WWTP","302 EAST ORVIS STREET","MASSENA","NY",4.8,NA,"New York",1,c(-74.863055, 44.9222222)
"3850","MASSENA (V) WWTP","302 EAST ORVIS STREET","MASSENA","NY",4.8,NA,"New York",1,c(-74.890555, 44.9336111)
"3851","MASSENA (V) WWTP","302 EAST ORVIS STREET","MASSENA","NY",4.8,NA,"New York",1,c(-74.876111, 44.9366666)
"3852","MASSENA (V) WWTP","302 EAST ORVIS STREET","MASSENA","NY",4.8,NA,"New York",1,c(-74.89111, 44.93611)
"3853","MASSENA (V) WWTP","302 EAST ORVIS STREET","MASSENA","NY",4.8,NA,NA,NA,c(-74.897777, 44.9322222)
"3854","MASSENA (V) WWTP","302 EAST ORVIS STREET","MASSENA","NY",4.8,NA,NA,NA,c(-74.89444, 44.91528)
"3855","MASSENA (V) WWTP","302 EAST ORVIS STREET","MASSENA","NY",4.8,NA,NA,NA,c(-74.895277, 44.9325)
"3856","MASSENA (V) WWTP","302 EAST ORVIS STREET","MASSENA","NY",4.8,NA,NA,NA,c(-74.893611, 44.9155555)
"3857","MASSENA (V) WWTP","302 EAST ORVIS STREET","MASSENA","NY",4.8,NA,"New York",1,c(-74.9, 44.9125)
"3858","UTICA COMBINED SEWER OVERFLOWS","CITY HALL, 1 KENNEDY PLAZA","UTICA","NY",0,NA,"New York",1,c(-75.212222, 43.0883333)
"3859","UTICA COMBINED SEWER OVERFLOWS","CITY HALL, 1 KENNEDY PLAZA","UTICA","NY",0,NA,"New York",1,c(-75.239166, 43.0855555)
"3860","UTICA COMBINED SEWER OVERFLOWS","CITY HALL, 1 KENNEDY PLAZA","UTICA","NY",0,NA,"New York",1,c(-75.203611, 43.0952777)
"3861","UTICA COMBINED SEWER OVERFLOWS","CITY HALL, 1 KENNEDY PLAZA","UTICA","NY",0,NA,"New York",1,c(-75.228611, 43.0827777)
"3862","UTICA COMBINED SEWER OVERFLOWS","CITY HALL, 1 KENNEDY PLAZA","UTICA","NY",0,NA,"New York",1,c(-75.229166, 43.0819444)
"3863","UTICA COMBINED SEWER OVERFLOWS","CITY HALL, 1 KENNEDY PLAZA","UTICA","NY",0,NA,"New York",1,c(-75.23, 43.0863888)
"3864","UTICA COMBINED SEWER OVERFLOWS","CITY HALL, 1 KENNEDY PLAZA","UTICA","NY",0,NA,"New York",1,c(-75.216944, 43.0844444)
"3865","UTICA COMBINED SEWER OVERFLOWS","CITY HALL, 1 KENNEDY PLAZA","UTICA","NY",0,NA,"New York",1,c(-75.245277, 43.0869444)
"3866","UTICA COMBINED SEWER OVERFLOWS","CITY HALL, 1 KENNEDY PLAZA","UTICA","NY",0,NA,"New York",1,c(-75.236389, 43.094167)
"3867","UTICA COMBINED SEWER OVERFLOWS","CITY HALL, 1 KENNEDY PLAZA","UTICA","NY",0,NA,"New York",1,c(-75.204167, 43.095833)
"3868","UTICA COMBINED SEWER OVERFLOWS","CITY HALL, 1 KENNEDY PLAZA","UTICA","NY",0,NA,"New York",1,c(-75.236388, 43.0941666)
"3869","UTICA COMBINED SEWER OVERFLOWS","CITY HALL, 1 KENNEDY PLAZA","UTICA","NY",0,NA,"New York",1,c(-75.220556, 43.095)
"3870","UTICA COMBINED SEWER OVERFLOWS","CITY HALL, 1 KENNEDY PLAZA","UTICA","NY",0,NA,"New York",1,c(-75.238611, 43.0827777)
"3871","UTICA COMBINED SEWER OVERFLOWS","CITY HALL, 1 KENNEDY PLAZA","UTICA","NY",0,NA,"New York",1,c(-75.214444, 43.0944444)
"3872","UTICA COMBINED SEWER OVERFLOWS","CITY HALL, 1 KENNEDY PLAZA","UTICA","NY",0,NA,"New York",1,c(-75.235833, 43.0844444)
"3873","UTICA COMBINED SEWER OVERFLOWS","CITY HALL, 1 KENNEDY PLAZA","UTICA","NY",0,NA,"New York",1,c(-75.253611, 43.1011111)
"3874","UTICA COMBINED SEWER OVERFLOWS","CITY HALL, 1 KENNEDY PLAZA","UTICA","NY",0,NA,"New York",1,c(-75.248611, 43.0975)
"3875","UTICA COMBINED SEWER OVERFLOWS","CITY HALL, 1 KENNEDY PLAZA","UTICA","NY",0,NA,"New York",1,c(-75.244722, 43.1052777)
"3876","UTICA COMBINED SEWER OVERFLOWS","CITY HALL, 1 KENNEDY PLAZA","UTICA","NY",0,NA,"New York",1,c(-75.251666, 43.1080555)
"3877","UTICA COMBINED SEWER OVERFLOWS","CITY HALL, 1 KENNEDY PLAZA","UTICA","NY",0,NA,"New York",1,c(-75.247222, 43.1033333)
"3878","UTICA COMBINED SEWER OVERFLOWS","CITY HALL, 1 KENNEDY PLAZA","UTICA","NY",0,NA,"New York",1,c(-75.25, 43.1002777)
"3879","UTICA COMBINED SEWER OVERFLOWS","CITY HALL, 1 KENNEDY PLAZA","UTICA","NY",0,NA,NA,NA,c(-75.286944, 43.0825)
"3880","UTICA COMBINED SEWER OVERFLOWS","CITY HALL, 1 KENNEDY PLAZA","UTICA","NY",0,NA,NA,NA,c(-75.2575, 43.0863888)
"3881","UTICA COMBINED SEWER OVERFLOWS","CITY HALL, 1 KENNEDY PLAZA","UTICA","NY",0,NA,NA,NA,c(-75.256666, 43.0847222)
"3882","UTICA COMBINED SEWER OVERFLOWS","CITY HALL, 1 KENNEDY PLAZA","UTICA","NY",0,NA,NA,NA,c(-75.255833, 43.0852777)
"3883","UTICA COMBINED SEWER OVERFLOWS","CITY HALL, 1 KENNEDY PLAZA","UTICA","NY",0,NA,NA,NA,c(-75.254722, 43.085)
"3884","UTICA COMBINED SEWER OVERFLOWS","CITY HALL, 1 KENNEDY PLAZA","UTICA","NY",0,NA,NA,NA,c(-75.253888, 43.0844444)
"3885","UTICA COMBINED SEWER OVERFLOWS","CITY HALL, 1 KENNEDY PLAZA","UTICA","NY",0,NA,NA,NA,c(-75.2675, 43.0841666)
"3886","UTICA COMBINED SEWER OVERFLOWS","CITY HALL, 1 KENNEDY PLAZA","UTICA","NY",0,NA,"New York",1,c(-75.259444, 43.101944)
"3887","UTICA COMBINED SEWER OVERFLOWS","CITY HALL, 1 KENNEDY PLAZA","UTICA","NY",0,NA,"New York",1,c(-75.256111, 43.1136111)
"3888","UTICA COMBINED SEWER OVERFLOWS","CITY HALL, 1 KENNEDY PLAZA","UTICA","NY",0,NA,"New York",1,c(-75.26, 43.0894444)
"3889","UTICA COMBINED SEWER OVERFLOWS","CITY HALL, 1 KENNEDY PLAZA","UTICA","NY",0,NA,NA,NA,c(-75.268333, 43.0805555)
"3890","UTICA COMBINED SEWER OVERFLOWS","CITY HALL, 1 KENNEDY PLAZA","UTICA","NY",0,NA,NA,NA,c(-75.207222, 43.1019444)
"3891","UTICA COMBINED SEWER OVERFLOWS","CITY HALL, 1 KENNEDY PLAZA","UTICA","NY",0,NA,NA,NA,c(-75.205555, 43.1016666)
"3892","UTICA COMBINED SEWER OVERFLOWS","CITY HALL, 1 KENNEDY PLAZA","UTICA","NY",0,NA,"New York",1,c(-75.237777, 43.1063888)
"3893","UTICA COMBINED SEWER OVERFLOWS","CITY HALL, 1 KENNEDY PLAZA","UTICA","NY",0,NA,"New York",1,c(-75.233611, 43.0836111)
"3894","UTICA COMBINED SEWER OVERFLOWS","CITY HALL, 1 KENNEDY PLAZA","UTICA","NY",0,NA,"New York",1,c(-75.2325, 43.0830555)
"3895","UTICA COMBINED SEWER OVERFLOWS","CITY HALL, 1 KENNEDY PLAZA","UTICA","NY",0,NA,"New York",1,c(-75.231111, 43.0822222)
"3896","UTICA COMBINED SEWER OVERFLOWS","CITY HALL, 1 KENNEDY PLAZA","UTICA","NY",0,NA,"New York",1,c(-75.261111, 43.110278)
"3897","UTICA COMBINED SEWER OVERFLOWS","CITY HALL, 1 KENNEDY PLAZA","UTICA","NY",0,NA,"New York",1,c(-75.263056, 43.087222)
"3898","UTICA COMBINED SEWER OVERFLOWS","CITY HALL, 1 KENNEDY PLAZA","UTICA","NY",0,NA,NA,NA,c(-75.259444, 43.085)
"3899","UTICA COMBINED SEWER OVERFLOWS","CITY HALL, 1 KENNEDY PLAZA","UTICA","NY",0,NA,"New York",1,c(-75.225278, 43.093056)
"3900","UTICA COMBINED SEWER OVERFLOWS","CITY HALL, 1 KENNEDY PLAZA","UTICA","NY",0,NA,"New York",1,c(-75.247222, 43.1005555)
"3901","UTICA COMBINED SEWER OVERFLOWS","CITY HALL, 1 KENNEDY PLAZA","UTICA","NY",0,NA,"New York",1,c(-75.2375, 43.102778)
"3902","UTICA COMBINED SEWER OVERFLOWS","CITY HALL, 1 KENNEDY PLAZA","UTICA","NY",0,NA,"New York",1,c(-75.241667, 43.107222)
"3903","UTICA COMBINED SEWER OVERFLOWS","CITY HALL, 1 KENNEDY PLAZA","UTICA","NY",0,NA,"New York",1,c(-75.242222, 43.1069444)
"3904","COMBINED SEWER OVERFLOWS","20 CLINTON STREET","GREEN ISLAND","NY",0,NA,NA,NA,c(-73.690277, 42.7441666)
"3905","COMBINED SEWER OVERFLOWS","20 CLINTON STREET","GREEN ISLAND","NY",0,NA,NA,NA,c(-73.693055, 42.7391666)
"3906","COMBINED SEWER OVERFLOWS","20 CLINTON STREET","GREEN ISLAND","NY",0,NA,NA,NA,c(-73.696111, 42.7344444)
"3907","CHEMUNG CO REGIONAL WWTP","600 MILTON STREET","ELMIRA","NY",12,NA,"New York",1,c(-76.809166, 42.0869444)
"3908","CHEMUNG CO REGIONAL WWTP","600 MILTON STREET","ELMIRA","NY",12,NA,"New York",1,c(-76.791388, 42.0883333)
"3909","CHEMUNG CO REGIONAL WWTP","600 MILTON STREET","ELMIRA","NY",12,NA,"New York",1,c(-76.784444, 42.0886111)
"3910","CHEMUNG CO REGIONAL WWTP","600 MILTON STREET","ELMIRA","NY",12,NA,"New York",1,c(-76.784166, 42.0897222)
"3911","CHEMUNG CO REGIONAL WWTP","600 MILTON STREET","ELMIRA","NY",12,NA,NA,NA,c(-76.781111, 42.0822222)
"3912","CHEMUNG CO REGIONAL WWTP","600 MILTON STREET","ELMIRA","NY",12,NA,"New York",1,c(-76.788611, 42.0963888)
"3913","CHEMUNG CO REGIONAL WWTP","600 MILTON STREET","ELMIRA","NY",12,NA,"New York",1,c(-76.791111, 42.0883333)
"3914","TICONDEROGA SD#5 WPCP","219 MONTCALM STREET","TICONDEROGA","NY",1.7,NA,NA,NA,c(-73.427777, 43.8472222)
"3915","COMBINED SEWER OVERFLOWS","25 WATER PLANT ROAD","TROY","NY",0,NA,"New York",1,c(-73.670981, 42.792985)
"3916","COMBINED SEWER OVERFLOWS","25 WATER PLANT ROAD","TROY","NY",0,NA,"New York",1,c(-73.67409, 42.785244)
"3917","COMBINED SEWER OVERFLOWS","25 WATER PLANT ROAD","TROY","NY",0,NA,"New York",1,c(-73.674398, 42.784629)
"3918","COMBINED SEWER OVERFLOWS","25 WATER PLANT ROAD","TROY","NY",0,NA,"New York",1,c(-73.675111, 42.783474)
"3919","COMBINED SEWER OVERFLOWS","25 WATER PLANT ROAD","TROY","NY",0,NA,"New York",1,c(-73.675711, 42.782253)
"3920","COMBINED SEWER OVERFLOWS","25 WATER PLANT ROAD","TROY","NY",0,NA,"New York",1,c(-73.676111, 42.781006)
"3921","COMBINED SEWER OVERFLOWS","25 WATER PLANT ROAD","TROY","NY",0,NA,"New York",1,c(-73.676522, 42.779789)
"3922","COMBINED SEWER OVERFLOWS","25 WATER PLANT ROAD","TROY","NY",0,NA,"New York",1,c(-73.677082, 42.778634)
"3923","COMBINED SEWER OVERFLOWS","25 WATER PLANT ROAD","TROY","NY",0,NA,"New York",1,c(-73.677585, 42.777471)
"3924","COMBINED SEWER OVERFLOWS","25 WATER PLANT ROAD","TROY","NY",0,NA,"New York",1,c(-73.678166, 42.776245)
"3925","COMBINED SEWER OVERFLOWS","25 WATER PLANT ROAD","TROY","NY",0,NA,"New York",1,c(-73.678647, 42.775002)
"3926","COMBINED SEWER OVERFLOWS","25 WATER PLANT ROAD","TROY","NY",0,NA,"New York",1,c(-73.679284, 42.773804)
"3927","COMBINED SEWER OVERFLOWS","25 WATER PLANT ROAD","TROY","NY",0,NA,"New York",1,c(-73.679591, 42.77253)
"3928","COMBINED SEWER OVERFLOWS","25 WATER PLANT ROAD","TROY","NY",0,NA,"New York",1,c(-73.680292, 42.771471)
"3929","COMBINED SEWER OVERFLOWS","25 WATER PLANT ROAD","TROY","NY",0,NA,"New York",1,c(-73.680738, 42.770216)
"3930","COMBINED SEWER OVERFLOWS","25 WATER PLANT ROAD","TROY","NY",0,NA,"New York",1,c(-73.681501, 42.767414)
"3931","COMBINED SEWER OVERFLOWS","25 WATER PLANT ROAD","TROY","NY",0,NA,"New York",1,c(-73.681745, 42.766366)
"3932","COMBINED SEWER OVERFLOWS","25 WATER PLANT ROAD","TROY","NY",0,NA,"New York",1,c(-73.681982, 42.764889)
"3933","COMBINED SEWER OVERFLOWS","25 WATER PLANT ROAD","TROY","NY",0,NA,"New York",1,c(-73.681979, 42.763593)
"3934","COMBINED SEWER OVERFLOWS","25 WATER PLANT ROAD","TROY","NY",0,NA,"New York",1,c(-73.682097, 42.762266)
"3935","COMBINED SEWER OVERFLOWS","25 WATER PLANT ROAD","TROY","NY",0,NA,"New York",1,c(-73.685905, 42.743307)
"3936","COMBINED SEWER OVERFLOWS","25 WATER PLANT ROAD","TROY","NY",0,NA,"New York",1,c(-73.68662, 42.740916)
"3937","COMBINED SEWER OVERFLOWS","25 WATER PLANT ROAD","TROY","NY",0,NA,"New York",1,c(-73.686815, 42.73987)
"3938","COMBINED SEWER OVERFLOWS","25 WATER PLANT ROAD","TROY","NY",0,NA,"New York",1,c(-73.687478, 42.738112)
"3939","COMBINED SEWER OVERFLOWS","25 WATER PLANT ROAD","TROY","NY",0,NA,"New York",1,c(-73.688023, 42.736475)
"3940","COMBINED SEWER OVERFLOWS","25 WATER PLANT ROAD","TROY","NY",0,NA,"New York",1,c(-73.689082, 42.734964)
"3941","COMBINED SEWER OVERFLOWS","25 WATER PLANT ROAD","TROY","NY",0,NA,"New York",1,c(-73.689931, 42.734169)
"3942","COMBINED SEWER OVERFLOWS","25 WATER PLANT ROAD","TROY","NY",0,NA,"New York",1,c(-73.690992, 42.733421)
"3943","COMBINED SEWER OVERFLOWS","25 WATER PLANT ROAD","TROY","NY",0,NA,"New York",1,c(-73.69261, 42.732246)
"3944","COMBINED SEWER OVERFLOWS","25 WATER PLANT ROAD","TROY","NY",0,NA,"New York",1,c(-73.694671, 42.730655)
"3945","COMBINED SEWER OVERFLOWS","25 WATER PLANT ROAD","TROY","NY",0,NA,"New York",1,c(-73.69548, 42.729361)
"3946","COMBINED SEWER OVERFLOWS","25 WATER PLANT ROAD","TROY","NY",0,NA,"New York",1,c(-73.695942, 42.728304)
"3947","COMBINED SEWER OVERFLOWS","25 WATER PLANT ROAD","TROY","NY",0,NA,"New York",1,c(-73.696323, 42.727035)
"3948","COMBINED SEWER OVERFLOWS","25 WATER PLANT ROAD","TROY","NY",0,NA,"New York",1,c(-73.6966, 42.726012)
"3949","COMBINED SEWER OVERFLOWS","25 WATER PLANT ROAD","TROY","NY",0,NA,"New York",1,c(-73.696883, 42.725098)
"3950","COMBINED SEWER OVERFLOWS","25 WATER PLANT ROAD","TROY","NY",0,NA,"New York",1,c(-73.697341, 42.723618)
"3951","COMBINED SEWER OVERFLOWS","25 WATER PLANT ROAD","TROY","NY",0,NA,"New York",1,c(-73.697843, 42.722081)
"3952","COMBINED SEWER OVERFLOWS","25 WATER PLANT ROAD","TROY","NY",0,NA,"New York",1,c(-73.698865, 42.719262)
"3953","COMBINED SEWER OVERFLOWS","25 WATER PLANT ROAD","TROY","NY",0,NA,NA,NA,c(-73.699009, 42.717729)
"3954","COMBINED SEWER OVERFLOWS","25 WATER PLANT ROAD","TROY","NY",0,NA,NA,NA,c(-73.700033, 42.715032)
"3955","COMBINED SEWER OVERFLOWS","25 WATER PLANT ROAD","TROY","NY",0,NA,NA,NA,c(-73.70074, 42.713206)
"3956","COMBINED SEWER OVERFLOWS","25 WATER PLANT ROAD","TROY","NY",0,NA,NA,NA,c(-73.701381, 42.711745)
"3957","COMBINED SEWER OVERFLOWS","25 WATER PLANT ROAD","TROY","NY",0,NA,NA,NA,c(-73.701841, 42.71018)
"3958","COMBINED SEWER OVERFLOWS","25 WATER PLANT ROAD","TROY","NY",0,NA,NA,NA,c(-73.701909, 42.706079)
"3959","COMBINED SEWER OVERFLOWS","25 WATER PLANT ROAD","TROY","NY",0,NA,NA,NA,c(-73.701477, 42.701945)
"3960","COMBINED SEWER OVERFLOWS","25 WATER PLANT ROAD","TROY","NY",0,NA,NA,NA,c(-73.702222, 42.701389)
"3961","COMBINED SEWER OVERFLOWS","25 WATER PLANT ROAD","TROY","NY",0,NA,NA,NA,c(-73.701944, 42.699722)
"3962","COMBINED SEWER OVERFLOWS","25 WATER PLANT ROAD","TROY","NY",0,NA,NA,NA,c(-73.702454, 42.697683)
"3963","WASHINGTON CO SD#2 WWTP","17 CORTLAND ST","FORT EDWARD","NY",2.5,NA,NA,NA,c(-73.584444, 43.2638888)
"3964","WASHINGTON CO SD#2 WWTP","17 CORTLAND ST","FORT EDWARD","NY",2.5,NA,NA,NA,c(-73.576666, 43.2638888)
"3965","WASHINGTON CO SD#2 WWTP","17 CORTLAND ST","FORT EDWARD","NY",2.5,NA,NA,NA,c(-73.596111, 43.2825)
"3966","WASHINGTON CO SD#2 WWTP","17 CORTLAND ST","FORT EDWARD","NY",2.5,NA,NA,NA,c(-73.588888, 43.2686111)
"3967","WASHINGTON CO SD#2 WWTP","17 CORTLAND ST","FORT EDWARD","NY",2.5,NA,NA,NA,c(-73.591111, 43.2975)
"3968","WASHINGTON CO SD#2 WWTP","17 CORTLAND ST","FORT EDWARD","NY",2.5,NA,NA,NA,c(-73.588055, 43.2975)
"3969","WASHINGTON CO SD#2 WWTP","17 CORTLAND ST","FORT EDWARD","NY",2.5,NA,NA,NA,c(-73.589166, 43.3041666)
"3970","WASHINGTON CO SD#2 WWTP","17 CORTLAND ST","FORT EDWARD","NY",2.5,NA,NA,NA,c(-73.596388, 43.2691666)
"3971","WASHINGTON CO SD#2 WWTP","17 CORTLAND ST","FORT EDWARD","NY",2.5,NA,NA,NA,c(-73.583333, 43.2625)
"3972","WASHINGTON CO SD#2 WWTP","17 CORTLAND ST","FORT EDWARD","NY",2.5,NA,NA,NA,c(-73.589166, 43.3041666)
"3973","WASHINGTON CO SD#2 WWTP","17 CORTLAND ST","FORT EDWARD","NY",2.5,NA,NA,NA,c(-73.588888, 43.2686111)
"3974","GREENWICH WWTP","N PLEASANT ST","GREENWICH","OH",0.2,NA,"Ohio",1,c(-82.5180556, 41.0344444)
"3975","GREENWICH WWTP","N PLEASANT ST","GREENWICH","OH",0.2,NA,"Ohio",1,c(-82.526862, 41.037403)
"3976","GREENWICH WWTP","N PLEASANT ST","GREENWICH","OH",0.2,NA,"Ohio",1,c(-82.5283333, 41.0236111)
"3977","GREENWICH WWTP","N PLEASANT ST","GREENWICH","OH",0.2,NA,"Ohio",1,c(-82.5266667, 41.0338889)
"3978","WOODVILLE WWTP","437 PORT CLINTON RD","WOODVILLE","OH",0.3,NA,NA,NA,c(-83.36008, 41.44967)
"3979","WOODVILLE WWTP","437 PORT CLINTON RD","WOODVILLE","OH",0.3,NA,NA,NA,c(-83.36067, 41.44965)
"3980","WOODVILLE WWTP","437 PORT CLINTON RD","WOODVILLE","OH",0.3,NA,NA,NA,c(-83.37306, 41.44965)
"3981","WOODVILLE WWTP","437 PORT CLINTON RD","WOODVILLE","OH",0.3,NA,NA,NA,c(-83.34982, 41.45186)
"3982","NAPOLEON WWTP","735 E WASHINGTON ST","NAPOLEON","OH",2.5,NA,NA,NA,c(-84.12417, 41.38806)
"3983","NAPOLEON WWTP","735 E WASHINGTON ST","NAPOLEON","OH",2.5,NA,"Ohio",1,c(-84.12222, 41.38889)
"3984","NAPOLEON WWTP","735 E WASHINGTON ST","NAPOLEON","OH",2.5,NA,"Ohio",1,c(-84.12444, 41.39694)
"3985","NAPOLEON WWTP","735 E WASHINGTON ST","NAPOLEON","OH",2.5,NA,"Ohio",1,c(-84.11581, 41.39363)
"3986","NAPOLEON WWTP","735 E WASHINGTON ST","NAPOLEON","OH",2.5,NA,"Ohio",1,c(-84.11581, 41.39363)
"3987","VILLAGE OF DELTA WASTEWATER TREATMENT PLANT","516 LOCUST STREET","DELTA","OH",0.725,NA,NA,NA,c(-84.014444, 41.582778)
"3988","VILLAGE OF DELTA WASTEWATER TREATMENT PLANT","516 LOCUST STREET","DELTA","OH",0.725,NA,NA,NA,c(-84.010278, 41.573611)
"3989","VILLAGE OF DELTA WASTEWATER TREATMENT PLANT","516 LOCUST STREET","DELTA","OH",0.725,NA,NA,NA,c(-84.005, 41.570278)
"3990","VILLAGE OF DELTA WASTEWATER TREATMENT PLANT","516 LOCUST STREET","DELTA","OH",0.725,NA,NA,NA,c(-83.994722, 41.574444)
"3991","MCCONNELSVILLE SEWER TREATMENT PLANT","2568 RIVERSIDE DRIVE","MCCONNELSVILLE","OH",0.5,NA,"Ohio",1,c(-81.8637, 39.65721)
"3992","MCCONNELSVILLE SEWER TREATMENT PLANT","2568 RIVERSIDE DRIVE","MCCONNELSVILLE","OH",0.5,NA,"Ohio",1,c(-81.8428, 39.6414)
"3993","MONTPELIER WWTP","231 CREEK BLVD","MONTPELIER","OH",1,NA,NA,NA,c(-84.6086, 41.5899)
"3994","MONTPELIER WWTP","231 CREEK BLVD","MONTPELIER","OH",1,NA,NA,NA,c(-84.60309, 41.59278)
"3995","NEWTON FALLS WPC","500 WARREN RD","NEWTON FALLS","OH",1.5,NA,NA,NA,c(-80.97367, 41.18494)
"3996","NEWTON FALLS WPC","500 WARREN RD","NEWTON FALLS","OH",1.5,NA,NA,NA,c(-80.96871, 41.19219)
"3997","NEWTON FALLS WPC","500 WARREN RD","NEWTON FALLS","OH",1.5,NA,NA,NA,c(-80.9725558, 41.1867966)
"3998","NEWTON FALLS WPC","500 WARREN RD","NEWTON FALLS","OH",1.5,NA,NA,NA,c(-80.9727341, 41.1866919)
"3999","NEWTON FALLS WPC","500 WARREN RD","NEWTON FALLS","OH",1.5,NA,NA,NA,c(-80.9715182, 41.1880964)
"4000","NEWTON FALLS WPC","500 WARREN RD","NEWTON FALLS","OH",1.5,NA,NA,NA,c(-80.96871, 41.19219)
"4001","NEWTON FALLS WPC","500 WARREN RD","NEWTON FALLS","OH",1.5,NA,NA,NA,c(-80.9715657, 41.1889028)
"4002","NEWTON FALLS WPC","500 WARREN RD","NEWTON FALLS","OH",1.5,NA,NA,NA,c(-80.9716259, 41.1887174)
"4003","NEWTON FALLS WPC","500 WARREN RD","NEWTON FALLS","OH",1.5,NA,NA,NA,c(-80.97163, 41.18872)
"4004","NEWTON FALLS WPC","500 WARREN RD","NEWTON FALLS","OH",1.5,NA,NA,NA,c(-80.9678631, 41.1812856)
"4005","NEWTON FALLS WPC","500 WARREN RD","NEWTON FALLS","OH",1.5,NA,NA,NA,c(-80.97582, 41.18058)
"4006","NEWTON FALLS WPC","500 WARREN RD","NEWTON FALLS","OH",1.5,NA,NA,NA,c(-80.9731888, 41.1857912)
"4007","NEWTON FALLS WPC","500 WARREN RD","NEWTON FALLS","OH",1.5,NA,NA,NA,c(-80.9720511, 41.1866414)
"4008","NEWTON FALLS WPC","500 WARREN RD","NEWTON FALLS","OH",1.5,NA,NA,NA,c(-80.9663045, 41.1961049)
"4009","NEWTON FALLS WPC","500 WARREN RD","NEWTON FALLS","OH",1.5,NA,NA,NA,c(-80.986173, 41.1872781)
"4010","NEWTON FALLS WPC","500 WARREN RD","NEWTON FALLS","OH",1.5,NA,NA,NA,c(-80.9840028, 41.1872446)
"4011","NEWTON FALLS WPC","500 WARREN RD","NEWTON FALLS","OH",1.5,NA,NA,NA,c(-80.97937, 41.1892)
"4012","NEWTON FALLS WPC","500 WARREN RD","NEWTON FALLS","OH",1.5,NA,NA,NA,c(-80.97373, 41.19535)
"4013","NEWTON FALLS WPC","500 WARREN RD","NEWTON FALLS","OH",1.5,NA,NA,NA,c(-80.9873794, 41.1861663)
"4014","NEWTON FALLS WPC","500 WARREN RD","NEWTON FALLS","OH",1.5,NA,NA,NA,c(-80.9815357, 41.1874986)
"4015","NEWTON FALLS WPC","500 WARREN RD","NEWTON FALLS","OH",1.5,NA,NA,NA,c(-80.9792497, 41.1886213)
"4016","NEWTON FALLS WPC","500 WARREN RD","NEWTON FALLS","OH",1.5,NA,NA,NA,c(-80.9731031, 41.1954205)
"4017","NEWTON FALLS WPC","500 WARREN RD","NEWTON FALLS","OH",1.5,NA,NA,NA,c(-80.9712141, 41.1964986)
"4018","WAUSEON WWTP","945 E LEGGETT ST","WAUSEON","OH",1.5,NA,NA,NA,c(-84.13425, 41.5532)
"4019","WAUSEON WWTP","945 E LEGGETT ST","WAUSEON","OH",1.5,NA,NA,NA,c(-84.12948, 41.54671)
"4020","AVON LAKE WPCF","33675 DURRELL AVE","AVON LAKE","OH",6.5,NA,NA,NA,c(-82.01944, 41.51111)
"4021","BOWLING GREEN","901 DUNBRIDGE RD","BOWLING GREEN","OH",10,NA,"Ohio",1,c(-83.62972, 41.38525)
"4022","JACKSON PIKE WATER RESOURCE RECOVERY FACILITY","2104 JACKSON PIKE","COLUMBUS","OH",68,NA,NA,NA,c(-83.0160539, 40.0141744)
"4023","JACKSON PIKE WATER RESOURCE RECOVERY FACILITY","2104 JACKSON PIKE","COLUMBUS","OH",68,NA,NA,NA,c(-83.0214599, 40.0054395)
"4024","JACKSON PIKE WATER RESOURCE RECOVERY FACILITY","2104 JACKSON PIKE","COLUMBUS","OH",68,NA,NA,NA,c(-83.0231696, 39.9968971)
"4025","JACKSON PIKE WATER RESOURCE RECOVERY FACILITY","2104 JACKSON PIKE","COLUMBUS","OH",68,NA,NA,NA,c(-83.02376, 39.9886084)
"4026","JACKSON PIKE WATER RESOURCE RECOVERY FACILITY","2104 JACKSON PIKE","COLUMBUS","OH",68,NA,NA,NA,c(-83.00694, 39.96417)
"4027","JACKSON PIKE WATER RESOURCE RECOVERY FACILITY","2104 JACKSON PIKE","COLUMBUS","OH",68,NA,NA,NA,c(-83.0071, 39.96417)
"4028","JACKSON PIKE WATER RESOURCE RECOVERY FACILITY","2104 JACKSON PIKE","COLUMBUS","OH",68,NA,NA,NA,c(-83.00694, 39.96417)
"4029","JACKSON PIKE WATER RESOURCE RECOVERY FACILITY","2104 JACKSON PIKE","COLUMBUS","OH",68,NA,NA,NA,c(-83.0003, 39.95833)
"4030","JACKSON PIKE WATER RESOURCE RECOVERY FACILITY","2104 JACKSON PIKE","COLUMBUS","OH",68,NA,NA,NA,c(-83.00694, 39.96417)
"4031","JACKSON PIKE WATER RESOURCE RECOVERY FACILITY","2104 JACKSON PIKE","COLUMBUS","OH",68,NA,NA,NA,c(-83.00111, 39.94194)
"4032","JACKSON PIKE WATER RESOURCE RECOVERY FACILITY","2104 JACKSON PIKE","COLUMBUS","OH",68,NA,NA,NA,c(-83.00111, 39.94194)
"4033","JACKSON PIKE WATER RESOURCE RECOVERY FACILITY","2104 JACKSON PIKE","COLUMBUS","OH",68,NA,NA,NA,c(-83.00028, 39.95222)
"4034","JACKSON PIKE WATER RESOURCE RECOVERY FACILITY","2104 JACKSON PIKE","COLUMBUS","OH",68,NA,NA,NA,c(-83.0208052, 39.9840616)
"4035","JACKSON PIKE WATER RESOURCE RECOVERY FACILITY","2104 JACKSON PIKE","COLUMBUS","OH",68,NA,NA,NA,c(-83.01139, 39.965)
"4036","JACKSON PIKE WATER RESOURCE RECOVERY FACILITY","2104 JACKSON PIKE","COLUMBUS","OH",68,NA,"Ohio",1,c(-83.005, 39.92472)
"4037","JACKSON PIKE WATER RESOURCE RECOVERY FACILITY","2104 JACKSON PIKE","COLUMBUS","OH",68,NA,NA,NA,c(-83.0214599, 40.0054395)
"4038","JACKSON PIKE WATER RESOURCE RECOVERY FACILITY","2104 JACKSON PIKE","COLUMBUS","OH",68,NA,NA,NA,c(-83.02083, 39.98056)
"4039","JACKSON PIKE WATER RESOURCE RECOVERY FACILITY","2104 JACKSON PIKE","COLUMBUS","OH",68,NA,NA,NA,c(-82.99917, 39.94111)
"4040","JACKSON PIKE WATER RESOURCE RECOVERY FACILITY","2104 JACKSON PIKE","COLUMBUS","OH",68,NA,NA,NA,c(-82.98944, 39.95583)
"4041","JACKSON PIKE WATER RESOURCE RECOVERY FACILITY","2104 JACKSON PIKE","COLUMBUS","OH",68,NA,NA,NA,c(-82.98972, 39.95667)
"4042","JACKSON PIKE WATER RESOURCE RECOVERY FACILITY","2104 JACKSON PIKE","COLUMBUS","OH",68,NA,NA,NA,c(-83.0025, 39.95083)
"4043","JACKSON PIKE WATER RESOURCE RECOVERY FACILITY","2104 JACKSON PIKE","COLUMBUS","OH",68,NA,NA,NA,c(-82.995, 39.95722)
"4044","JACKSON PIKE WATER RESOURCE RECOVERY FACILITY","2104 JACKSON PIKE","COLUMBUS","OH",68,NA,NA,NA,c(-82.99472, 39.95583)
"4045","JACKSON PIKE WATER RESOURCE RECOVERY FACILITY","2104 JACKSON PIKE","COLUMBUS","OH",68,NA,NA,NA,c(-82.99556, 39.95917)
"4046","JACKSON PIKE WATER RESOURCE RECOVERY FACILITY","2104 JACKSON PIKE","COLUMBUS","OH",68,NA,"Ohio",1,c(-83.01472, 39.95222)
"4047","JACKSON PIKE WATER RESOURCE RECOVERY FACILITY","2104 JACKSON PIKE","COLUMBUS","OH",68,NA,NA,NA,c(-83.00083, 39.97611)
"4048","JACKSON PIKE WATER RESOURCE RECOVERY FACILITY","2104 JACKSON PIKE","COLUMBUS","OH",68,NA,NA,NA,c(-83.0090915, 39.9065198)
"4049","JACKSON PIKE WATER RESOURCE RECOVERY FACILITY","2104 JACKSON PIKE","COLUMBUS","OH",68,NA,NA,NA,c(-83.005, 39.956111)
"4050","SOUTHERLY WATER RESOURCE RECOVERY FACILITY","6977 S HIGH ST","LOCKBOURNE","OH",NA,NA,"Ohio",1,c(-82.943295, 39.9564094)
"4051","ELYRIA WWTP","1194 GULF RD","ELYRIA","OH",13,NA,"Ohio",1,c(-82.10332, 41.37273)
"4052","ELYRIA WWTP","1194 GULF RD","ELYRIA","OH",13,NA,NA,NA,c(-82.10618, 41.36916)
"4053","ELYRIA WWTP","1194 GULF RD","ELYRIA","OH",13,NA,"Ohio",1,c(-82.10636, 41.3679)
"4054","ELYRIA WWTP","1194 GULF RD","ELYRIA","OH",13,NA,"Ohio",1,c(-82.11656, 41.37721)
"4055","ELYRIA WWTP","1194 GULF RD","ELYRIA","OH",13,NA,"Ohio",1,c(-82.11942, 41.37989)
"4056","ELYRIA WWTP","1194 GULF RD","ELYRIA","OH",13,NA,"Ohio",1,c(-82.10994, 41.37595)
"4057","ELYRIA WWTP","1194 GULF RD","ELYRIA","OH",13,NA,"Ohio",1,c(-82.10815, 41.36916)
"4058","ELYRIA WWTP","1194 GULF RD","ELYRIA","OH",13,NA,"Ohio",1,c(-82.11066, 41.36379)
"4059","ELYRIA WWTP","1194 GULF RD","ELYRIA","OH",13,NA,"Ohio",1,c(-82.11352, 41.35985)
"4060","ELYRIA WWTP","1194 GULF RD","ELYRIA","OH",13,NA,"Ohio",1,c(-82.11441, 41.35806)
"4061","ELYRIA WWTP","1194 GULF RD","ELYRIA","OH",13,NA,"Ohio",1,c(-82.1035, 41.36361)
"4062","ELYRIA WWTP","1194 GULF RD","ELYRIA","OH",13,NA,"Ohio",1,c(-82.10368, 41.36254)
"4063","ELYRIA WWTP","1194 GULF RD","ELYRIA","OH",13,NA,"Ohio",1,c(-82.10368, 41.36164)
"4064","ELYRIA WWTP","1194 GULF RD","ELYRIA","OH",13,NA,"Ohio",1,c(-82.10368, 41.35842)
"4065","ELYRIA WWTP","1194 GULF RD","ELYRIA","OH",13,NA,"Ohio",1,c(-82.10368, 41.35717)
"4066","ELYRIA WWTP","1194 GULF RD","ELYRIA","OH",13,NA,"Ohio",1,c(-82.10386, 41.35574)
"4067","ELYRIA WWTP","1194 GULF RD","ELYRIA","OH",13,NA,"Ohio",1,c(-82.10386, 41.35502)
"4068","ELYRIA WWTP","1194 GULF RD","ELYRIA","OH",13,NA,"Ohio",1,c(-82.10511, 41.35431)
"4069","ELYRIA WWTP","1194 GULF RD","ELYRIA","OH",13,NA,"Ohio",1,c(-82.10386, 41.35449)
"4070","ELYRIA WWTP","1194 GULF RD","ELYRIA","OH",13,NA,"Ohio",1,c(-82.11361, 41.35528)
"4071","ELYRIA WWTP","1194 GULF RD","ELYRIA","OH",13,NA,"Ohio",1,c(-82.12167, 41.36528)
"4072","ELYRIA WWTP","1194 GULF RD","ELYRIA","OH",13,NA,"Ohio",1,c(-82.12389, 41.36778)
"4073","ELYRIA WWTP","1194 GULF RD","ELYRIA","OH",13,NA,"Ohio",1,c(-82.105, 41.36889)
"4074","ELYRIA WWTP","1194 GULF RD","ELYRIA","OH",13,NA,NA,NA,c(-82.08945, 41.40498)
"4075","CITY OF FINDLAY WATER POLLUTION CONTROL CENTER","1201 SOUTH RIVER ROAD","FINDLAY","OH",15,NA,"Ohio",1,c(-83.65865, 41.04632)
"4076","CITY OF FINDLAY WATER POLLUTION CONTROL CENTER","1201 SOUTH RIVER ROAD","FINDLAY","OH",15,NA,"Ohio",1,c(-83.65387, 41.04467)
"4077","CITY OF FINDLAY WATER POLLUTION CONTROL CENTER","1201 SOUTH RIVER ROAD","FINDLAY","OH",15,NA,"Ohio",1,c(-83.65535, 41.04253)
"4078","CITY OF FINDLAY WATER POLLUTION CONTROL CENTER","1201 SOUTH RIVER ROAD","FINDLAY","OH",15,NA,"Ohio",1,c(-83.65436, 41.04187)
"4079","CITY OF FINDLAY WATER POLLUTION CONTROL CENTER","1201 SOUTH RIVER ROAD","FINDLAY","OH",15,NA,"Ohio",1,c(-83.64248, 41.02999)
"4080","CITY OF FINDLAY WATER POLLUTION CONTROL CENTER","1201 SOUTH RIVER ROAD","FINDLAY","OH",15,NA,"Ohio",1,c(-83.64166, 41.03642)
"4081","CITY OF FINDLAY WATER POLLUTION CONTROL CENTER","1201 SOUTH RIVER ROAD","FINDLAY","OH",15,NA,"Ohio",1,c(-83.65073, 41.04104)
"4082","CITY OF FINDLAY WATER POLLUTION CONTROL CENTER","1201 SOUTH RIVER ROAD","FINDLAY","OH",15,NA,"Ohio",1,c(-83.66129, 41.04269)
"4083","CITY OF FINDLAY WATER POLLUTION CONTROL CENTER","1201 SOUTH RIVER ROAD","FINDLAY","OH",15,NA,NA,NA,c(-83.64578, 41.06926)
"4084","CITY OF FINDLAY WATER POLLUTION CONTROL CENTER","1201 SOUTH RIVER ROAD","FINDLAY","OH",15,NA,"Ohio",1,c(-83.65172, 41.04253)
"4085","CITY OF FINDLAY WATER POLLUTION CONTROL CENTER","1201 SOUTH RIVER ROAD","FINDLAY","OH",15,NA,"Ohio",1,c(-83.65028, 41.02278)
"4086","CITY OF FINDLAY WATER POLLUTION CONTROL CENTER","1201 SOUTH RIVER ROAD","FINDLAY","OH",15,NA,NA,NA,c(-83.64667, 41.02139)
"4087","CITY OF FINDLAY WATER POLLUTION CONTROL CENTER","1201 SOUTH RIVER ROAD","FINDLAY","OH",15,NA,NA,NA,c(-83.66278, 41.02306)
"4088","CITY OF FINDLAY WATER POLLUTION CONTROL CENTER","1201 SOUTH RIVER ROAD","FINDLAY","OH",15,NA,NA,NA,c(-83.62694, 41.02556)
"4089","FREMONT WATER RECLAMATION CENTER","1019 SAND ROAD","FREMONT","OH",7.6,NA,NA,NA,c(-83.108611, 41.343056)
"4090","FREMONT WATER RECLAMATION CENTER","1019 SAND ROAD","FREMONT","OH",7.6,NA,NA,NA,c(-83.109722, 41.344444)
"4091","FREMONT WATER RECLAMATION CENTER","1019 SAND ROAD","FREMONT","OH",7.6,NA,NA,NA,c(-83.100556, 41.347778)
"4092","FREMONT WATER RECLAMATION CENTER","1019 SAND ROAD","FREMONT","OH",7.6,NA,NA,NA,c(-83.109167, 41.350556)
"4093","FREMONT WATER RECLAMATION CENTER","1019 SAND ROAD","FREMONT","OH",7.6,NA,NA,NA,c(-83.106389, 41.351667)
"4094","FREMONT WATER RECLAMATION CENTER","1019 SAND ROAD","FREMONT","OH",7.6,NA,NA,NA,c(-83.116111, 41.355833)
"4095","FREMONT WATER RECLAMATION CENTER","1019 SAND ROAD","FREMONT","OH",7.6,NA,"Ohio",1,c(-83.11, 41.341389)
"4096","FREMONT WATER RECLAMATION CENTER","1019 SAND ROAD","FREMONT","OH",7.6,NA,NA,NA,c(-83.1125, 41.351111)
"4097","FREMONT WATER RECLAMATION CENTER","1019 SAND ROAD","FREMONT","OH",7.6,NA,NA,NA,c(-83.110278, 41.353889)
"4098","FREMONT WATER RECLAMATION CENTER","1019 SAND ROAD","FREMONT","OH",7.6,NA,NA,NA,c(-83.104722, 41.358611)
"4099","LAKEWOOD WWTP","1699 PARK DR - METROPOLITAN PARK","LAKEWOOD","OH",18,NA,NA,NA,c(-81.8227778, 41.4713889)
"4100","LAKEWOOD WWTP","1699 PARK DR - METROPOLITAN PARK","LAKEWOOD","OH",18,NA,NA,NA,c(-81.82333, 41.47806)
"4101","LAKEWOOD WWTP","1699 PARK DR - METROPOLITAN PARK","LAKEWOOD","OH",18,NA,NA,NA,c(-81.82806, 41.47833)
"4102","LAKEWOOD WWTP","1699 PARK DR - METROPOLITAN PARK","LAKEWOOD","OH",18,NA,NA,NA,c(-81.81222, 41.49389)
"4103","LAKEWOOD WWTP","1699 PARK DR - METROPOLITAN PARK","LAKEWOOD","OH",18,NA,NA,NA,c(-81.80528, 41.49528)
"4104","LAKEWOOD WWTP","1699 PARK DR - METROPOLITAN PARK","LAKEWOOD","OH",18,NA,NA,NA,c(-81.79667, 41.49167)
"4105","LAKEWOOD WWTP","1699 PARK DR - METROPOLITAN PARK","LAKEWOOD","OH",18,NA,NA,NA,c(-81.79111, 41.49361)
"4106","LAKEWOOD WWTP","1699 PARK DR - METROPOLITAN PARK","LAKEWOOD","OH",18,NA,NA,NA,c(-81.78194, 41.49306)
"4107","MIDDLEPORT WWTP","STORY'S RUN RD","MIDDLEPORT","OH",0.55,NA,"Ohio",1,c(-82.08558, 38.97856)
"4108","MIDDLEPORT WWTP","STORY'S RUN RD","MIDDLEPORT","OH",0.55,NA,"Ohio",1,c(-82.0517803, 38.9953283)
"4109","MIDDLEPORT WWTP","STORY'S RUN RD","MIDDLEPORT","OH",0.55,NA,"Ohio",1,c(-82.04958, 38.99794)
"4110","MIDDLEPORT WWTP","STORY'S RUN RD","MIDDLEPORT","OH",0.55,NA,"Ohio",1,c(-82.04882, 38.99916)
"4111","MIDDLEPORT WWTP","STORY'S RUN RD","MIDDLEPORT","OH",0.55,NA,"Ohio",1,c(-82.0475678, 39.0011697)
"4112","MIDDLEPORT WWTP","STORY'S RUN RD","MIDDLEPORT","OH",0.55,NA,"Ohio",1,c(-82.04634, 39.00358)
"4113","MIDDLETOWN WWTP","300 OXFORD STATE RD","MIDDLETOWN","OH",26,NA,"Ohio",1,c(-84.42261, 39.49726)
"4114","MIDDLETOWN WWTP","300 OXFORD STATE RD","MIDDLETOWN","OH",26,NA,"Ohio",1,c(-84.41934, 39.5011)
"4115","MIDDLETOWN WWTP","300 OXFORD STATE RD","MIDDLETOWN","OH",26,NA,"Ohio",1,c(-84.41867, 39.50205)
"4116","MIDDLETOWN WWTP","300 OXFORD STATE RD","MIDDLETOWN","OH",26,NA,"Ohio",1,c(-84.4175, 39.50443)
"4117","MIDDLETOWN WWTP","300 OXFORD STATE RD","MIDDLETOWN","OH",26,NA,"Ohio",1,c(-84.41679, 39.50716)
"4118","MIDDLETOWN WWTP","300 OXFORD STATE RD","MIDDLETOWN","OH",26,NA,"Ohio",1,c(-84.41216, 39.51634)
"4119","MIDDLETOWN WWTP","300 OXFORD STATE RD","MIDDLETOWN","OH",26,NA,"Ohio",1,c(-84.40492, 39.51985)
"4120","MIDDLETOWN WWTP","300 OXFORD STATE RD","MIDDLETOWN","OH",26,NA,"Ohio",1,c(-84.40553, 39.51939)
"4121","MINGO JUNCTION STP","ERIE AVE","MINGO JUNCTION","OH",0.6,NA,NA,NA,c(-80.60944, 40.31748)
"4122","MINGO JUNCTION STP","ERIE AVE","MINGO JUNCTION","OH",0.6,NA,NA,NA,c(-80.60832, 40.31806)
"4123","MINGO JUNCTION STP","ERIE AVE","MINGO JUNCTION","OH",0.6,NA,NA,NA,c(-80.60739, 40.31879)
"4124","MINGO JUNCTION STP","ERIE AVE","MINGO JUNCTION","OH",0.6,NA,NA,NA,c(-80.60563, 40.32212)
"4125","MINGO JUNCTION STP","ERIE AVE","MINGO JUNCTION","OH",0.6,NA,NA,NA,c(-80.60842, 40.32231)
"4126","NEWARK WWTP","1003 E MAIN ST","NEWARK","OH",8,NA,NA,NA,c(-82.4, 40.07083)
"4127","NEWARK WWTP","1003 E MAIN ST","NEWARK","OH",8,NA,"Ohio",1,c(-82.39667, 40.06083)
"4128","NEWARK WWTP","1003 E MAIN ST","NEWARK","OH",8,NA,"Ohio",1,c(-82.39167, 40.05306)
"4129","NEWARK WWTP","1003 E MAIN ST","NEWARK","OH",8,NA,NA,NA,c(-82.40167, 40.0725)
"4130","NEWARK WWTP","1003 E MAIN ST","NEWARK","OH",8,NA,"Ohio",1,c(-82.39556, 40.05139)
"4131","NEWARK WWTP","1003 E MAIN ST","NEWARK","OH",8,NA,"Ohio",1,c(-82.39667, 40.05056)
"4132","NEWARK WWTP","1003 E MAIN ST","NEWARK","OH",8,NA,"Ohio",1,c(-82.40222, 40.0475)
"4133","NEWARK WWTP","1003 E MAIN ST","NEWARK","OH",8,NA,"Ohio",1,c(-82.40778, 40.045)
"4134","NEWARK WWTP","1003 E MAIN ST","NEWARK","OH",8,NA,"Ohio",1,c(-82.41361, 40.04167)
"4135","NEWARK WWTP","1003 E MAIN ST","NEWARK","OH",8,NA,"Ohio",1,c(-82.41139, 40.05056)
"4136","NEWARK WWTP","1003 E MAIN ST","NEWARK","OH",8,NA,"Ohio",1,c(-82.41167, 40.05306)
"4137","NEWARK WWTP","1003 E MAIN ST","NEWARK","OH",8,NA,"Ohio",1,c(-82.41167, 40.05333)
"4138","NEWARK WWTP","1003 E MAIN ST","NEWARK","OH",8,NA,"Ohio",1,c(-82.41194, 40.05389)
"4139","NEWARK WWTP","1003 E MAIN ST","NEWARK","OH",8,NA,"Ohio",1,c(-82.41278, 40.05528)
"4140","NEWARK WWTP","1003 E MAIN ST","NEWARK","OH",8,NA,"Ohio",1,c(-82.41167, 40.05528)
"4141","NEWARK WWTP","1003 E MAIN ST","NEWARK","OH",8,NA,"Ohio",1,c(-82.41583, 40.05556)
"4142","NEWARK WWTP","1003 E MAIN ST","NEWARK","OH",8,NA,"Ohio",1,c(-82.4175, 40.05528)
"4143","NEWARK WWTP","1003 E MAIN ST","NEWARK","OH",8,NA,"Ohio",1,c(-82.41778, 40.05528)
"4144","NEWARK WWTP","1003 E MAIN ST","NEWARK","OH",8,NA,"Ohio",1,c(-82.42167, 40.05583)
"4145","NEWARK WWTP","1003 E MAIN ST","NEWARK","OH",8,NA,"Ohio",1,c(-82.42556, 40.05694)
"4146","NEWARK WWTP","1003 E MAIN ST","NEWARK","OH",8,NA,"Ohio",1,c(-82.39639, 40.06139)
"4147","PORTSMOUTH LAWSON RUN WWTP","2040 CHARLES ST","PORTSMOUTH","OH",6.5,NA,"Ohio",1,c(-82.97447, 38.73083)
"4148","PORTSMOUTH LAWSON RUN WWTP","2040 CHARLES ST","PORTSMOUTH","OH",6.5,NA,"Ohio",1,c(-82.99503, 38.72926)
"4149","PORTSMOUTH LAWSON RUN WWTP","2040 CHARLES ST","PORTSMOUTH","OH",6.5,NA,"Ohio",1,c(-83.00111, 38.72991)
"4150","PORTSMOUTH LAWSON RUN WWTP","2040 CHARLES ST","PORTSMOUTH","OH",6.5,NA,"Ohio",1,c(-83.00962, 38.73395)
"4151","PORTSMOUTH LAWSON RUN WWTP","2040 CHARLES ST","PORTSMOUTH","OH",6.5,NA,"Ohio",1,c(-82.99973, 38.73996)
"4152","PORTSMOUTH LAWSON RUN WWTP","2040 CHARLES ST","PORTSMOUTH","OH",6.5,NA,"Ohio",1,c(-82.99504, 38.74459)
"4153","PORTSMOUTH LAWSON RUN WWTP","2040 CHARLES ST","PORTSMOUTH","OH",6.5,NA,NA,NA,c(-82.99188, 38.76221)
"4154","PORTSMOUTH LAWSON RUN WWTP","2040 CHARLES ST","PORTSMOUTH","OH",6.5,NA,"Ohio",1,c(-82.9944444, 38.7572222)
"4155","PORTSMOUTH LAWSON RUN WWTP","2040 CHARLES ST","PORTSMOUTH","OH",6.5,NA,"Ohio",1,c(-82.95698, 38.73621)
"4156","PORTSMOUTH LAWSON RUN WWTP","2040 CHARLES ST","PORTSMOUTH","OH",6.5,NA,"Ohio",1,c(-82.94881, 38.74221)
"4157","SANDUSKY WPC","304 HARRISON ST","SANDUSKY","OH",22,NA,NA,NA,c(-82.68944, 41.45444)
"4158","SANDUSKY WPC","304 HARRISON ST","SANDUSKY","OH",22,NA,NA,NA,c(-82.6925, 41.45444)
"4159","SANDUSKY WPC","304 HARRISON ST","SANDUSKY","OH",22,NA,NA,NA,c(-82.69333, 41.455)
"4160","SANDUSKY WPC","304 HARRISON ST","SANDUSKY","OH",22,NA,"Ohio",1,c(-82.70368, 41.46168)
"4161","SANDUSKY WPC","304 HARRISON ST","SANDUSKY","OH",22,NA,"Ohio",1,c(-82.70648, 41.46029)
"4162","SANDUSKY WPC","304 HARRISON ST","SANDUSKY","OH",22,NA,"Ohio",1,c(-82.71472, 41.4575)
"4163","SANDUSKY WPC","304 HARRISON ST","SANDUSKY","OH",22,NA,"Ohio",1,c(-82.70944, 41.45861)
"4164","SANDUSKY WPC","304 HARRISON ST","SANDUSKY","OH",22,NA,"Ohio",1,c(-82.71657, 41.45796)
"4165","SANDUSKY WPC","304 HARRISON ST","SANDUSKY","OH",22,NA,"Ohio",1,c(-82.71972, 41.45611)
"4166","SANDUSKY WPC","304 HARRISON ST","SANDUSKY","OH",22,NA,"Ohio",1,c(-82.72194, 41.45611)
"4167","SANDUSKY WPC","304 HARRISON ST","SANDUSKY","OH",22,NA,"Ohio",1,c(-82.72278, 41.45528)
"4168","SANDUSKY WPC","304 HARRISON ST","SANDUSKY","OH",22,NA,"Ohio",1,c(-82.72833, 41.45167)
"4169","SANDUSKY WPC","304 HARRISON ST","SANDUSKY","OH",22,NA,"Ohio",1,c(-82.68333, 41.43278)
"4170","SANDUSKY WPC","304 HARRISON ST","SANDUSKY","OH",22,NA,"Ohio",1,c(-82.72389, 41.44611)
"4171","SPRINGFIELD WWTP","965 DAYTON AVE","SPRINGFIELD","OH",25,NA,"Ohio",1,c(-83.84761, 39.92037)
"4172","SPRINGFIELD WWTP","965 DAYTON AVE","SPRINGFIELD","OH",25,NA,"Ohio",1,c(-83.84792, 39.92618)
"4173","SPRINGFIELD WWTP","965 DAYTON AVE","SPRINGFIELD","OH",25,NA,"Ohio",1,c(-83.84667, 39.93062)
"4174","SPRINGFIELD WWTP","965 DAYTON AVE","SPRINGFIELD","OH",25,NA,"Ohio",1,c(-83.84081, 39.93225)
"4175","SPRINGFIELD WWTP","965 DAYTON AVE","SPRINGFIELD","OH",25,NA,"Ohio",1,c(-83.8325, 39.93258)
"4176","SPRINGFIELD WWTP","965 DAYTON AVE","SPRINGFIELD","OH",25,NA,"Ohio",1,c(-83.83347, 39.93259)
"4177","SPRINGFIELD WWTP","965 DAYTON AVE","SPRINGFIELD","OH",25,NA,"Ohio",1,c(-83.82537, 39.93269)
"4178","SPRINGFIELD WWTP","965 DAYTON AVE","SPRINGFIELD","OH",25,NA,"Ohio",1,c(-83.82536, 39.93271)
"4179","SPRINGFIELD WWTP","965 DAYTON AVE","SPRINGFIELD","OH",25,NA,"Ohio",1,c(-83.82403, 39.93302)
"4180","SPRINGFIELD WWTP","965 DAYTON AVE","SPRINGFIELD","OH",25,NA,NA,NA,c(-83.81914, 39.93399)
"4181","SPRINGFIELD WWTP","965 DAYTON AVE","SPRINGFIELD","OH",25,NA,"Ohio",1,c(-83.81682, 39.93187)
"4182","SPRINGFIELD WWTP","965 DAYTON AVE","SPRINGFIELD","OH",25,NA,"Ohio",1,c(-83.81678, 39.93226)
"4183","SPRINGFIELD WWTP","965 DAYTON AVE","SPRINGFIELD","OH",25,NA,"Ohio",1,c(-83.81528, 39.93333)
"4184","SPRINGFIELD WWTP","965 DAYTON AVE","SPRINGFIELD","OH",25,NA,"Ohio",1,c(-83.81165, 39.92838)
"4185","SPRINGFIELD WWTP","965 DAYTON AVE","SPRINGFIELD","OH",25,NA,"Ohio",1,c(-83.81017, 39.92939)
"4186","SPRINGFIELD WWTP","965 DAYTON AVE","SPRINGFIELD","OH",25,NA,"Ohio",1,c(-83.80973, 39.92936)
"4187","SPRINGFIELD WWTP","965 DAYTON AVE","SPRINGFIELD","OH",25,NA,"Ohio",1,c(-83.81028, 39.92917)
"4188","SPRINGFIELD WWTP","965 DAYTON AVE","SPRINGFIELD","OH",25,NA,"Ohio",1,c(-83.80821, 39.92913)
"4189","SPRINGFIELD WWTP","965 DAYTON AVE","SPRINGFIELD","OH",25,NA,"Ohio",1,c(-83.80803, 39.929)
"4190","SPRINGFIELD WWTP","965 DAYTON AVE","SPRINGFIELD","OH",25,NA,"Ohio",1,c(-83.80401, 39.92784)
"4191","SPRINGFIELD WWTP","965 DAYTON AVE","SPRINGFIELD","OH",25,NA,"Ohio",1,c(-83.80183, 39.92787)
"4192","SPRINGFIELD WWTP","965 DAYTON AVE","SPRINGFIELD","OH",25,NA,"Ohio",1,c(-83.80134, 39.9279)
"4193","SPRINGFIELD WWTP","965 DAYTON AVE","SPRINGFIELD","OH",25,NA,"Ohio",1,c(-83.79738, 39.92834)
"4194","SPRINGFIELD WWTP","965 DAYTON AVE","SPRINGFIELD","OH",25,NA,"Ohio",1,c(-83.79718, 39.92862)
"4195","SPRINGFIELD WWTP","965 DAYTON AVE","SPRINGFIELD","OH",25,NA,"Ohio",1,c(-83.79615, 39.93054)
"4196","SPRINGFIELD WWTP","965 DAYTON AVE","SPRINGFIELD","OH",25,NA,"Ohio",1,c(-83.79581, 39.93046)
"4197","SPRINGFIELD WWTP","965 DAYTON AVE","SPRINGFIELD","OH",25,NA,"Ohio",1,c(-83.79265, 39.93565)
"4198","SPRINGFIELD WWTP","965 DAYTON AVE","SPRINGFIELD","OH",25,NA,"Ohio",1,c(-83.78696, 39.93715)
"4199","SPRINGFIELD WWTP","965 DAYTON AVE","SPRINGFIELD","OH",25,NA,"Ohio",1,c(-83.78562, 39.93765)
"4200","SPRINGFIELD WWTP","965 DAYTON AVE","SPRINGFIELD","OH",25,NA,"Ohio",1,c(-83.78202, 39.93897)
"4201","SPRINGFIELD WWTP","965 DAYTON AVE","SPRINGFIELD","OH",25,NA,"Ohio",1,c(-83.77832, 39.93873)
"4202","SPRINGFIELD WWTP","965 DAYTON AVE","SPRINGFIELD","OH",25,NA,"Ohio",1,c(-83.77661, 39.93884)
"4203","SPRINGFIELD WWTP","965 DAYTON AVE","SPRINGFIELD","OH",25,NA,NA,NA,c(-83.76985, 39.9374)
"4204","SPRINGFIELD WWTP","965 DAYTON AVE","SPRINGFIELD","OH",25,NA,"Ohio",1,c(-83.80138, 39.92788)
"4205","SPRINGFIELD WWTP","965 DAYTON AVE","SPRINGFIELD","OH",25,NA,"Ohio",1,c(-83.79522, 39.91792)
"4206","SPRINGFIELD WWTP","965 DAYTON AVE","SPRINGFIELD","OH",25,NA,"Ohio",1,c(-83.80138, 39.92788)
"4207","SPRINGFIELD WWTP","965 DAYTON AVE","SPRINGFIELD","OH",25,NA,"Ohio",1,c(-83.79522, 39.91792)
"4208","SPRINGFIELD WWTP","965 DAYTON AVE","SPRINGFIELD","OH",25,NA,"Ohio",1,c(-83.79522, 39.91792)
"4209","SPRINGFIELD WWTP","965 DAYTON AVE","SPRINGFIELD","OH",25,NA,"Ohio",1,c(-83.7952, 39.91797)
"4210","SPRINGFIELD WWTP","965 DAYTON AVE","SPRINGFIELD","OH",25,NA,"Ohio",1,c(-83.79284, 39.91729)
"4211","SPRINGFIELD WWTP","965 DAYTON AVE","SPRINGFIELD","OH",25,NA,"Ohio",1,c(-83.79028, 39.91611)
"4212","SPRINGFIELD WWTP","965 DAYTON AVE","SPRINGFIELD","OH",25,NA,"Ohio",1,c(-83.78764, 39.91475)
"4213","SPRINGFIELD WWTP","965 DAYTON AVE","SPRINGFIELD","OH",25,NA,"Ohio",1,c(-83.78639, 39.91425)
"4214","SPRINGFIELD WWTP","965 DAYTON AVE","SPRINGFIELD","OH",25,NA,"Ohio",1,c(-83.78635, 39.9143)
"4215","SPRINGFIELD WWTP","965 DAYTON AVE","SPRINGFIELD","OH",25,NA,"Ohio",1,c(-83.77889, 39.91058)
"4216","SPRINGFIELD WWTP","965 DAYTON AVE","SPRINGFIELD","OH",25,NA,"Ohio",1,c(-83.78095, 39.91185)
"4217","SPRINGFIELD WWTP","965 DAYTON AVE","SPRINGFIELD","OH",25,NA,"Ohio",1,c(-83.77766, 39.90988)
"4218","SPRINGFIELD WWTP","965 DAYTON AVE","SPRINGFIELD","OH",25,NA,"Ohio",1,c(-83.82103, 39.89735)
"4219","SPRINGFIELD WWTP","965 DAYTON AVE","SPRINGFIELD","OH",25,NA,NA,NA,c(-83.84293, 39.94918)
"4220","SPRINGFIELD WWTP","965 DAYTON AVE","SPRINGFIELD","OH",25,NA,"Ohio",1,c(-83.7863, 39.93731)
"4221","SPRINGFIELD WWTP","965 DAYTON AVE","SPRINGFIELD","OH",25,NA,"Ohio",1,c(-83.8018, 39.92806)
"4222","SPRINGFIELD WWTP","965 DAYTON AVE","SPRINGFIELD","OH",25,NA,"Ohio",1,c(-83.81079, 39.92872)
"4223","SPRINGFIELD WWTP","965 DAYTON AVE","SPRINGFIELD","OH",25,NA,"Ohio",1,c(-83.82103, 39.89735)
"4224","SPRINGFIELD WWTP","965 DAYTON AVE","SPRINGFIELD","OH",25,NA,"Ohio",1,c(-83.84699, 39.91648)
"4225","WAPAKONETA WWTP","201 HERBSTRITT COURT","WAPAKONETA","OH",4,NA,NA,NA,c(-84.19306, 40.57083)
"4226","WAPAKONETA WWTP","201 HERBSTRITT COURT","WAPAKONETA","OH",4,NA,NA,NA,c(-84.20306, 40.57028)
"4227","WILLARD WPCP","7 B&O PIKE EAST","WILLARD","OH",4.5,NA,NA,NA,c(-82.72833, 41.06639)
"4228","WILLARD WPCP","7 B&O PIKE EAST","WILLARD","OH",4.5,NA,NA,NA,c(-82.72917, 41.06778)
"4229","WILLARD WPCP","7 B&O PIKE EAST","WILLARD","OH",4.5,NA,NA,NA,c(-82.72778, 41.06583)
"4230","WOODSFIELD STP","670 OLD BRICK RD","WOODSFIELD","OH",0.53,NA,"Ohio",1,c(-81.10904, 39.75711)
"4231","WOODSFIELD STP","670 OLD BRICK RD","WOODSFIELD","OH",0.53,NA,"Ohio",1,c(-81.10174, 39.75939)
"4232","WOOSTER WPCP","1123 COLUMBUS RD","WOOSTER","OH",7.5,NA,"Ohio",1,c(-81.93611, 40.79222)
"4233","WOOSTER WPCP","1123 COLUMBUS RD","WOOSTER","OH",7.5,NA,NA,NA,c(-81.94194, 40.79028)
"4234","CITY OF EUCLID WWTP","22201 LAKESHORE BLVD.","EUCLID","OH",22,NA,"Ohio",1,c(-81.502222, 41.610833)
"4235","CITY OF EUCLID WWTP","22201 LAKESHORE BLVD.","EUCLID","OH",22,NA,"Ohio",1,c(-81.489167, 41.618611)
"4236","CITY OF EUCLID WWTP","22201 LAKESHORE BLVD.","EUCLID","OH",22,NA,"Ohio",1,c(-81.51, 41.59)
"4237","CITY OF EUCLID WWTP","22201 LAKESHORE BLVD.","EUCLID","OH",22,NA,"Ohio",1,c(-81.51, 41.609167)
"4238","CITY OF EUCLID WWTP","22201 LAKESHORE BLVD.","EUCLID","OH",22,NA,"Ohio",1,c(-81.537222, 41.593333)
"4239","CITY OF EUCLID WWTP","22201 LAKESHORE BLVD.","EUCLID","OH",22,NA,"Ohio",1,c(-81.524444, 41.571944)
"4240","CITY OF EUCLID WWTP","22201 LAKESHORE BLVD.","EUCLID","OH",22,NA,"Ohio",1,c(-81.495, 41.615833)
"4241","CITY OF EUCLID WWTP","22201 LAKESHORE BLVD.","EUCLID","OH",22,NA,"Ohio",1,c(-81.491944, 41.625278)
"4242","CITY OF EUCLID WWTP","22201 LAKESHORE BLVD.","EUCLID","OH",22,NA,"Ohio",1,c(-81.539722, 41.561944)
"4243","CITY OF EUCLID WWTP","22201 LAKESHORE BLVD.","EUCLID","OH",22,NA,"Ohio",1,c(-81.506667, 41.590556)
"4244","CITY OF EUCLID WWTP","22201 LAKESHORE BLVD.","EUCLID","OH",22,NA,NA,NA,c(-81.506667, 41.570833)
"4245","CITY OF EUCLID WWTP","22201 LAKESHORE BLVD.","EUCLID","OH",22,NA,"Ohio",1,c(-81.502222, 41.618056)
"4246","CITY OF EUCLID WWTP","22201 LAKESHORE BLVD.","EUCLID","OH",22,NA,"Ohio",1,c(-81.506667, 41.618889)
"4247","CITY OF EUCLID WWTP","22201 LAKESHORE BLVD.","EUCLID","OH",22,NA,"Ohio",1,c(-81.5475, 41.558333)
"4248","CITY OF EUCLID WWTP","22201 LAKESHORE BLVD.","EUCLID","OH",22,NA,"Ohio",1,c(-81.521389, 41.568889)
"4249","CITY OF EUCLID WWTP","22201 LAKESHORE BLVD.","EUCLID","OH",22,NA,"Ohio",1,c(-81.521389, 41.571389)
"4250","NORWALK WWTP","201 PLANK RD","NORWALK","OH",3.5,NA,NA,NA,c(-82.62, 41.23722)
"4251","NORWALK WWTP","201 PLANK RD","NORWALK","OH",3.5,NA,NA,NA,c(-82.61194, 41.25889)
"4252","NORWALK WWTP","201 PLANK RD","NORWALK","OH",3.5,NA,NA,NA,c(-82.62222, 41.25083)
"4253","FOSTORIA WWTP","1301 PERRYSBURG RD","FOSTORIA","OH",8.25,NA,"Ohio",1,c(-83.42639, 41.17778)
"4254","FOSTORIA WWTP","1301 PERRYSBURG RD","FOSTORIA","OH",8.25,NA,"Ohio",1,c(-83.425, 41.16722)
"4255","FOSTORIA WWTP","1301 PERRYSBURG RD","FOSTORIA","OH",8.25,NA,NA,NA,c(-83.42472, 41.14778)
"4256","FOSTORIA WWTP","1301 PERRYSBURG RD","FOSTORIA","OH",8.25,NA,"Ohio",1,c(-83.39028, 41.16778)
"4257","PORT CLINTON WWTP","100 N JACKSON ST","PORT CLINTON","OH",2,NA,NA,NA,c(-82.93889, 41.51417)
"4258","TIFFIN WWTP","961 N WATER ST","TIFFIN","OH",4,NA,NA,NA,c(-83.16556, 41.13333)
"4259","TIFFIN WWTP","961 N WATER ST","TIFFIN","OH",4,NA,"Ohio",1,c(-83.16667, 41.12889)
"4260","TIFFIN WWTP","961 N WATER ST","TIFFIN","OH",4,NA,"Ohio",1,c(-83.17278, 41.12333)
"4261","TIFFIN WWTP","961 N WATER ST","TIFFIN","OH",4,NA,"Ohio",1,c(-83.17389, 41.12139)
"4262","TIFFIN WWTP","961 N WATER ST","TIFFIN","OH",4,NA,"Ohio",1,c(-83.17778, 41.1175)
"4263","TIFFIN WWTP","961 N WATER ST","TIFFIN","OH",4,NA,"Ohio",1,c(-83.17972, 41.11639)
"4264","TIFFIN WWTP","961 N WATER ST","TIFFIN","OH",4,NA,"Ohio",1,c(-83.18083, 41.11639)
"4265","TIFFIN WWTP","961 N WATER ST","TIFFIN","OH",4,NA,"Ohio",1,c(-83.18111, 41.11528)
"4266","TIFFIN WWTP","961 N WATER ST","TIFFIN","OH",4,NA,"Ohio",1,c(-83.18111, 41.1125)
"4267","TIFFIN WWTP","961 N WATER ST","TIFFIN","OH",4,NA,"Ohio",1,c(-83.18028, 41.11361)
"4268","TIFFIN WWTP","961 N WATER ST","TIFFIN","OH",4,NA,"Ohio",1,c(-83.1875, 41.11139)
"4269","TIFFIN WWTP","961 N WATER ST","TIFFIN","OH",4,NA,"Ohio",1,c(-83.18889, 41.11111)
"4270","TIFFIN WWTP","961 N WATER ST","TIFFIN","OH",4,NA,"Ohio",1,c(-83.17528, 41.1175)
"4271","TIFFIN WWTP","961 N WATER ST","TIFFIN","OH",4,NA,"Ohio",1,c(-83.17556, 41.11778)
"4272","TIFFIN WWTP","961 N WATER ST","TIFFIN","OH",4,NA,"Ohio",1,c(-83.17667, 41.11722)
"4273","TIFFIN WWTP","961 N WATER ST","TIFFIN","OH",4,NA,"Ohio",1,c(-83.17972, 41.11528)
"4274","TIFFIN WWTP","961 N WATER ST","TIFFIN","OH",4,NA,"Ohio",1,c(-83.17889, 41.115)
"4275","TIFFIN WWTP","961 N WATER ST","TIFFIN","OH",4,NA,NA,NA,c(-83.17833, 41.11333)
"4276","TIFFIN WWTP","961 N WATER ST","TIFFIN","OH",4,NA,NA,NA,c(-83.17806, 41.11278)
"4277","TIFFIN WWTP","961 N WATER ST","TIFFIN","OH",4,NA,NA,NA,c(-83.17194, 41.11333)
"4278","TIFFIN WWTP","961 N WATER ST","TIFFIN","OH",4,NA,NA,NA,c(-83.17083, 41.11444)
"4279","TIFFIN WWTP","961 N WATER ST","TIFFIN","OH",4,NA,NA,NA,c(-83.16778, 41.11306)
"4280","TIFFIN WWTP","961 N WATER ST","TIFFIN","OH",4,NA,NA,NA,c(-83.16417, 41.10944)
"4281","TIFFIN WWTP","961 N WATER ST","TIFFIN","OH",4,NA,"Ohio",1,c(-83.17222, 41.12028)
"4282","TIFFIN WWTP","961 N WATER ST","TIFFIN","OH",4,NA,"Ohio",1,c(-83.19944, 41.11167)
"4283","TIFFIN WWTP","961 N WATER ST","TIFFIN","OH",4,NA,"Ohio",1,c(-83.17917, 41.11556)
"4284","TIFFIN WWTP","961 N WATER ST","TIFFIN","OH",4,NA,NA,NA,c(-83.16389, 41.13361)
"4285","TIFFIN WWTP","961 N WATER ST","TIFFIN","OH",4,NA,"Ohio",1,c(-83.16639, 41.12694)
"4286","TIFFIN WWTP","961 N WATER ST","TIFFIN","OH",4,NA,"Ohio",1,c(-83.16694, 41.12972)
"4287","TIFFIN WWTP","961 N WATER ST","TIFFIN","OH",4,NA,NA,NA,c(-83.18028, 41.10444)
"4288","MALTA COLLECTION SYSTEM","FIFTH ST","MALTA","OH",NA,NA,"Ohio",1,c(-81.86179, 39.6509)
"4289","MALTA COLLECTION SYSTEM","FIFTH ST","MALTA","OH",NA,NA,"Ohio",1,c(-81.86219, 39.65128)
"4290","MALTA COLLECTION SYSTEM","FIFTH ST","MALTA","OH",NA,NA,"Ohio",1,c(-81.86491, 39.65564)
"4291","CINCINNATI GALBRAITH ROAD MSD SITE","225 W GALBRAITH RD","CINCINNATI","OH",NA,NA,"Ohio",1,c(-84.5447222, 39.1166667)
"4292","CINCINNATI GALBRAITH ROAD MSD SITE","225 W GALBRAITH RD","CINCINNATI","OH",NA,NA,"Ohio",1,c(-84.5430556, 39.1230556)
"4293","CINCINNATI GALBRAITH ROAD MSD SITE","225 W GALBRAITH RD","CINCINNATI","OH",NA,NA,"Ohio",1,c(-84.5427778, 39.1236111)
"4294","CINCINNATI GALBRAITH ROAD MSD SITE","225 W GALBRAITH RD","CINCINNATI","OH",NA,NA,"Ohio",1,c(-84.5433333, 39.1236111)
"4295","CINCINNATI GALBRAITH ROAD MSD SITE","225 W GALBRAITH RD","CINCINNATI","OH",NA,NA,"Ohio",1,c(-84.5430556, 39.1266667)
"4296","CINCINNATI GALBRAITH ROAD MSD SITE","225 W GALBRAITH RD","CINCINNATI","OH",NA,NA,"Ohio",1,c(-84.5436111, 39.1311111)
"4297","CINCINNATI GALBRAITH ROAD MSD SITE","225 W GALBRAITH RD","CINCINNATI","OH",NA,NA,"Ohio",1,c(-84.5444444, 39.1325)
"4298","CINCINNATI GALBRAITH ROAD MSD SITE","225 W GALBRAITH RD","CINCINNATI","OH",NA,NA,"Ohio",1,c(-84.5447222, 39.1336111)
"4299","CINCINNATI GALBRAITH ROAD MSD SITE","225 W GALBRAITH RD","CINCINNATI","OH",NA,NA,"Ohio",1,c(-84.5363889, 39.1361111)
"4300","CINCINNATI GALBRAITH ROAD MSD SITE","225 W GALBRAITH RD","CINCINNATI","OH",NA,NA,"Ohio",1,c(-84.5466667, 39.1366667)
"4301","CINCINNATI GALBRAITH ROAD MSD SITE","225 W GALBRAITH RD","CINCINNATI","OH",NA,NA,"Ohio",1,c(-84.5477778, 39.14)
"4302","CINCINNATI GALBRAITH ROAD MSD SITE","225 W GALBRAITH RD","CINCINNATI","OH",NA,NA,"Ohio",1,c(-84.5483333, 39.1405556)
"4303","CINCINNATI GALBRAITH ROAD MSD SITE","225 W GALBRAITH RD","CINCINNATI","OH",NA,NA,"Ohio",1,c(-84.5483333, 39.1441667)
"4304","CINCINNATI GALBRAITH ROAD MSD SITE","225 W GALBRAITH RD","CINCINNATI","OH",NA,NA,"Ohio",1,c(-84.5477778, 39.1477778)
"4305","CINCINNATI GALBRAITH ROAD MSD SITE","225 W GALBRAITH RD","CINCINNATI","OH",NA,NA,"Ohio",1,c(-84.5433333, 39.1527778)
"4306","CINCINNATI GALBRAITH ROAD MSD SITE","225 W GALBRAITH RD","CINCINNATI","OH",NA,NA,"Ohio",1,c(-84.5419444, 39.1533333)
"4307","CINCINNATI GALBRAITH ROAD MSD SITE","225 W GALBRAITH RD","CINCINNATI","OH",NA,NA,"Ohio",1,c(-84.5427778, 39.1525)
"4308","CINCINNATI GALBRAITH ROAD MSD SITE","225 W GALBRAITH RD","CINCINNATI","OH",NA,NA,"Ohio",1,c(-84.5397222, 39.1541667)
"4309","CINCINNATI GALBRAITH ROAD MSD SITE","225 W GALBRAITH RD","CINCINNATI","OH",NA,NA,NA,NA,c(-84.5377778, 39.1569444)
"4310","CINCINNATI GALBRAITH ROAD MSD SITE","225 W GALBRAITH RD","CINCINNATI","OH",NA,NA,NA,NA,c(-84.535, 39.1586111)
"4311","CINCINNATI GALBRAITH ROAD MSD SITE","225 W GALBRAITH RD","CINCINNATI","OH",NA,NA,NA,NA,c(-84.5327778, 39.1591667)
"4312","CINCINNATI GALBRAITH ROAD MSD SITE","225 W GALBRAITH RD","CINCINNATI","OH",NA,NA,"Ohio",1,c(-84.5236111, 39.1644444)
"4313","CINCINNATI GALBRAITH ROAD MSD SITE","225 W GALBRAITH RD","CINCINNATI","OH",NA,NA,"Ohio",1,c(-84.5180556, 39.1647222)
"4314","CINCINNATI GALBRAITH ROAD MSD SITE","225 W GALBRAITH RD","CINCINNATI","OH",NA,NA,NA,NA,c(-84.5163889, 39.1630556)
"4315","CINCINNATI GALBRAITH ROAD MSD SITE","225 W GALBRAITH RD","CINCINNATI","OH",NA,NA,NA,NA,c(-84.5144444, 39.1622222)
"4316","CINCINNATI GALBRAITH ROAD MSD SITE","225 W GALBRAITH RD","CINCINNATI","OH",NA,NA,NA,NA,c(-84.505, 39.1688889)
"4317","CINCINNATI GALBRAITH ROAD MSD SITE","225 W GALBRAITH RD","CINCINNATI","OH",NA,NA,"Ohio",1,c(-84.4905556, 39.1888889)
"4318","CINCINNATI GALBRAITH ROAD MSD SITE","225 W GALBRAITH RD","CINCINNATI","OH",NA,NA,"Ohio",1,c(-84.4894444, 39.1902778)
"4319","CINCINNATI GALBRAITH ROAD MSD SITE","225 W GALBRAITH RD","CINCINNATI","OH",NA,NA,NA,NA,c(-84.4080556, 39.1741667)
"4320","CINCINNATI GALBRAITH ROAD MSD SITE","225 W GALBRAITH RD","CINCINNATI","OH",NA,NA,NA,NA,c(-84.425, 39.1858333)
"4321","CINCINNATI GALBRAITH ROAD MSD SITE","225 W GALBRAITH RD","CINCINNATI","OH",NA,NA,NA,NA,c(-84.4369444, 39.1744444)
"4322","CINCINNATI GALBRAITH ROAD MSD SITE","225 W GALBRAITH RD","CINCINNATI","OH",NA,NA,"Ohio",1,c(-84.4166667, 39.1622222)
"4323","CINCINNATI GALBRAITH ROAD MSD SITE","225 W GALBRAITH RD","CINCINNATI","OH",NA,NA,NA,NA,c(-84.4158333, 39.1575)
"4324","CINCINNATI GALBRAITH ROAD MSD SITE","225 W GALBRAITH RD","CINCINNATI","OH",NA,NA,"Ohio",1,c(-84.4030556, 39.1611111)
"4325","CINCINNATI GALBRAITH ROAD MSD SITE","225 W GALBRAITH RD","CINCINNATI","OH",NA,NA,"Ohio",1,c(-84.4063889, 39.1588889)
"4326","CINCINNATI GALBRAITH ROAD MSD SITE","225 W GALBRAITH RD","CINCINNATI","OH",NA,NA,"Ohio",1,c(-84.385, 39.1566667)
"4327","CINCINNATI GALBRAITH ROAD MSD SITE","225 W GALBRAITH RD","CINCINNATI","OH",NA,NA,"Ohio",1,c(-84.3836111, 39.1572222)
"4328","CINCINNATI GALBRAITH ROAD MSD SITE","225 W GALBRAITH RD","CINCINNATI","OH",NA,NA,"Ohio",1,c(-84.3863889, 39.155)
"4329","CINCINNATI GALBRAITH ROAD MSD SITE","225 W GALBRAITH RD","CINCINNATI","OH",NA,NA,"Ohio",1,c(-84.3905556, 39.1552778)
"4330","CINCINNATI GALBRAITH ROAD MSD SITE","225 W GALBRAITH RD","CINCINNATI","OH",NA,NA,NA,NA,c(-84.3897222, 39.1486111)
"4331","CINCINNATI GALBRAITH ROAD MSD SITE","225 W GALBRAITH RD","CINCINNATI","OH",NA,NA,NA,NA,c(-84.3886111, 39.1347222)
"4332","CINCINNATI GALBRAITH ROAD MSD SITE","225 W GALBRAITH RD","CINCINNATI","OH",NA,NA,NA,NA,c(-84.3941667, 39.1477778)
"4333","CINCINNATI GALBRAITH ROAD MSD SITE","225 W GALBRAITH RD","CINCINNATI","OH",NA,NA,NA,NA,c(-84.3963889, 39.1472222)
"4334","CINCINNATI GALBRAITH ROAD MSD SITE","225 W GALBRAITH RD","CINCINNATI","OH",NA,NA,NA,NA,c(-84.4072222, 39.1522222)
"4335","CINCINNATI GALBRAITH ROAD MSD SITE","225 W GALBRAITH RD","CINCINNATI","OH",NA,NA,NA,NA,c(-84.4055556, 39.1438889)
"4336","CINCINNATI GALBRAITH ROAD MSD SITE","225 W GALBRAITH RD","CINCINNATI","OH",NA,NA,NA,NA,c(-84.4058333, 39.1436111)
"4337","CINCINNATI GALBRAITH ROAD MSD SITE","225 W GALBRAITH RD","CINCINNATI","OH",NA,NA,"Ohio",1,c(-84.4116667, 39.1188889)
"4338","CINCINNATI GALBRAITH ROAD MSD SITE","225 W GALBRAITH RD","CINCINNATI","OH",NA,NA,"Ohio",1,c(-84.4127778, 39.1183333)
"4339","CINCINNATI GALBRAITH ROAD MSD SITE","225 W GALBRAITH RD","CINCINNATI","OH",NA,NA,"Ohio",1,c(-84.5413889, 39.1905556)
"4340","CINCINNATI GALBRAITH ROAD MSD SITE","225 W GALBRAITH RD","CINCINNATI","OH",NA,NA,NA,NA,c(-84.5411111, 39.1744444)
"4341","CINCINNATI GALBRAITH ROAD MSD SITE","225 W GALBRAITH RD","CINCINNATI","OH",NA,NA,NA,NA,c(-84.5391667, 39.1744444)
"4342","CINCINNATI GALBRAITH ROAD MSD SITE","225 W GALBRAITH RD","CINCINNATI","OH",NA,NA,NA,NA,c(-84.5369444, 39.1744444)
"4343","CINCINNATI GALBRAITH ROAD MSD SITE","225 W GALBRAITH RD","CINCINNATI","OH",NA,NA,"Ohio",1,c(-84.5530556, 39.1541667)
"4344","CINCINNATI GALBRAITH ROAD MSD SITE","225 W GALBRAITH RD","CINCINNATI","OH",NA,NA,"Ohio",1,c(-84.5511111, 39.1622222)
"4345","CINCINNATI GALBRAITH ROAD MSD SITE","225 W GALBRAITH RD","CINCINNATI","OH",NA,NA,"Ohio",1,c(-84.5594444, 39.1619444)
"4346","CINCINNATI GALBRAITH ROAD MSD SITE","225 W GALBRAITH RD","CINCINNATI","OH",NA,NA,"Ohio",1,c(-84.5583333, 39.1625)
"4347","CINCINNATI GALBRAITH ROAD MSD SITE","225 W GALBRAITH RD","CINCINNATI","OH",NA,NA,"Ohio",1,c(-84.5605556, 39.1613889)
"4348","CINCINNATI GALBRAITH ROAD MSD SITE","225 W GALBRAITH RD","CINCINNATI","OH",NA,NA,"Ohio",1,c(-84.5686111, 39.1588889)
"4349","CINCINNATI GALBRAITH ROAD MSD SITE","225 W GALBRAITH RD","CINCINNATI","OH",NA,NA,NA,NA,c(-84.4163889, 39.1738889)
"4350","CINCINNATI GALBRAITH ROAD MSD SITE","225 W GALBRAITH RD","CINCINNATI","OH",NA,NA,NA,NA,c(-84.4086111, 39.1511111)
"4351","CINCINNATI GALBRAITH ROAD MSD SITE","225 W GALBRAITH RD","CINCINNATI","OH",NA,NA,"Ohio",1,c(-84.5408333, 39.1927778)
"4352","CINCINNATI GALBRAITH ROAD MSD SITE","225 W GALBRAITH RD","CINCINNATI","OH",NA,NA,"Ohio",1,c(-84.5455556, 39.1122222)
"4353","CINCINNATI GALBRAITH ROAD MSD SITE","225 W GALBRAITH RD","CINCINNATI","OH",NA,NA,NA,NA,c(-84.535, 39.1711111)
"4354","CINCINNATI GALBRAITH ROAD MSD SITE","225 W GALBRAITH RD","CINCINNATI","OH",NA,NA,NA,NA,c(-84.4091667, 39.1677778)
"4355","CINCINNATI GALBRAITH ROAD MSD SITE","225 W GALBRAITH RD","CINCINNATI","OH",NA,NA,"Ohio",1,c(-84.4747222, 39.2047222)
"4356","CINCINNATI GALBRAITH ROAD MSD SITE","225 W GALBRAITH RD","CINCINNATI","OH",NA,NA,NA,NA,c(-84.5852778, 39.2011111)
"4357","CINCINNATI GALBRAITH ROAD MSD SITE","225 W GALBRAITH RD","CINCINNATI","OH",NA,NA,NA,NA,c(-84.4866667, 39.1794444)
"4358","CINCINNATI GALBRAITH ROAD MSD SITE","225 W GALBRAITH RD","CINCINNATI","OH",NA,NA,NA,NA,c(-84.3763889, 39.0844444)
"4359","CINCINNATI GALBRAITH ROAD MSD SITE","225 W GALBRAITH RD","CINCINNATI","OH",NA,NA,NA,NA,c(-84.4319444, 39.1755556)
"4360","CINCINNATI GALBRAITH ROAD MSD SITE","225 W GALBRAITH RD","CINCINNATI","OH",NA,NA,NA,NA,c(-84.4172222, 39.1605556)
"4361","CINCINNATI GALBRAITH ROAD MSD SITE","225 W GALBRAITH RD","CINCINNATI","OH",NA,NA,"Ohio",1,c(-84.4538889, 39.1988889)
"4362","CINCINNATI GALBRAITH ROAD MSD SITE","225 W GALBRAITH RD","CINCINNATI","OH",NA,NA,NA,NA,c(-84.597222, 39.159444)
"4363","CINCINNATI GALBRAITH ROAD MSD SITE","225 W GALBRAITH RD","CINCINNATI","OH",NA,NA,NA,NA,c(-84.5919444, 39.1552778)
"4364","CINCINNATI GALBRAITH ROAD MSD SITE","225 W GALBRAITH RD","CINCINNATI","OH",NA,NA,NA,NA,c(-84.6355556, 39.1336111)
"4365","CINCINNATI GALBRAITH ROAD MSD SITE","225 W GALBRAITH RD","CINCINNATI","OH",NA,NA,NA,NA,c(-84.4066667, 39.1486111)
"4366","CINCINNATI GALBRAITH ROAD MSD SITE","225 W GALBRAITH RD","CINCINNATI","OH",NA,NA,"Ohio",1,c(-84.44556, 39.23222)
"4367","CINCINNATI GALBRAITH ROAD MSD SITE","225 W GALBRAITH RD","CINCINNATI","OH",NA,NA,"Ohio",1,c(-84.560556, 39.172778)
"4368","LISBON WWTP","24 NELSON AVE","LISBON","OH",NA,NA,"Ohio",1,c(-80.75363, 40.77148)
"4369","LISBON WWTP","24 NELSON AVE","LISBON","OH",NA,NA,"Ohio",1,c(-80.76643, 40.76949)
"4370","LISBON WWTP","24 NELSON AVE","LISBON","OH",NA,NA,"Ohio",1,c(-80.76303, 40.7706)
"4371","LISBON WWTP","24 NELSON AVE","LISBON","OH",NA,NA,"Ohio",1,c(-80.76801, 40.76905)
"4372","LISBON WWTP","24 NELSON AVE","LISBON","OH",NA,NA,"Ohio",1,c(-80.771, 40.76788)
"4373","LISBON WWTP","24 NELSON AVE","LISBON","OH",NA,NA,"Ohio",1,c(-80.77472, 40.76783)
"4374","LISBON WWTP","24 NELSON AVE","LISBON","OH",NA,NA,"Ohio",1,c(-80.75493, 40.77135)
"4375","CORVALLIS STP","1304 N.E. SECOND STREET","CORVALLIS","OR",9.7,NA,"Oregon",1,c(-123.25592, 44.57117)
"4376","CORVALLIS STP","1304 N.E. SECOND STREET","CORVALLIS","OR",9.7,NA,"Oregon",1,c(-123.25922, 44.56347)
"4377","CORVALLIS STP","1304 N.E. SECOND STREET","CORVALLIS","OR",9.7,NA,NA,NA,c(-123.25775, 44.55321)
"4378","CORVALLIS STP","1304 N.E. SECOND STREET","CORVALLIS","OR",9.7,NA,NA,NA,c(-123.24529, 44.54808)
"4379","COLUMBIA BOULEVARD STP","5001 NORTH COLUMBIA BLVD","PORTLAND","OR",100,NA,NA,NA,c(-122.67311, 45.48875)
"4380","COLUMBIA BOULEVARD STP","5001 NORTH COLUMBIA BLVD","PORTLAND","OR",100,NA,NA,NA,c(-122.66852, 45.50035)
"4381","COLUMBIA BOULEVARD STP","5001 NORTH COLUMBIA BLVD","PORTLAND","OR",100,NA,NA,NA,c(-122.67104, 45.50562)
"4382","COLUMBIA BOULEVARD STP","5001 NORTH COLUMBIA BLVD","PORTLAND","OR",100,NA,"Oregon",1,c(-122.66933, 45.5226633)
"4383","COLUMBIA BOULEVARD STP","5001 NORTH COLUMBIA BLVD","PORTLAND","OR",100,NA,NA,NA,c(-122.6939, 45.54327)
"4384","COLUMBIA BOULEVARD STP","5001 NORTH COLUMBIA BLVD","PORTLAND","OR",100,NA,NA,NA,c(-122.70998, 45.55073)
"4385","COLUMBIA BOULEVARD STP","5001 NORTH COLUMBIA BLVD","PORTLAND","OR",100,NA,NA,NA,c(-122.70998, 45.55073)
"4386","COLUMBIA BOULEVARD STP","5001 NORTH COLUMBIA BLVD","PORTLAND","OR",100,NA,NA,NA,c(-122.65899, 45.46012)
"4387","COLUMBIA BOULEVARD STP","5001 NORTH COLUMBIA BLVD","PORTLAND","OR",100,NA,NA,NA,c(-122.68253, 45.5417)
"4388","COLUMBIA BOULEVARD STP","5001 NORTH COLUMBIA BLVD","PORTLAND","OR",100,NA,NA,NA,c(-122.66095, 45.46286)
"4389","COLUMBIA BOULEVARD STP","5001 NORTH COLUMBIA BLVD","PORTLAND","OR",100,NA,NA,NA,c(-122.6535, 45.48169)
"4390","COLUMBIA BOULEVARD STP","5001 NORTH COLUMBIA BLVD","PORTLAND","OR",100,NA,"Oregon",1,c(-122.66252, 45.50366)
"4391","COLUMBIA BOULEVARD STP","5001 NORTH COLUMBIA BLVD","PORTLAND","OR",100,NA,NA,NA,c(-122.73195, 45.55936)
"4392","COLUMBIA BOULEVARD STP","5001 NORTH COLUMBIA BLVD","PORTLAND","OR",100,NA,NA,NA,c(-122.65232, 45.48444)
"4393","COLUMBIA BOULEVARD STP","5001 NORTH COLUMBIA BLVD","PORTLAND","OR",100,NA,"Oregon",1,c(-122.66644, 45.51268)
"4394","COLUMBIA BOULEVARD STP","5001 NORTH COLUMBIA BLVD","PORTLAND","OR",100,NA,NA,NA,c(-122.65899, 45.46012)
"4395","COLUMBIA BOULEVARD STP","5001 NORTH COLUMBIA BLVD","PORTLAND","OR",100,NA,"Oregon",1,c(-122.67145, 45.5180458)
"4396","COLUMBIA BOULEVARD STP","5001 NORTH COLUMBIA BLVD","PORTLAND","OR",100,NA,NA,NA,c(-122.6535, 45.48169)
"4397","COLUMBIA BOULEVARD STP","5001 NORTH COLUMBIA BLVD","PORTLAND","OR",100,NA,NA,NA,c(-122.66135, 45.50209)
"4398","COLUMBIA BOULEVARD STP","5001 NORTH COLUMBIA BLVD","PORTLAND","OR",100,NA,"Oregon",1,c(-122.66252, 45.50366)
"4399","COLUMBIA BOULEVARD STP","5001 NORTH COLUMBIA BLVD","PORTLAND","OR",100,NA,"Oregon",1,c(-122.66353, 45.50483)
"4400","COLUMBIA BOULEVARD STP","5001 NORTH COLUMBIA BLVD","PORTLAND","OR",100,NA,"Oregon",1,c(-122.66527, 45.50836)
"4401","COLUMBIA BOULEVARD STP","5001 NORTH COLUMBIA BLVD","PORTLAND","OR",100,NA,NA,NA,c(-122.679856, 45.5390845)
"4402","COLUMBIA BOULEVARD STP","5001 NORTH COLUMBIA BLVD","PORTLAND","OR",100,NA,"Oregon",1,c(-122.66644, 45.51268)
"4403","COLUMBIA BOULEVARD STP","5001 NORTH COLUMBIA BLVD","PORTLAND","OR",100,NA,"Oregon",1,c(-122.66684, 45.51503)
"4404","COLUMBIA BOULEVARD STP","5001 NORTH COLUMBIA BLVD","PORTLAND","OR",100,NA,"Oregon",1,c(-122.67044, 45.51914)
"4405","COLUMBIA BOULEVARD STP","5001 NORTH COLUMBIA BLVD","PORTLAND","OR",100,NA,"Oregon",1,c(-122.67026, 45.51979)
"4406","COLUMBIA BOULEVARD STP","5001 NORTH COLUMBIA BLVD","PORTLAND","OR",100,NA,"Oregon",1,c(-122.75321, 45.60772)
"4407","COLUMBIA BOULEVARD STP","5001 NORTH COLUMBIA BLVD","PORTLAND","OR",100,NA,NA,NA,c(-122.66671, 45.52657)
"4408","COLUMBIA BOULEVARD STP","5001 NORTH COLUMBIA BLVD","PORTLAND","OR",100,NA,NA,NA,c(-122.66855, 45.52965)
"4409","COLUMBIA BOULEVARD STP","5001 NORTH COLUMBIA BLVD","PORTLAND","OR",100,NA,NA,NA,c(-122.71314, 45.59643)
"4410","COLUMBIA BOULEVARD STP","5001 NORTH COLUMBIA BLVD","PORTLAND","OR",100,NA,NA,NA,c(-122.68645, 45.54602)
"4411","COLUMBIA BOULEVARD STP","5001 NORTH COLUMBIA BLVD","PORTLAND","OR",100,NA,NA,NA,c(-122.69956, 45.5935)
"4412","COLUMBIA BOULEVARD STP","5001 NORTH COLUMBIA BLVD","PORTLAND","OR",100,NA,NA,NA,c(-122.69198, 45.59113)
"4413","COLUMBIA BOULEVARD STP","5001 NORTH COLUMBIA BLVD","PORTLAND","OR",100,NA,NA,NA,c(-122.68998, 45.54877)
"4414","COLUMBIA BOULEVARD STP","5001 NORTH COLUMBIA BLVD","PORTLAND","OR",100,NA,NA,NA,c(-122.74015, 45.57816)
"4415","ASTORIA STP","550 30TH ST","ASTORIA","OR",4.999,NA,"Oregon",1,c(-123.8409, 46.17207)
"4416","ASTORIA STP","550 30TH ST","ASTORIA","OR",4.999,NA,"Oregon",1,c(-123.84203, 46.17188)
"4417","ASTORIA STP","550 30TH ST","ASTORIA","OR",4.999,NA,"Oregon",1,c(-123.85362, 46.17725)
"4418","ASTORIA STP","550 30TH ST","ASTORIA","OR",4.999,NA,"Oregon",1,c(-123.86078, 46.18167)
"4419","ASTORIA STP","550 30TH ST","ASTORIA","OR",4.999,NA,"Oregon",1,c(-123.85768, 46.1904)
"4420","ASTORIA STP","550 30TH ST","ASTORIA","OR",4.999,NA,NA,NA,c(-123.8458, 46.19229)
"4421","ASTORIA STP","550 30TH ST","ASTORIA","OR",4.999,NA,"Oregon",1,c(-123.8504, 46.18994)
"4422","ASTORIA STP","550 30TH ST","ASTORIA","OR",4.999,NA,NA,NA,c(-123.84759, 46.19131)
"4423","ASTORIA STP","550 30TH ST","ASTORIA","OR",4.999,NA,NA,NA,c(-123.8404, 46.1914)
"4424","ASTORIA STP","550 30TH ST","ASTORIA","OR",4.999,NA,NA,NA,c(-123.83966, 46.1915)
"4425","ASTORIA STP","550 30TH ST","ASTORIA","OR",4.999,NA,NA,NA,c(-123.8384, 46.19111)
"4426","ASTORIA STP","550 30TH ST","ASTORIA","OR",4.999,NA,NA,NA,c(-123.8376, 46.1915)
"4427","ASTORIA STP","550 30TH ST","ASTORIA","OR",4.999,NA,NA,NA,c(-123.8364, 46.1917)
"4428","ASTORIA STP","550 30TH ST","ASTORIA","OR",4.999,NA,NA,NA,c(-123.83555, 46.1914)
"4429","ASTORIA STP","550 30TH ST","ASTORIA","OR",4.999,NA,NA,NA,c(-123.83448, 46.19111)
"4430","ASTORIA STP","550 30TH ST","ASTORIA","OR",4.999,NA,NA,NA,c(-123.8336, 46.19101)
"4431","ASTORIA STP","550 30TH ST","ASTORIA","OR",4.999,NA,NA,NA,c(-123.8325, 46.19092)
"4432","ASTORIA STP","550 30TH ST","ASTORIA","OR",4.999,NA,NA,NA,c(-123.8316, 46.19062)
"4433","ASTORIA STP","550 30TH ST","ASTORIA","OR",4.999,NA,NA,NA,c(-123.83007, 46.19023)
"4434","ASTORIA STP","550 30TH ST","ASTORIA","OR",4.999,NA,NA,NA,c(-123.8287, 46.19013)
"4435","ASTORIA STP","550 30TH ST","ASTORIA","OR",4.999,NA,NA,NA,c(-123.82733, 46.18974)
"4436","ASTORIA STP","550 30TH ST","ASTORIA","OR",4.999,NA,NA,NA,c(-123.82606, 46.18964)
"4437","ASTORIA STP","550 30TH ST","ASTORIA","OR",4.999,NA,NA,NA,c(-123.8259, 46.18945)
"4438","ASTORIA STP","550 30TH ST","ASTORIA","OR",4.999,NA,"Oregon",1,c(-123.8225, 46.19023)
"4439","ASTORIA STP","550 30TH ST","ASTORIA","OR",4.999,NA,"Oregon",1,c(-123.8202, 46.19013)
"4440","ASTORIA STP","550 30TH ST","ASTORIA","OR",4.999,NA,"Oregon",1,c(-123.81774, 46.19082)
"4441","ASTORIA STP","550 30TH ST","ASTORIA","OR",4.999,NA,"Oregon",1,c(-123.8133, 46.1916)
"4442","ASTORIA STP","550 30TH ST","ASTORIA","OR",4.999,NA,"Oregon",1,c(-123.8122, 46.19209)
"4443","ASTORIA STP","550 30TH ST","ASTORIA","OR",4.999,NA,"Oregon",1,c(-123.8076, 46.19336)
"4444","ASTORIA STP","550 30TH ST","ASTORIA","OR",4.999,NA,"Oregon",1,c(-123.806, 46.19336)
"4445","ASTORIA STP","550 30TH ST","ASTORIA","OR",4.999,NA,"Oregon",1,c(-123.8047, 46.19375)
"4446","ASTORIA STP","550 30TH ST","ASTORIA","OR",4.999,NA,"Oregon",1,c(-123.8014, 46.19454)
"4447","ASTORIA STP","550 30TH ST","ASTORIA","OR",4.999,NA,"Oregon",1,c(-123.79084, 46.19463)
"4448","ASTORIA STP","550 30TH ST","ASTORIA","OR",4.999,NA,"Oregon",1,c(-123.78937, 46.19561)
"4449","ASTORIA STP","550 30TH ST","ASTORIA","OR",4.999,NA,"Oregon",1,c(-123.78555, 46.1963)
"4450","ASTORIA STP","550 30TH ST","ASTORIA","OR",4.999,NA,"Oregon",1,c(-123.7835, 46.19659)
"4451","ASTORIA STP","550 30TH ST","ASTORIA","OR",4.999,NA,"Oregon",1,c(-123.78262, 46.19679)
"4452","ASTORIA STP","550 30TH ST","ASTORIA","OR",4.999,NA,"Oregon",1,c(-123.7781, 46.196)
"4453","MONACA BORO STP","928 PENNSYLVANIA AVE","MONACA","PA",1.15,NA,NA,NA,c(-80.2775, 40.693056)
"4454","MONACA BORO STP","928 PENNSYLVANIA AVE","MONACA","PA",1.15,NA,NA,NA,c(-80.271111, 40.691667)
"4455","MONACA BORO STP","928 PENNSYLVANIA AVE","MONACA","PA",1.15,NA,NA,NA,c(-80.269722, 40.690833)
"4456","MONACA BORO STP","928 PENNSYLVANIA AVE","MONACA","PA",1.15,NA,NA,NA,c(-80.288889, 40.692222)
"4457","PUNXSUTAWNEY BORO STP","WATER STREET EXTENSION","PUNXSUTAWNEY","PA",2.4,NA,"Pennsylvania",1,c(-78.977778, 40.941389)
"4458","PUNXSUTAWNEY BORO STP","WATER STREET EXTENSION","PUNXSUTAWNEY","PA",2.4,NA,"Pennsylvania",1,c(-78.981944, 40.94)
"4459","PUNXSUTAWNEY BORO STP","WATER STREET EXTENSION","PUNXSUTAWNEY","PA",2.4,NA,"Pennsylvania",1,c(-78.987778, 40.940833)
"4460","PUNXSUTAWNEY BORO STP","WATER STREET EXTENSION","PUNXSUTAWNEY","PA",2.4,NA,"Pennsylvania",1,c(-79.001111, 40.942222)
"4461","BRIDGEPORT BORO STP","375 RIVER RD","BRIDGEPORT","PA",0.9,NA,NA,NA,c(-75.325556, 40.1025)
"4462","BRIDGEPORT BORO STP","375 RIVER RD","BRIDGEPORT","PA",0.9,NA,NA,NA,c(-75.346111, 40.109167)
"4463","BRIDGEPORT BORO STP","375 RIVER RD","BRIDGEPORT","PA",0.9,NA,NA,NA,c(-75.331389, 40.105556)
"4464","BRIDGEPORT BORO STP","375 RIVER RD","BRIDGEPORT","PA",0.9,NA,NA,NA,c(-75.330778, 40.105814)
"4465","BRIDGEPORT BORO STP","375 RIVER RD","BRIDGEPORT","PA",0.9,NA,NA,NA,c(-75.329722, 40.105556)
"4466","BRIDGEPORT BORO STP","375 RIVER RD","BRIDGEPORT","PA",0.9,NA,NA,NA,c(-75.328889, 40.105278)
"4467","WAYNESBURG STP","MEADOWLARK LANE","WAYNESBURG","PA",0.8,NA,"Pennsylvania",1,c(-80.181667, 39.893333)
"4468","WAYNESBURG STP","MEADOWLARK LANE","WAYNESBURG","PA",0.8,NA,"Pennsylvania",1,c(-80.186667, 39.891667)
"4469","SEWICKLEY BORO STP","101 CHADWICK ST","SEWICKLEY","PA",0.9,NA,NA,NA,c(-80.1775, 40.531389)
"4470","SEWICKLEY BORO STP","101 CHADWICK ST","SEWICKLEY","PA",0.9,NA,NA,NA,c(-80.181111, 40.5325)
"4471","SEWICKLEY BORO STP","101 CHADWICK ST","SEWICKLEY","PA",0.9,NA,NA,NA,c(-80.185278, 40.533611)
"4472","SEWICKLEY BORO STP","101 CHADWICK ST","SEWICKLEY","PA",0.9,NA,NA,NA,c(-80.193333, 40.541389)
"4473","FAYETTE CITY STP","N SIDE OF TOWN ON E SIDE OF MONONGAHELA RIVER","FAYETTE CITY","PA",0.125,NA,NA,NA,c(-79.8425, 40.101111)
"4474","FAYETTE CITY STP","N SIDE OF TOWN ON E SIDE OF MONONGAHELA RIVER","FAYETTE CITY","PA",0.125,NA,NA,NA,c(-79.840833, 40.098333)
"4475","GLASSPORT BORO - STP","HARRISON ST","GLASSPORT","PA",1.2,NA,NA,NA,c(-79.898333, 40.339167)
"4476","GLASSPORT BORO - STP","HARRISON ST","GLASSPORT","PA",1.2,NA,NA,NA,c(-79.898333, 40.3375)
"4477","GLASSPORT BORO - STP","HARRISON ST","GLASSPORT","PA",1.2,NA,NA,NA,c(-79.895, 40.330833)
"4478","GLASSPORT BORO - STP","HARRISON ST","GLASSPORT","PA",1.2,NA,NA,NA,c(-79.895833, 40.329167)
"4479","GLASSPORT BORO - STP","HARRISON ST","GLASSPORT","PA",1.2,NA,"Pennsylvania",1,c(-79.892222, 40.325556)
"4480","GLASSPORT BORO - STP","HARRISON ST","GLASSPORT","PA",1.2,NA,NA,NA,c(-79.883333, 40.333333)
"4481","MT PLEASANT BORO STP","360 CLAY AVE","MOUNT PLEASANT","PA",1.5,NA,NA,NA,c(-79.535, 40.140833)
"4482","MT PLEASANT BORO STP","360 CLAY AVE","MOUNT PLEASANT","PA",1.5,NA,NA,NA,c(-79.535556, 40.144722)
"4483","MT PLEASANT BORO STP","360 CLAY AVE","MOUNT PLEASANT","PA",1.5,NA,NA,NA,c(-79.535833, 40.148889)
"4484","NEWPORT STP","101 MULBERRY STREET","NEWPORT","PA",0.91,NA,NA,NA,c(-77.126667, 40.475556)
"4485","NEWPORT STP","101 MULBERRY STREET","NEWPORT","PA",0.91,NA,NA,NA,c(-77.129722, 40.479722)
"4486","POINT MARION WWTP","PO BOX 236","POINT MARION","PA",0.3,NA,"Pennsylvania",1,c(-79.898056, 39.740833)
"4487","POINT MARION WWTP","PO BOX 236","POINT MARION","PA",0.3,NA,"Pennsylvania",1,c(-79.902778, 39.74)
"4488","POINT MARION WWTP","PO BOX 236","POINT MARION","PA",0.3,NA,"Pennsylvania",1,c(-79.903056, 39.739167)
"4489","POINT MARION WWTP","PO BOX 236","POINT MARION","PA",0.3,NA,"Pennsylvania",1,c(-79.903333, 39.738333)
"4490","POINT MARION WWTP","PO BOX 236","POINT MARION","PA",0.3,NA,"Pennsylvania",1,c(-79.903611, 39.736944)
"4491","POINT MARION WWTP","PO BOX 236","POINT MARION","PA",0.3,NA,"Pennsylvania",1,c(-79.904444, 39.735833)
"4492","BLAIRSVILLE BORO STP","INDUSTRIAL PARK RD","BLAIRSVILLE","PA",1.352,NA,NA,NA,c(-79.268333, 40.421389)
"4493","BLAIRSVILLE BORO STP","INDUSTRIAL PARK RD","BLAIRSVILLE","PA",1.352,NA,NA,NA,c(-79.268333, 40.430972)
"4494","BLAIRSVILLE BORO STP","INDUSTRIAL PARK RD","BLAIRSVILLE","PA",1.352,NA,NA,NA,c(-79.260833, 40.424167)
"4495","BLAIRSVILLE BORO STP","INDUSTRIAL PARK RD","BLAIRSVILLE","PA",1.352,NA,NA,NA,c(-79.269444, 40.436389)
"4496","BLAIRSVILLE BORO STP","INDUSTRIAL PARK RD","BLAIRSVILLE","PA",1.352,NA,NA,NA,c(-79.267222, 40.435139)
"4497","WELLSBORO MUNI AUTH","28 CRAFTON ST","WELLSBORO","PA",2,NA,NA,NA,c(-77.299444, 41.755)
"4498","WELLSBORO MUNI AUTH","28 CRAFTON ST","WELLSBORO","PA",2,NA,NA,NA,c(-77.298056, 41.752222)
"4499","MANSFIELD MUNI SEW AUTH","3 COREY ST","MANSFIELD","PA",1.3,NA,NA,NA,c(-77.084861, 41.809858)
"4500","MANSFIELD MUNI SEW AUTH","3 COREY ST","MANSFIELD","PA",1.3,NA,NA,NA,c(-77.081056, 41.804472)
"4501","MANSFIELD MUNI SEW AUTH","3 COREY ST","MANSFIELD","PA",1.3,NA,NA,NA,c(-77.084889, 41.812139)
"4502","BEDFORD STP","653 EAST JOHN ST EXT","BEDFORD","PA",1.5,NA,NA,NA,c(-78.491111, 40.019167)
"4503","PINE STREET STP KANE","NORTH PINE ST","KANE","PA",1.5,NA,NA,NA,c(-78.826389, 41.654722)
"4504","KINZUA ROAD STP KANE","KINZUA RD & RR 321","KANE","PA",1.5,NA,NA,NA,c(-78.806389, 41.677778)
"4505","KINZUA ROAD STP KANE","KINZUA RD & RR 321","KANE","PA",1.5,NA,NA,NA,c(-78.800556, 41.666111)
"4506","CTL WAYNE REG AUTH","574 BUCKS COVE RD","HONESDALE","PA",2.2,NA,"Pennsylvania",1,c(-75.244722, 41.555556)
"4507","ASHLAND BOROUGH WWTP","400 OAK STREET","ASHLAND","PA",1.3,NA,"Pennsylvania",1,c(-76.338333, 40.78)
"4508","ASHLAND BOROUGH WWTP","400 OAK STREET","ASHLAND","PA",1.3,NA,"Pennsylvania",1,c(-76.337222, 40.780278)
"4509","ASHLAND BOROUGH WWTP","400 OAK STREET","ASHLAND","PA",1.3,NA,"Pennsylvania",1,c(-76.336667, 40.778611)
"4510","ASHLAND BOROUGH WWTP","400 OAK STREET","ASHLAND","PA",1.3,NA,"Pennsylvania",1,c(-76.338333, 40.780556)
"4511","ASHLAND BOROUGH WWTP","400 OAK STREET","ASHLAND","PA",1.3,NA,"Pennsylvania",1,c(-76.347222, 40.781389)
"4512","ASHLAND BOROUGH WWTP","400 OAK STREET","ASHLAND","PA",1.3,NA,"Pennsylvania",1,c(-76.333889, 40.782778)
"4513","ASHLAND BOROUGH WWTP","400 OAK STREET","ASHLAND","PA",1.3,NA,"Pennsylvania",1,c(-76.333333, 40.783333)
"4514","ASHLAND BOROUGH WWTP","400 OAK STREET","ASHLAND","PA",1.3,NA,"Pennsylvania",1,c(-76.333889, 40.783611)
"4515","ASHLAND BOROUGH WWTP","400 OAK STREET","ASHLAND","PA",1.3,NA,"Pennsylvania",1,c(-76.334167, 40.784167)
"4516","MIDLAND BORO STP","STATE ROUTE 68","MIDLAND","PA",1.25,NA,"Pennsylvania",1,c(-80.47, 40.643611)
"4517","TRI-BORO MUN AUTH","131 EXCHANGE STREET","SUSQUEHANNA","PA",0.5,NA,"Pennsylvania",1,c(-75.6025, 41.950556)
"4518","TRI-BORO MUN AUTH","131 EXCHANGE STREET","SUSQUEHANNA","PA",0.5,NA,"Pennsylvania",1,c(-75.604722, 41.948056)
"4519","ROCKWOOD BORO STP","163 RIVER RD","ROCKWOOD","PA",0.3,NA,NA,NA,c(-79.160556, 39.912222)
"4520","ROCKWOOD BORO STP","163 RIVER RD","ROCKWOOD","PA",0.3,NA,NA,NA,c(-79.151944, 39.915556)
"4521","LEETSDALE MUN AUTH STP","5 6TH ST","LEETSDALE","PA",0.574,NA,NA,NA,c(-80.212778, 40.565833)
"4522","LEETSDALE MUN AUTH STP","5 6TH ST","LEETSDALE","PA",0.574,NA,NA,NA,c(-80.201667, 40.553889)
"4523","LEETSDALE MUN AUTH STP","5 6TH ST","LEETSDALE","PA",0.574,NA,NA,NA,c(-80.197778, 40.549167)
"4524","LEETSDALE MUN AUTH STP","5 6TH ST","LEETSDALE","PA",0.574,NA,NA,NA,c(-80.195, 40.5475)
"4525","LEETSDALE MUN AUTH STP","5 6TH ST","LEETSDALE","PA",0.574,NA,NA,NA,c(-80.193333, 40.543889)
"4526","FREELAND BORO MUN AUTH","1300 BIRKBECK ST","FOSTER TWP","PA",1.2,NA,NA,NA,c(-75.892778, 41.012778)
"4527","ST CLAIR WWTP","ST CLAIR-PORT CARBON HWY (SR1001)","ST CLAIR","PA",0.75,NA,NA,NA,c(-76.176389, 40.707222)
"4528","ST CLAIR WWTP","ST CLAIR-PORT CARBON HWY (SR1001)","ST CLAIR","PA",0.75,NA,"Pennsylvania",1,c(-76.185, 40.713333)
"4529","ST CLAIR WWTP","ST CLAIR-PORT CARBON HWY (SR1001)","ST CLAIR","PA",0.75,NA,"Pennsylvania",1,c(-76.185278, 40.713611)
"4530","ST CLAIR WWTP","ST CLAIR-PORT CARBON HWY (SR1001)","ST CLAIR","PA",0.75,NA,"Pennsylvania",1,c(-76.185833, 40.713611)
"4531","ST CLAIR WWTP","ST CLAIR-PORT CARBON HWY (SR1001)","ST CLAIR","PA",0.75,NA,"Pennsylvania",1,c(-76.188056, 40.718056)
"4532","ST CLAIR WWTP","ST CLAIR-PORT CARBON HWY (SR1001)","ST CLAIR","PA",0.75,NA,"Pennsylvania",1,c(-76.189167, 40.720556)
"4533","FREEPORT BORO STP","LOWER MARKET ST","FREEPORT","PA",0.35,NA,"Pennsylvania",1,c(-79.690278, 40.670278)
"4534","FREEPORT BORO STP","LOWER MARKET ST","FREEPORT","PA",0.35,NA,"Pennsylvania",1,c(-79.692389, 40.671028)
"4535","FREEPORT BORO STP","LOWER MARKET ST","FREEPORT","PA",0.35,NA,NA,NA,c(-79.686111, 40.671111)
"4536","FREEPORT BORO STP","LOWER MARKET ST","FREEPORT","PA",0.35,NA,NA,NA,c(-79.684722, 40.671111)
"4537","FREEPORT BORO STP","LOWER MARKET ST","FREEPORT","PA",0.35,NA,"Pennsylvania",1,c(-79.690556, 40.676111)
"4538","MONONGAHELA CITY STP","ROUTE 837","MONONGAHELA","PA",1.5,NA,NA,NA,c(-79.948611, 40.207222)
"4539","ALCOSAN SEW SYS","3300 PREBLE AVE","PITTSBURGH","PA",250,NA,"Pennsylvania",1,c(-79.866404, 40.394925)
"4540","ALCOSAN SEW SYS","3300 PREBLE AVE","PITTSBURGH","PA",250,NA,"Pennsylvania",1,c(-80.054151, 40.464983)
"4541","ALCOSAN SEW SYS","3300 PREBLE AVE","PITTSBURGH","PA",250,NA,NA,NA,c(-80.086443, 40.459975)
"4542","ALCOSAN SEW SYS","3300 PREBLE AVE","PITTSBURGH","PA",250,NA,"Pennsylvania",1,c(-80.02835, 40.444203)
"4543","ALCOSAN SEW SYS","3300 PREBLE AVE","PITTSBURGH","PA",250,NA,NA,NA,c(-80.008052, 40.443235)
"4544","ALCOSAN SEW SYS","3300 PREBLE AVE","PITTSBURGH","PA",250,NA,NA,NA,c(-80.006864, 40.443538)
"4545","ALCOSAN SEW SYS","3300 PREBLE AVE","PITTSBURGH","PA",250,NA,NA,NA,c(-80.005829, 40.443763)
"4546","ALCOSAN SEW SYS","3300 PREBLE AVE","PITTSBURGH","PA",250,NA,NA,NA,c(-80.004905, 40.443982)
"4547","ALCOSAN SEW SYS","3300 PREBLE AVE","PITTSBURGH","PA",250,NA,NA,NA,c(-80.00389, 40.44422)
"4548","ALCOSAN SEW SYS","3300 PREBLE AVE","PITTSBURGH","PA",250,NA,NA,NA,c(-80.003433, 40.444328)
"4549","ALCOSAN SEW SYS","3300 PREBLE AVE","PITTSBURGH","PA",250,NA,NA,NA,c(-80.002065, 40.444714)
"4550","ALCOSAN SEW SYS","3300 PREBLE AVE","PITTSBURGH","PA",250,NA,NA,NA,c(-80.001579, 40.444877)
"4551","ALCOSAN SEW SYS","3300 PREBLE AVE","PITTSBURGH","PA",250,NA,NA,NA,c(-80.001068, 40.445053)
"4552","ALCOSAN SEW SYS","3300 PREBLE AVE","PITTSBURGH","PA",250,NA,NA,NA,c(-80.000181, 40.445292)
"4553","ALCOSAN SEW SYS","3300 PREBLE AVE","PITTSBURGH","PA",250,NA,NA,NA,c(-79.999067, 40.445636)
"4554","ALCOSAN SEW SYS","3300 PREBLE AVE","PITTSBURGH","PA",250,NA,NA,NA,c(-79.998362, 40.445919)
"4555","ALCOSAN SEW SYS","3300 PREBLE AVE","PITTSBURGH","PA",250,NA,NA,NA,c(-79.996732, 40.446625)
"4556","ALCOSAN SEW SYS","3300 PREBLE AVE","PITTSBURGH","PA",250,NA,NA,NA,c(-79.994486, 40.447771)
"4557","ALCOSAN SEW SYS","3300 PREBLE AVE","PITTSBURGH","PA",250,NA,NA,NA,c(-79.995239, 40.447218)
"4558","ALCOSAN SEW SYS","3300 PREBLE AVE","PITTSBURGH","PA",250,NA,NA,NA,c(-79.992024, 40.449338)
"4559","ALCOSAN SEW SYS","3300 PREBLE AVE","PITTSBURGH","PA",250,NA,NA,NA,c(-79.988383, 40.451743)
"4560","ALCOSAN SEW SYS","3300 PREBLE AVE","PITTSBURGH","PA",250,NA,NA,NA,c(-79.986501, 40.453188)
"4561","ALCOSAN SEW SYS","3300 PREBLE AVE","PITTSBURGH","PA",250,NA,NA,NA,c(-79.983334, 40.455589)
"4562","ALCOSAN SEW SYS","3300 PREBLE AVE","PITTSBURGH","PA",250,NA,NA,NA,c(-79.982565, 40.456192)
"4563","ALCOSAN SEW SYS","3300 PREBLE AVE","PITTSBURGH","PA",250,NA,NA,NA,c(-79.984111, 40.455025)
"4564","ALCOSAN SEW SYS","3300 PREBLE AVE","PITTSBURGH","PA",250,NA,NA,NA,c(-79.984935, 40.454443)
"4565","ALCOSAN SEW SYS","3300 PREBLE AVE","PITTSBURGH","PA",250,NA,NA,NA,c(-79.97849, 40.459227)
"4566","ALCOSAN SEW SYS","3300 PREBLE AVE","PITTSBURGH","PA",250,NA,NA,NA,c(-79.979733, 40.458153)
"4567","ALCOSAN SEW SYS","3300 PREBLE AVE","PITTSBURGH","PA",250,NA,NA,NA,c(-79.981164, 40.457141)
"4568","ALCOSAN SEW SYS","3300 PREBLE AVE","PITTSBURGH","PA",250,NA,NA,NA,c(-79.976034, 40.461273)
"4569","ALCOSAN SEW SYS","3300 PREBLE AVE","PITTSBURGH","PA",250,NA,NA,NA,c(-79.977126, 40.460297)
"4570","ALCOSAN SEW SYS","3300 PREBLE AVE","PITTSBURGH","PA",250,NA,NA,NA,c(-79.974696, 40.462612)
"4571","ALCOSAN SEW SYS","3300 PREBLE AVE","PITTSBURGH","PA",250,NA,NA,NA,c(-79.973639, 40.463721)
"4572","ALCOSAN SEW SYS","3300 PREBLE AVE","PITTSBURGH","PA",250,NA,NA,NA,c(-79.972652, 40.464783)
"4573","ALCOSAN SEW SYS","3300 PREBLE AVE","PITTSBURGH","PA",250,NA,NA,NA,c(-79.970456, 40.467523)
"4574","ALCOSAN SEW SYS","3300 PREBLE AVE","PITTSBURGH","PA",250,NA,NA,NA,c(-79.968348, 40.470071)
"4575","ALCOSAN SEW SYS","3300 PREBLE AVE","PITTSBURGH","PA",250,NA,NA,NA,c(-79.966578, 40.472151)
"4576","ALCOSAN SEW SYS","3300 PREBLE AVE","PITTSBURGH","PA",250,NA,NA,NA,c(-79.966561, 40.472175)
"4577","ALCOSAN SEW SYS","3300 PREBLE AVE","PITTSBURGH","PA",250,NA,NA,NA,c(-79.965584, 40.473992)
"4578","ALCOSAN SEW SYS","3300 PREBLE AVE","PITTSBURGH","PA",250,NA,NA,NA,c(-79.962246, 40.479122)
"4579","ALCOSAN SEW SYS","3300 PREBLE AVE","PITTSBURGH","PA",250,NA,NA,NA,c(-79.961516, 40.479936)
"4580","ALCOSAN SEW SYS","3300 PREBLE AVE","PITTSBURGH","PA",250,NA,NA,NA,c(-79.959744, 40.481259)
"4581","ALCOSAN SEW SYS","3300 PREBLE AVE","PITTSBURGH","PA",250,NA,NA,NA,c(-79.957711, 40.482891)
"4582","ALCOSAN SEW SYS","3300 PREBLE AVE","PITTSBURGH","PA",250,NA,NA,NA,c(-79.955718, 40.483836)
"4583","ALCOSAN SEW SYS","3300 PREBLE AVE","PITTSBURGH","PA",250,NA,NA,NA,c(-79.953847, 40.485011)
"4584","ALCOSAN SEW SYS","3300 PREBLE AVE","PITTSBURGH","PA",250,NA,NA,NA,c(-79.952346, 40.485486)
"4585","ALCOSAN SEW SYS","3300 PREBLE AVE","PITTSBURGH","PA",250,NA,NA,NA,c(-79.948282, 40.486912)
"4586","ALCOSAN SEW SYS","3300 PREBLE AVE","PITTSBURGH","PA",250,NA,NA,NA,c(-79.93815, 40.489863)
"4587","ALCOSAN SEW SYS","3300 PREBLE AVE","PITTSBURGH","PA",250,NA,NA,NA,c(-79.935677, 40.490201)
"4588","ALCOSAN SEW SYS","3300 PREBLE AVE","PITTSBURGH","PA",250,NA,NA,NA,c(-79.935201, 40.490285)
"4589","ALCOSAN SEW SYS","3300 PREBLE AVE","PITTSBURGH","PA",250,NA,NA,NA,c(-79.930279, 40.490198)
"4590","ALCOSAN SEW SYS","3300 PREBLE AVE","PITTSBURGH","PA",250,NA,NA,NA,c(-79.922998, 40.489238)
"4591","ALCOSAN SEW SYS","3300 PREBLE AVE","PITTSBURGH","PA",250,NA,NA,NA,c(-79.918613, 40.488084)
"4592","ALCOSAN SEW SYS","3300 PREBLE AVE","PITTSBURGH","PA",250,NA,NA,NA,c(-79.914595, 40.487845)
"4593","ALCOSAN SEW SYS","3300 PREBLE AVE","PITTSBURGH","PA",250,NA,NA,NA,c(-80.00706, 40.445589)
"4594","ALCOSAN SEW SYS","3300 PREBLE AVE","PITTSBURGH","PA",250,NA,NA,NA,c(-80.005254, 40.445956)
"4595","ALCOSAN SEW SYS","3300 PREBLE AVE","PITTSBURGH","PA",250,NA,"Pennsylvania",1,c(-80.003568, 40.446661)
"4596","ALCOSAN SEW SYS","3300 PREBLE AVE","PITTSBURGH","PA",250,NA,"Pennsylvania",1,c(-80.003568, 40.446661)
"4597","ALCOSAN SEW SYS","3300 PREBLE AVE","PITTSBURGH","PA",250,NA,"Pennsylvania",1,c(-80.000576, 40.447489)
"4598","ALCOSAN SEW SYS","3300 PREBLE AVE","PITTSBURGH","PA",250,NA,"Pennsylvania",1,c(-80.001944, 40.446944)
"4599","ALCOSAN SEW SYS","3300 PREBLE AVE","PITTSBURGH","PA",250,NA,"Pennsylvania",1,c(-79.99762, 40.448693)
"4600","ALCOSAN SEW SYS","3300 PREBLE AVE","PITTSBURGH","PA",250,NA,"Pennsylvania",1,c(-79.995349, 40.449824)
"4601","ALCOSAN SEW SYS","3300 PREBLE AVE","PITTSBURGH","PA",250,NA,"Pennsylvania",1,c(-79.993397, 40.450891)
"4602","ALCOSAN SEW SYS","3300 PREBLE AVE","PITTSBURGH","PA",250,NA,"Pennsylvania",1,c(-79.991909, 40.452296)
"4603","ALCOSAN SEW SYS","3300 PREBLE AVE","PITTSBURGH","PA",250,NA,NA,NA,c(-79.989996, 40.453953)
"4604","ALCOSAN SEW SYS","3300 PREBLE AVE","PITTSBURGH","PA",250,NA,NA,NA,c(-79.987265, 40.456019)
"4605","ALCOSAN SEW SYS","3300 PREBLE AVE","PITTSBURGH","PA",250,NA,NA,NA,c(-79.982093, 40.460314)
"4606","ALCOSAN SEW SYS","3300 PREBLE AVE","PITTSBURGH","PA",250,NA,NA,NA,c(-79.983611, 40.455833)
"4607","ALCOSAN SEW SYS","3300 PREBLE AVE","PITTSBURGH","PA",250,NA,NA,NA,c(-79.979142, 40.464662)
"4608","ALCOSAN SEW SYS","3300 PREBLE AVE","PITTSBURGH","PA",250,NA,NA,NA,c(-79.976738, 40.467681)
"4609","ALCOSAN SEW SYS","3300 PREBLE AVE","PITTSBURGH","PA",250,NA,"Pennsylvania",1,c(-79.968136, 40.475428)
"4610","ALCOSAN SEW SYS","3300 PREBLE AVE","PITTSBURGH","PA",250,NA,NA,NA,c(-79.95104, 40.489112)
"4611","ALCOSAN SEW SYS","3300 PREBLE AVE","PITTSBURGH","PA",250,NA,"Pennsylvania",1,c(-79.935682, 40.492862)
"4612","ALCOSAN SEW SYS","3300 PREBLE AVE","PITTSBURGH","PA",250,NA,"Pennsylvania",1,c(-79.934556, 40.492956)
"4613","ALCOSAN SEW SYS","3300 PREBLE AVE","PITTSBURGH","PA",250,NA,"Pennsylvania",1,c(-79.929468, 40.493164)
"4614","ALCOSAN SEW SYS","3300 PREBLE AVE","PITTSBURGH","PA",250,NA,"Pennsylvania",1,c(-79.925205, 40.492984)
"4615","ALCOSAN SEW SYS","3300 PREBLE AVE","PITTSBURGH","PA",250,NA,"Pennsylvania",1,c(-79.918129, 40.492165)
"4616","ALCOSAN SEW SYS","3300 PREBLE AVE","PITTSBURGH","PA",250,NA,"Pennsylvania",1,c(-79.915691, 40.49152)
"4617","ALCOSAN SEW SYS","3300 PREBLE AVE","PITTSBURGH","PA",250,NA,"Pennsylvania",1,c(-79.907696, 40.489465)
"4618","ALCOSAN SEW SYS","3300 PREBLE AVE","PITTSBURGH","PA",250,NA,NA,NA,c(-79.90612, 40.488661)
"4619","ALCOSAN SEW SYS","3300 PREBLE AVE","PITTSBURGH","PA",250,NA,NA,NA,c(-79.904285, 40.488058)
"4620","ALCOSAN SEW SYS","3300 PREBLE AVE","PITTSBURGH","PA",250,NA,NA,NA,c(-79.901327, 40.487398)
"4621","ALCOSAN SEW SYS","3300 PREBLE AVE","PITTSBURGH","PA",250,NA,"Pennsylvania",1,c(-80.053793, 40.464689)
"4622","ALCOSAN SEW SYS","3300 PREBLE AVE","PITTSBURGH","PA",250,NA,"Pennsylvania",1,c(-80.054262, 40.464958)
"4623","ALCOSAN SEW SYS","3300 PREBLE AVE","PITTSBURGH","PA",250,NA,"Pennsylvania",1,c(-80.056865, 40.463686)
"4624","ALCOSAN SEW SYS","3300 PREBLE AVE","PITTSBURGH","PA",250,NA,"Pennsylvania",1,c(-80.056928, 40.463648)
"4625","ALCOSAN SEW SYS","3300 PREBLE AVE","PITTSBURGH","PA",250,NA,"Pennsylvania",1,c(-80.057965, 40.463671)
"4626","ALCOSAN SEW SYS","3300 PREBLE AVE","PITTSBURGH","PA",250,NA,"Pennsylvania",1,c(-80.05966, 40.463799)
"4627","ALCOSAN SEW SYS","3300 PREBLE AVE","PITTSBURGH","PA",250,NA,"Pennsylvania",1,c(-80.060541, 40.464352)
"4628","ALCOSAN SEW SYS","3300 PREBLE AVE","PITTSBURGH","PA",250,NA,"Pennsylvania",1,c(-80.060911, 40.464361)
"4629","ALCOSAN SEW SYS","3300 PREBLE AVE","PITTSBURGH","PA",250,NA,"Pennsylvania",1,c(-80.069425, 40.460972)
"4630","ALCOSAN SEW SYS","3300 PREBLE AVE","PITTSBURGH","PA",250,NA,NA,NA,c(-80.070093, 40.460258)
"4631","ALCOSAN SEW SYS","3300 PREBLE AVE","PITTSBURGH","PA",250,NA,"Pennsylvania",1,c(-80.073142, 40.46152)
"4632","ALCOSAN SEW SYS","3300 PREBLE AVE","PITTSBURGH","PA",250,NA,"Pennsylvania",1,c(-80.074121, 40.463632)
"4633","ALCOSAN SEW SYS","3300 PREBLE AVE","PITTSBURGH","PA",250,NA,NA,NA,c(-80.085989, 40.444294)
"4634","ALCOSAN SEW SYS","3300 PREBLE AVE","PITTSBURGH","PA",250,NA,NA,NA,c(-80.081447, 40.440161)
"4635","ALCOSAN SEW SYS","3300 PREBLE AVE","PITTSBURGH","PA",250,NA,NA,NA,c(-80.080623, 40.439924)
"4636","ALCOSAN SEW SYS","3300 PREBLE AVE","PITTSBURGH","PA",250,NA,NA,NA,c(-80.075813, 40.435525)
"4637","ALCOSAN SEW SYS","3300 PREBLE AVE","PITTSBURGH","PA",250,NA,NA,NA,c(-80.076067, 40.431746)
"4638","ALCOSAN SEW SYS","3300 PREBLE AVE","PITTSBURGH","PA",250,NA,NA,NA,c(-80.08414, 40.420818)
"4639","ALCOSAN SEW SYS","3300 PREBLE AVE","PITTSBURGH","PA",250,NA,NA,NA,c(-80.074963, 40.420746)
"4640","ALCOSAN SEW SYS","3300 PREBLE AVE","PITTSBURGH","PA",250,NA,NA,NA,c(-80.075236, 40.41879)
"4641","ALCOSAN SEW SYS","3300 PREBLE AVE","PITTSBURGH","PA",250,NA,NA,NA,c(-80.075724, 40.418009)
"4642","ALCOSAN SEW SYS","3300 PREBLE AVE","PITTSBURGH","PA",250,NA,NA,NA,c(-80.076465, 40.417327)
"4643","ALCOSAN SEW SYS","3300 PREBLE AVE","PITTSBURGH","PA",250,NA,NA,NA,c(-80.077837, 40.416521)
"4644","ALCOSAN SEW SYS","3300 PREBLE AVE","PITTSBURGH","PA",250,NA,NA,NA,c(-80.080269, 40.412718)
"4645","ALCOSAN SEW SYS","3300 PREBLE AVE","PITTSBURGH","PA",250,NA,NA,NA,c(-80.082743, 40.412555)
"4646","ALCOSAN SEW SYS","3300 PREBLE AVE","PITTSBURGH","PA",250,NA,NA,NA,c(-80.082773, 40.412164)
"4647","ALCOSAN SEW SYS","3300 PREBLE AVE","PITTSBURGH","PA",250,NA,NA,NA,c(-80.084126, 40.411663)
"4648","ALCOSAN SEW SYS","3300 PREBLE AVE","PITTSBURGH","PA",250,NA,NA,NA,c(-80.086117, 40.410737)
"4649","ALCOSAN SEW SYS","3300 PREBLE AVE","PITTSBURGH","PA",250,NA,NA,NA,c(-80.087427, 40.410116)
"4650","ALCOSAN SEW SYS","3300 PREBLE AVE","PITTSBURGH","PA",250,NA,NA,NA,c(-80.088148, 40.409661)
"4651","ALCOSAN SEW SYS","3300 PREBLE AVE","PITTSBURGH","PA",250,NA,NA,NA,c(-80.088497, 40.407444)
"4652","ALCOSAN SEW SYS","3300 PREBLE AVE","PITTSBURGH","PA",250,NA,"Pennsylvania",1,c(-80.088068, 40.406227)
"4653","ALCOSAN SEW SYS","3300 PREBLE AVE","PITTSBURGH","PA",250,NA,"Pennsylvania",1,c(-80.087909, 40.405818)
"4654","ALCOSAN SEW SYS","3300 PREBLE AVE","PITTSBURGH","PA",250,NA,NA,NA,c(-80.086978, 40.402727)
"4655","ALCOSAN SEW SYS","3300 PREBLE AVE","PITTSBURGH","PA",250,NA,"Pennsylvania",1,c(-80.08856, 40.40236)
"4656","ALCOSAN SEW SYS","3300 PREBLE AVE","PITTSBURGH","PA",250,NA,"Pennsylvania",1,c(-80.089735, 40.401917)
"4657","ALCOSAN SEW SYS","3300 PREBLE AVE","PITTSBURGH","PA",250,NA,NA,NA,c(-80.096924, 40.375581)
"4658","ALCOSAN SEW SYS","3300 PREBLE AVE","PITTSBURGH","PA",250,NA,NA,NA,c(-80.007762, 40.438827)
"4659","ALCOSAN SEW SYS","3300 PREBLE AVE","PITTSBURGH","PA",250,NA,NA,NA,c(-80.006127, 40.438114)
"4660","ALCOSAN SEW SYS","3300 PREBLE AVE","PITTSBURGH","PA",250,NA,NA,NA,c(-80.003048, 40.436925)
"4661","ALCOSAN SEW SYS","3300 PREBLE AVE","PITTSBURGH","PA",250,NA,NA,NA,c(-79.999433, 40.435377)
"4662","ALCOSAN SEW SYS","3300 PREBLE AVE","PITTSBURGH","PA",250,NA,NA,NA,c(-80.000429, 40.435794)
"4663","ALCOSAN SEW SYS","3300 PREBLE AVE","PITTSBURGH","PA",250,NA,NA,NA,c(-79.99712, 40.434267)
"4664","ALCOSAN SEW SYS","3300 PREBLE AVE","PITTSBURGH","PA",250,NA,NA,NA,c(-79.999368, 40.432155)
"4665","ALCOSAN SEW SYS","3300 PREBLE AVE","PITTSBURGH","PA",250,NA,NA,NA,c(-79.995196, 40.431417)
"4666","ALCOSAN SEW SYS","3300 PREBLE AVE","PITTSBURGH","PA",250,NA,NA,NA,c(-79.993702, 40.431406)
"4667","ALCOSAN SEW SYS","3300 PREBLE AVE","PITTSBURGH","PA",250,NA,NA,NA,c(-79.991196, 40.431429)
"4668","ALCOSAN SEW SYS","3300 PREBLE AVE","PITTSBURGH","PA",250,NA,NA,NA,c(-79.988836, 40.431661)
"4669","ALCOSAN SEW SYS","3300 PREBLE AVE","PITTSBURGH","PA",250,NA,NA,NA,c(-79.985549, 40.432005)
"4670","ALCOSAN SEW SYS","3300 PREBLE AVE","PITTSBURGH","PA",250,NA,NA,NA,c(-79.987679, 40.431785)
"4671","ALCOSAN SEW SYS","3300 PREBLE AVE","PITTSBURGH","PA",250,NA,NA,NA,c(-79.983375, 40.432213)
"4672","ALCOSAN SEW SYS","3300 PREBLE AVE","PITTSBURGH","PA",250,NA,NA,NA,c(-79.981728, 40.432157)
"4673","ALCOSAN SEW SYS","3300 PREBLE AVE","PITTSBURGH","PA",250,NA,NA,NA,c(-79.978767, 40.432589)
"4674","ALCOSAN SEW SYS","3300 PREBLE AVE","PITTSBURGH","PA",250,NA,NA,NA,c(-79.980225, 40.432294)
"4675","ALCOSAN SEW SYS","3300 PREBLE AVE","PITTSBURGH","PA",250,NA,NA,NA,c(-79.977228, 40.432697)
"4676","ALCOSAN SEW SYS","3300 PREBLE AVE","PITTSBURGH","PA",250,NA,NA,NA,c(-79.975954, 40.432438)
"4677","ALCOSAN SEW SYS","3300 PREBLE AVE","PITTSBURGH","PA",250,NA,NA,NA,c(-79.974501, 40.432418)
"4678","ALCOSAN SEW SYS","3300 PREBLE AVE","PITTSBURGH","PA",250,NA,NA,NA,c(-79.97294, 40.434234)
"4679","ALCOSAN SEW SYS","3300 PREBLE AVE","PITTSBURGH","PA",250,NA,NA,NA,c(-79.960662, 40.429921)
"4680","ALCOSAN SEW SYS","3300 PREBLE AVE","PITTSBURGH","PA",250,NA,NA,NA,c(-79.968573, 40.433436)
"4681","ALCOSAN SEW SYS","3300 PREBLE AVE","PITTSBURGH","PA",250,NA,NA,NA,c(-79.972619, 40.431812)
"4682","ALCOSAN SEW SYS","3300 PREBLE AVE","PITTSBURGH","PA",250,NA,NA,NA,c(-79.970295, 40.431108)
"4683","ALCOSAN SEW SYS","3300 PREBLE AVE","PITTSBURGH","PA",250,NA,NA,NA,c(-79.968429, 40.430601)
"4684","ALCOSAN SEW SYS","3300 PREBLE AVE","PITTSBURGH","PA",250,NA,NA,NA,c(-79.967067, 40.430252)
"4685","ALCOSAN SEW SYS","3300 PREBLE AVE","PITTSBURGH","PA",250,NA,NA,NA,c(-79.961855, 40.427515)
"4686","ALCOSAN SEW SYS","3300 PREBLE AVE","PITTSBURGH","PA",250,NA,NA,NA,c(-79.961117, 40.426907)
"4687","ALCOSAN SEW SYS","3300 PREBLE AVE","PITTSBURGH","PA",250,NA,NA,NA,c(-79.958233, 40.42418)
"4688","ALCOSAN SEW SYS","3300 PREBLE AVE","PITTSBURGH","PA",250,NA,NA,NA,c(-79.956955, 40.423093)
"4689","ALCOSAN SEW SYS","3300 PREBLE AVE","PITTSBURGH","PA",250,NA,"Pennsylvania",1,c(-79.954523, 40.424545)
"4690","ALCOSAN SEW SYS","3300 PREBLE AVE","PITTSBURGH","PA",250,NA,"Pennsylvania",1,c(-79.951821, 40.418181)
"4691","ALCOSAN SEW SYS","3300 PREBLE AVE","PITTSBURGH","PA",250,NA,"Pennsylvania",1,c(-79.951764, 40.41801)
"4692","ALCOSAN SEW SYS","3300 PREBLE AVE","PITTSBURGH","PA",250,NA,"Pennsylvania",1,c(-79.951448, 40.411365)
"4693","ALCOSAN SEW SYS","3300 PREBLE AVE","PITTSBURGH","PA",250,NA,NA,NA,c(-79.954701, 40.411339)
"4694","ALCOSAN SEW SYS","3300 PREBLE AVE","PITTSBURGH","PA",250,NA,"Pennsylvania",1,c(-79.951027, 40.409769)
"4695","ALCOSAN SEW SYS","3300 PREBLE AVE","PITTSBURGH","PA",250,NA,"Pennsylvania",1,c(-79.950462, 40.407149)
"4696","ALCOSAN SEW SYS","3300 PREBLE AVE","PITTSBURGH","PA",250,NA,"Pennsylvania",1,c(-79.948388, 40.402855)
"4697","ALCOSAN SEW SYS","3300 PREBLE AVE","PITTSBURGH","PA",250,NA,"Pennsylvania",1,c(-79.943172, 40.398991)
"4698","ALCOSAN SEW SYS","3300 PREBLE AVE","PITTSBURGH","PA",250,NA,"Pennsylvania",1,c(-79.941377, 40.398477)
"4699","ALCOSAN SEW SYS","3300 PREBLE AVE","PITTSBURGH","PA",250,NA,"Pennsylvania",1,c(-79.936338, 40.398769)
"4700","ALCOSAN SEW SYS","3300 PREBLE AVE","PITTSBURGH","PA",250,NA,NA,NA,c(-79.932432, 40.393547)
"4701","ALCOSAN SEW SYS","3300 PREBLE AVE","PITTSBURGH","PA",250,NA,NA,NA,c(-79.924269, 40.400625)
"4702","ALCOSAN SEW SYS","3300 PREBLE AVE","PITTSBURGH","PA",250,NA,NA,NA,c(-79.92117, 40.405267)
"4703","ALCOSAN SEW SYS","3300 PREBLE AVE","PITTSBURGH","PA",250,NA,"Pennsylvania",1,c(-79.917564, 40.409711)
"4704","ALCOSAN SEW SYS","3300 PREBLE AVE","PITTSBURGH","PA",250,NA,NA,NA,c(-79.914644, 40.41545)
"4705","ALCOSAN SEW SYS","3300 PREBLE AVE","PITTSBURGH","PA",250,NA,"Pennsylvania",1,c(-79.895351, 40.4159)
"4706","ALCOSAN SEW SYS","3300 PREBLE AVE","PITTSBURGH","PA",250,NA,"Pennsylvania",1,c(-79.892292, 40.410401)
"4707","ALCOSAN SEW SYS","3300 PREBLE AVE","PITTSBURGH","PA",250,NA,"Pennsylvania",1,c(-79.889007, 40.411033)
"4708","ALCOSAN SEW SYS","3300 PREBLE AVE","PITTSBURGH","PA",250,NA,"Pennsylvania",1,c(-79.877981, 40.405227)
"4709","ALCOSAN SEW SYS","3300 PREBLE AVE","PITTSBURGH","PA",250,NA,"Pennsylvania",1,c(-79.876332, 40.403899)
"4710","ALCOSAN SEW SYS","3300 PREBLE AVE","PITTSBURGH","PA",250,NA,"Pennsylvania",1,c(-79.874891, 40.40243)
"4711","ALCOSAN SEW SYS","3300 PREBLE AVE","PITTSBURGH","PA",250,NA,"Pennsylvania",1,c(-79.874538, 40.401741)
"4712","ALCOSAN SEW SYS","3300 PREBLE AVE","PITTSBURGH","PA",250,NA,"Pennsylvania",1,c(-79.872471, 40.400198)
"4713","ALCOSAN SEW SYS","3300 PREBLE AVE","PITTSBURGH","PA",250,NA,"Pennsylvania",1,c(-79.871459, 40.399196)
"4714","ALCOSAN SEW SYS","3300 PREBLE AVE","PITTSBURGH","PA",250,NA,"Pennsylvania",1,c(-79.870471, 40.398241)
"4715","ALCOSAN SEW SYS","3300 PREBLE AVE","PITTSBURGH","PA",250,NA,"Pennsylvania",1,c(-79.868809, 40.396455)
"4716","ALCOSAN SEW SYS","3300 PREBLE AVE","PITTSBURGH","PA",250,NA,"Pennsylvania",1,c(-79.866673, 40.395115)
"4717","ALCOSAN SEW SYS","3300 PREBLE AVE","PITTSBURGH","PA",250,NA,"Pennsylvania",1,c(-79.863612, 40.393496)
"4718","ALCOSAN SEW SYS","3300 PREBLE AVE","PITTSBURGH","PA",250,NA,"Pennsylvania",1,c(-80.080131, 40.489087)
"4719","ALCOSAN SEW SYS","3300 PREBLE AVE","PITTSBURGH","PA",250,NA,"Pennsylvania",1,c(-80.073277, 40.487988)
"4720","ALCOSAN SEW SYS","3300 PREBLE AVE","PITTSBURGH","PA",250,NA,"Pennsylvania",1,c(-80.069922, 40.487014)
"4721","ALCOSAN SEW SYS","3300 PREBLE AVE","PITTSBURGH","PA",250,NA,"Pennsylvania",1,c(-80.066162, 40.486659)
"4722","ALCOSAN SEW SYS","3300 PREBLE AVE","PITTSBURGH","PA",250,NA,"Pennsylvania",1,c(-80.062847, 40.485599)
"4723","ALCOSAN SEW SYS","3300 PREBLE AVE","PITTSBURGH","PA",250,NA,"Pennsylvania",1,c(-80.060969, 40.484806)
"4724","ALCOSAN SEW SYS","3300 PREBLE AVE","PITTSBURGH","PA",250,NA,"Pennsylvania",1,c(-80.06016, 40.484348)
"4725","ALCOSAN SEW SYS","3300 PREBLE AVE","PITTSBURGH","PA",250,NA,"Pennsylvania",1,c(-80.051237, 40.470269)
"4726","ALCOSAN SEW SYS","3300 PREBLE AVE","PITTSBURGH","PA",250,NA,"Pennsylvania",1,c(-80.051249, 40.46295)
"4727","ALCOSAN SEW SYS","3300 PREBLE AVE","PITTSBURGH","PA",250,NA,"Pennsylvania",1,c(-80.039819, 40.453981)
"4728","ALCOSAN SEW SYS","3300 PREBLE AVE","PITTSBURGH","PA",250,NA,NA,NA,c(-80.026846, 40.444515)
"4729","ALCOSAN SEW SYS","3300 PREBLE AVE","PITTSBURGH","PA",250,NA,NA,NA,c(-80.026911, 40.444553)
"4730","ALCOSAN SEW SYS","3300 PREBLE AVE","PITTSBURGH","PA",250,NA,NA,NA,c(-80.050914, 40.483956)
"4731","ALCOSAN SEW SYS","3300 PREBLE AVE","PITTSBURGH","PA",250,NA,NA,NA,c(-80.047863, 40.48011)
"4732","ALCOSAN SEW SYS","3300 PREBLE AVE","PITTSBURGH","PA",250,NA,"Pennsylvania",1,c(-80.043713, 40.472139)
"4733","ALCOSAN SEW SYS","3300 PREBLE AVE","PITTSBURGH","PA",250,NA,"Pennsylvania",1,c(-80.037206, 40.463192)
"4734","ALCOSAN SEW SYS","3300 PREBLE AVE","PITTSBURGH","PA",250,NA,"Pennsylvania",1,c(-80.035894, 40.461313)
"4735","ALCOSAN SEW SYS","3300 PREBLE AVE","PITTSBURGH","PA",250,NA,NA,NA,c(-80.034817, 40.459417)
"4736","ALCOSAN SEW SYS","3300 PREBLE AVE","PITTSBURGH","PA",250,NA,NA,NA,c(-80.034798, 40.458649)
"4737","ALCOSAN SEW SYS","3300 PREBLE AVE","PITTSBURGH","PA",250,NA,NA,NA,c(-80.034636, 40.457414)
"4738","ALCOSAN SEW SYS","3300 PREBLE AVE","PITTSBURGH","PA",250,NA,NA,NA,c(-80.034556, 40.45642)
"4739","ALCOSAN SEW SYS","3300 PREBLE AVE","PITTSBURGH","PA",250,NA,NA,NA,c(-80.034318, 40.454448)
"4740","ALCOSAN SEW SYS","3300 PREBLE AVE","PITTSBURGH","PA",250,NA,NA,NA,c(-80.033931, 40.453648)
"4741","ALCOSAN SEW SYS","3300 PREBLE AVE","PITTSBURGH","PA",250,NA,NA,NA,c(-80.032765, 40.452503)
"4742","ALCOSAN SEW SYS","3300 PREBLE AVE","PITTSBURGH","PA",250,NA,NA,NA,c(-80.031694, 40.451426)
"4743","ALCOSAN SEW SYS","3300 PREBLE AVE","PITTSBURGH","PA",250,NA,NA,NA,c(-80.029729, 40.449604)
"4744","ALCOSAN SEW SYS","3300 PREBLE AVE","PITTSBURGH","PA",250,NA,NA,NA,c(-80.026517, 40.447688)
"4745","ALCOSAN SEW SYS","3300 PREBLE AVE","PITTSBURGH","PA",250,NA,NA,NA,c(-80.024803, 40.446912)
"4746","ALCOSAN SEW SYS","3300 PREBLE AVE","PITTSBURGH","PA",250,NA,NA,NA,c(-80.019393, 40.445532)
"4747","ALCOSAN SEW SYS","3300 PREBLE AVE","PITTSBURGH","PA",250,NA,NA,NA,c(-80.02106, 40.425936)
"4748","ALCOSAN SEW SYS","3300 PREBLE AVE","PITTSBURGH","PA",250,NA,"Pennsylvania",1,c(-80.031844, 40.434415)
"4749","ALCOSAN SEW SYS","3300 PREBLE AVE","PITTSBURGH","PA",250,NA,"Pennsylvania",1,c(-80.031653, 40.441992)
"4750","ALCOSAN SEW SYS","3300 PREBLE AVE","PITTSBURGH","PA",250,NA,"Pennsylvania",1,c(-79.99563, 40.385136)
"4751","ALCOSAN SEW SYS","3300 PREBLE AVE","PITTSBURGH","PA",250,NA,"Pennsylvania",1,c(-80.001015, 40.402048)
"4752","ALCOSAN SEW SYS","3300 PREBLE AVE","PITTSBURGH","PA",250,NA,"Pennsylvania",1,c(-80.001154, 40.402042)
"4753","ALCOSAN SEW SYS","3300 PREBLE AVE","PITTSBURGH","PA",250,NA,"Pennsylvania",1,c(-80.004949, 40.407752)
"4754","ALCOSAN SEW SYS","3300 PREBLE AVE","PITTSBURGH","PA",250,NA,"Pennsylvania",1,c(-80.006931, 40.410755)
"4755","ALCOSAN SEW SYS","3300 PREBLE AVE","PITTSBURGH","PA",250,NA,"Pennsylvania",1,c(-80.007896, 40.413426)
"4756","ALCOSAN SEW SYS","3300 PREBLE AVE","PITTSBURGH","PA",250,NA,"Pennsylvania",1,c(-80.009898, 40.414774)
"4757","ALCOSAN SEW SYS","3300 PREBLE AVE","PITTSBURGH","PA",250,NA,"Pennsylvania",1,c(-80.012071, 40.414809)
"4758","ALCOSAN SEW SYS","3300 PREBLE AVE","PITTSBURGH","PA",250,NA,"Pennsylvania",1,c(-80.015112, 40.417027)
"4759","ALCOSAN SEW SYS","3300 PREBLE AVE","PITTSBURGH","PA",250,NA,"Pennsylvania",1,c(-80.015202, 40.418475)
"4760","ALCOSAN SEW SYS","3300 PREBLE AVE","PITTSBURGH","PA",250,NA,"Pennsylvania",1,c(-80.015512, 40.420284)
"4761","ALCOSAN SEW SYS","3300 PREBLE AVE","PITTSBURGH","PA",250,NA,NA,NA,c(-80.016286, 40.422079)
"4762","ALCOSAN SEW SYS","3300 PREBLE AVE","PITTSBURGH","PA",250,NA,NA,NA,c(-80.02106, 40.425925)
"4763","ALCOSAN SEW SYS","3300 PREBLE AVE","PITTSBURGH","PA",250,NA,NA,NA,c(-80.023018, 40.427108)
"4764","ALCOSAN SEW SYS","3300 PREBLE AVE","PITTSBURGH","PA",250,NA,"Pennsylvania",1,c(-80.027367, 40.430726)
"4765","ALCOSAN SEW SYS","3300 PREBLE AVE","PITTSBURGH","PA",250,NA,"Pennsylvania",1,c(-80.029799, 40.432676)
"4766","ALCOSAN SEW SYS","3300 PREBLE AVE","PITTSBURGH","PA",250,NA,"Pennsylvania",1,c(-80.033577, 40.436053)
"4767","ALCOSAN SEW SYS","3300 PREBLE AVE","PITTSBURGH","PA",250,NA,"Pennsylvania",1,c(-80.03362, 40.436127)
"4768","ALCOSAN SEW SYS","3300 PREBLE AVE","PITTSBURGH","PA",250,NA,"Pennsylvania",1,c(-80.031633, 40.442117)
"4769","ALCOSAN SEW SYS","3300 PREBLE AVE","PITTSBURGH","PA",250,NA,NA,NA,c(-79.848062, 40.392428)
"4770","ALCOSAN SEW SYS","3300 PREBLE AVE","PITTSBURGH","PA",250,NA,"Pennsylvania",1,c(-79.839434, 40.391692)
"4771","ALCOSAN SEW SYS","3300 PREBLE AVE","PITTSBURGH","PA",250,NA,"Pennsylvania",1,c(-79.836319, 40.393515)
"4772","ALCOSAN SEW SYS","3300 PREBLE AVE","PITTSBURGH","PA",250,NA,"Pennsylvania",1,c(-79.833562, 40.396189)
"4773","ALCOSAN SEW SYS","3300 PREBLE AVE","PITTSBURGH","PA",250,NA,"Pennsylvania",1,c(-79.828811, 40.402322)
"4774","ALCOSAN SEW SYS","3300 PREBLE AVE","PITTSBURGH","PA",250,NA,NA,NA,c(-79.826571, 40.403375)
"4775","ALCOSAN SEW SYS","3300 PREBLE AVE","PITTSBURGH","PA",250,NA,"Pennsylvania",1,c(-79.82451, 40.403219)
"4776","ALCOSAN SEW SYS","3300 PREBLE AVE","PITTSBURGH","PA",250,NA,"Pennsylvania",1,c(-79.823524, 40.402792)
"4777","ALCOSAN SEW SYS","3300 PREBLE AVE","PITTSBURGH","PA",250,NA,"Pennsylvania",1,c(-79.821727, 40.402026)
"4778","ALCOSAN SEW SYS","3300 PREBLE AVE","PITTSBURGH","PA",250,NA,"Pennsylvania",1,c(-79.818567, 40.400661)
"4779","ALCOSAN SEW SYS","3300 PREBLE AVE","PITTSBURGH","PA",250,NA,"Pennsylvania",1,c(-79.817469, 40.400127)
"4780","ALCOSAN SEW SYS","3300 PREBLE AVE","PITTSBURGH","PA",250,NA,"Pennsylvania",1,c(-79.81659, 40.399474)
"4781","ALCOSAN SEW SYS","3300 PREBLE AVE","PITTSBURGH","PA",250,NA,"Pennsylvania",1,c(-79.816429, 40.39975)
"4782","ALCOSAN SEW SYS","3300 PREBLE AVE","PITTSBURGH","PA",250,NA,"Pennsylvania",1,c(-79.81547, 40.399273)
"4783","ALCOSAN SEW SYS","3300 PREBLE AVE","PITTSBURGH","PA",250,NA,"Pennsylvania",1,c(-79.810541, 40.396331)
"4784","ALCOSAN SEW SYS","3300 PREBLE AVE","PITTSBURGH","PA",250,NA,"Pennsylvania",1,c(-79.807619, 40.395446)
"4785","ALCOSAN SEW SYS","3300 PREBLE AVE","PITTSBURGH","PA",250,NA,"Pennsylvania",1,c(-79.807196, 40.394932)
"4786","ALCOSAN SEW SYS","3300 PREBLE AVE","PITTSBURGH","PA",250,NA,"Pennsylvania",1,c(-79.806484, 40.394753)
"4787","ALCOSAN SEW SYS","3300 PREBLE AVE","PITTSBURGH","PA",250,NA,"Pennsylvania",1,c(-79.804973, 40.394263)
"4788","ALCOSAN SEW SYS","3300 PREBLE AVE","PITTSBURGH","PA",250,NA,NA,NA,c(-79.782175, 40.400895)
"4789","ALCOSAN SEW SYS","3300 PREBLE AVE","PITTSBURGH","PA",250,NA,"Pennsylvania",1,c(-79.827897, 40.404798)
"4790","ALCOSAN SEW SYS","3300 PREBLE AVE","PITTSBURGH","PA",250,NA,"Pennsylvania",1,c(-79.824507, 40.412313)
"4791","BETHLEHEM CITY WWTP","144 SHIMERSVILLE ROAD","BETHLEHEM","PA",20,NA,"Pennsylvania",1,c(-75.334417, 40.614861)
"4792","BETHLEHEM CITY WWTP","144 SHIMERSVILLE ROAD","BETHLEHEM","PA",20,NA,"Pennsylvania",1,c(-75.333972, 40.618139)
"4793","BETHLEHEM CITY WWTP","144 SHIMERSVILLE ROAD","BETHLEHEM","PA",20,NA,"Pennsylvania",1,c(-75.349444, 40.619444)
"4794","LATROBE MUNI AUTH STP","720 LATTANZIO ROAD","LATROBE","PA",6,NA,NA,NA,c(-79.381389, 40.321667)
"4795","LATROBE MUNI AUTH STP","720 LATTANZIO ROAD","LATROBE","PA",6,NA,NA,NA,c(-79.381944, 40.321111)
"4796","LATROBE MUNI AUTH STP","720 LATTANZIO ROAD","LATROBE","PA",6,NA,NA,NA,c(-79.368889, 40.321667)
"4797","LATROBE MUNI AUTH STP","720 LATTANZIO ROAD","LATROBE","PA",6,NA,NA,NA,c(-79.387778, 40.321389)
"4798","LATROBE MUNI AUTH STP","720 LATTANZIO ROAD","LATROBE","PA",6,NA,NA,NA,c(-79.388056, 40.321111)
"4799","LATROBE MUNI AUTH STP","720 LATTANZIO ROAD","LATROBE","PA",6,NA,NA,NA,c(-79.391944, 40.320556)
"4800","LATROBE MUNI AUTH STP","720 LATTANZIO ROAD","LATROBE","PA",6,NA,NA,NA,c(-79.389167, 40.315)
"4801","LATROBE MUNI AUTH STP","720 LATTANZIO ROAD","LATROBE","PA",6,NA,"Pennsylvania",1,c(-79.388333, 40.314722)
"4802","LATROBE MUNI AUTH STP","720 LATTANZIO ROAD","LATROBE","PA",6,NA,"Pennsylvania",1,c(-79.385556, 40.314444)
"4803","LATROBE MUNI AUTH STP","720 LATTANZIO ROAD","LATROBE","PA",6,NA,"Pennsylvania",1,c(-79.385, 40.313611)
"4804","LATROBE MUNI AUTH STP","720 LATTANZIO ROAD","LATROBE","PA",6,NA,"Pennsylvania",1,c(-79.389444, 40.310833)
"4805","LATROBE MUNI AUTH STP","720 LATTANZIO ROAD","LATROBE","PA",6,NA,NA,NA,c(-79.397778, 40.305)
"4806","WYOMING VALLEY SANITARY AUTHORITY WWTP","1000 WILKES-BARRE STREET","WILKES BARRE","PA",50,NA,"Pennsylvania",1,c(-75.934722, 41.240556)
"4807","WYOMING VALLEY SANITARY AUTHORITY WWTP","1000 WILKES-BARRE STREET","WILKES BARRE","PA",50,NA,NA,NA,c(-75.913611, 41.245833)
"4808","WYOMING VALLEY SANITARY AUTHORITY WWTP","1000 WILKES-BARRE STREET","WILKES BARRE","PA",50,NA,NA,NA,c(-75.901111, 41.246111)
"4809","WYOMING VALLEY SANITARY AUTHORITY WWTP","1000 WILKES-BARRE STREET","WILKES BARRE","PA",50,NA,NA,NA,c(-75.893611, 41.244722)
"4810","WYOMING VALLEY SANITARY AUTHORITY WWTP","1000 WILKES-BARRE STREET","WILKES BARRE","PA",50,NA,"Pennsylvania",1,c(-75.884444, 41.248056)
"4811","WYOMING VALLEY SANITARY AUTHORITY WWTP","1000 WILKES-BARRE STREET","WILKES BARRE","PA",50,NA,"Pennsylvania",1,c(-75.881389, 41.250556)
"4812","WYOMING VALLEY SANITARY AUTHORITY WWTP","1000 WILKES-BARRE STREET","WILKES BARRE","PA",50,NA,"Pennsylvania",1,c(-75.878889, 41.2525)
"4813","WYOMING VALLEY SANITARY AUTHORITY WWTP","1000 WILKES-BARRE STREET","WILKES BARRE","PA",50,NA,"Pennsylvania",1,c(-75.871944, 41.255833)
"4814","WYOMING VALLEY SANITARY AUTHORITY WWTP","1000 WILKES-BARRE STREET","WILKES BARRE","PA",50,NA,"Pennsylvania",1,c(-75.868611, 41.259444)
"4815","WYOMING VALLEY SANITARY AUTHORITY WWTP","1000 WILKES-BARRE STREET","WILKES BARRE","PA",50,NA,"Pennsylvania",1,c(-75.866389, 41.259722)
"4816","WYOMING VALLEY SANITARY AUTHORITY WWTP","1000 WILKES-BARRE STREET","WILKES BARRE","PA",50,NA,"Pennsylvania",1,c(-75.870833, 41.256111)
"4817","WYOMING VALLEY SANITARY AUTHORITY WWTP","1000 WILKES-BARRE STREET","WILKES BARRE","PA",50,NA,NA,NA,c(-75.871111, 41.284167)
"4818","WYOMING VALLEY SANITARY AUTHORITY WWTP","1000 WILKES-BARRE STREET","WILKES BARRE","PA",50,NA,NA,NA,c(-75.841667, 41.305)
"4819","WYOMING VALLEY SANITARY AUTHORITY WWTP","1000 WILKES-BARRE STREET","WILKES BARRE","PA",50,NA,NA,NA,c(-75.830556, 41.308611)
"4820","WYOMING VALLEY SANITARY AUTHORITY WWTP","1000 WILKES-BARRE STREET","WILKES BARRE","PA",50,NA,"Pennsylvania",1,c(-75.818056, 41.318889)
"4821","WYOMING VALLEY SANITARY AUTHORITY WWTP","1000 WILKES-BARRE STREET","WILKES BARRE","PA",50,NA,NA,NA,c(-75.801389, 41.323333)
"4822","WYOMING VALLEY SANITARY AUTHORITY WWTP","1000 WILKES-BARRE STREET","WILKES BARRE","PA",50,NA,"Pennsylvania",1,c(-75.802222, 41.34)
"4823","WYOMING VALLEY SANITARY AUTHORITY WWTP","1000 WILKES-BARRE STREET","WILKES BARRE","PA",50,NA,"Pennsylvania",1,c(-75.803889, 41.341111)
"4824","WYOMING VALLEY SANITARY AUTHORITY WWTP","1000 WILKES-BARRE STREET","WILKES BARRE","PA",50,NA,"Pennsylvania",1,c(-75.994444, 41.206667)
"4825","WYOMING VALLEY SANITARY AUTHORITY WWTP","1000 WILKES-BARRE STREET","WILKES BARRE","PA",50,NA,"Pennsylvania",1,c(-75.995833, 41.206389)
"4826","WYOMING VALLEY SANITARY AUTHORITY WWTP","1000 WILKES-BARRE STREET","WILKES BARRE","PA",50,NA,NA,NA,c(-76.003056, 41.2075)
"4827","WYOMING VALLEY SANITARY AUTHORITY WWTP","1000 WILKES-BARRE STREET","WILKES BARRE","PA",50,NA,NA,NA,c(-76.007778, 41.208889)
"4828","WYOMING VALLEY SANITARY AUTHORITY WWTP","1000 WILKES-BARRE STREET","WILKES BARRE","PA",50,NA,NA,NA,c(-76.008611, 41.213333)
"4829","WYOMING VALLEY SANITARY AUTHORITY WWTP","1000 WILKES-BARRE STREET","WILKES BARRE","PA",50,NA,NA,NA,c(-76.012222, 41.215278)
"4830","WYOMING VALLEY SANITARY AUTHORITY WWTP","1000 WILKES-BARRE STREET","WILKES BARRE","PA",50,NA,"Pennsylvania",1,c(-75.986944, 41.2025)
"4831","WYOMING VALLEY SANITARY AUTHORITY WWTP","1000 WILKES-BARRE STREET","WILKES BARRE","PA",50,NA,"Pennsylvania",1,c(-75.988611, 41.197222)
"4832","WYOMING VALLEY SANITARY AUTHORITY WWTP","1000 WILKES-BARRE STREET","WILKES BARRE","PA",50,NA,NA,NA,c(-75.988889, 41.189167)
"4833","WYOMING VALLEY SANITARY AUTHORITY WWTP","1000 WILKES-BARRE STREET","WILKES BARRE","PA",50,NA,"Pennsylvania",1,c(-76.012222, 41.197222)
"4834","WYOMING VALLEY SANITARY AUTHORITY WWTP","1000 WILKES-BARRE STREET","WILKES BARRE","PA",50,NA,NA,NA,c(-76.010278, 41.195)
"4835","WYOMING VALLEY SANITARY AUTHORITY WWTP","1000 WILKES-BARRE STREET","WILKES BARRE","PA",50,NA,NA,NA,c(-76.010278, 41.193889)
"4836","WYOMING VALLEY SANITARY AUTHORITY WWTP","1000 WILKES-BARRE STREET","WILKES BARRE","PA",50,NA,NA,NA,c(-75.957222, 41.210556)
"4837","WYOMING VALLEY SANITARY AUTHORITY WWTP","1000 WILKES-BARRE STREET","WILKES BARRE","PA",50,NA,NA,NA,c(-75.964444, 41.211111)
"4838","WYOMING VALLEY SANITARY AUTHORITY WWTP","1000 WILKES-BARRE STREET","WILKES BARRE","PA",50,NA,NA,NA,c(-75.963889, 41.198889)
"4839","WYOMING VALLEY SANITARY AUTHORITY WWTP","1000 WILKES-BARRE STREET","WILKES BARRE","PA",50,NA,NA,NA,c(-75.795556, 41.321944)
"4840","WYOMING VALLEY SANITARY AUTHORITY WWTP","1000 WILKES-BARRE STREET","WILKES BARRE","PA",50,NA,"Pennsylvania",1,c(-75.789167, 41.325556)
"4841","WYOMING VALLEY SANITARY AUTHORITY WWTP","1000 WILKES-BARRE STREET","WILKES BARRE","PA",50,NA,"Pennsylvania",1,c(-75.788611, 41.326389)
"4842","WYOMING VALLEY SANITARY AUTHORITY WWTP","1000 WILKES-BARRE STREET","WILKES BARRE","PA",50,NA,"Pennsylvania",1,c(-75.7875, 41.329167)
"4843","WYOMING VALLEY SANITARY AUTHORITY WWTP","1000 WILKES-BARRE STREET","WILKES BARRE","PA",50,NA,"Pennsylvania",1,c(-75.786667, 41.331667)
"4844","WYOMING VALLEY SANITARY AUTHORITY WWTP","1000 WILKES-BARRE STREET","WILKES BARRE","PA",50,NA,"Pennsylvania",1,c(-75.785, 41.341389)
"4845","WYOMING VALLEY SANITARY AUTHORITY WWTP","1000 WILKES-BARRE STREET","WILKES BARRE","PA",50,NA,NA,NA,c(-75.900833, 41.253056)
"4846","WYOMING VALLEY SANITARY AUTHORITY WWTP","1000 WILKES-BARRE STREET","WILKES BARRE","PA",50,NA,NA,NA,c(-75.905556, 41.26)
"4847","WYOMING VALLEY SANITARY AUTHORITY WWTP","1000 WILKES-BARRE STREET","WILKES BARRE","PA",50,NA,"Pennsylvania",1,c(-75.936111, 41.244722)
"4848","WYOMING VALLEY SANITARY AUTHORITY WWTP","1000 WILKES-BARRE STREET","WILKES BARRE","PA",50,NA,"Pennsylvania",1,c(-75.953056, 41.235556)
"4849","WYOMING VALLEY SANITARY AUTHORITY WWTP","1000 WILKES-BARRE STREET","WILKES BARRE","PA",50,NA,"Pennsylvania",1,c(-75.805278, 41.341111)
"4850","WYOMING VALLEY SANITARY AUTHORITY WWTP","1000 WILKES-BARRE STREET","WILKES BARRE","PA",50,NA,NA,NA,c(-75.945556, 41.236389)
"4851","WYOMING VALLEY SANITARY AUTHORITY WWTP","1000 WILKES-BARRE STREET","WILKES BARRE","PA",50,NA,"Pennsylvania",1,c(-75.945556, 41.238611)
"4852","WYOMING VALLEY SANITARY AUTHORITY WWTP","1000 WILKES-BARRE STREET","WILKES BARRE","PA",50,NA,NA,NA,c(-75.800833, 41.322778)
"4853","WYOMING VALLEY SANITARY AUTHORITY WWTP","1000 WILKES-BARRE STREET","WILKES BARRE","PA",50,NA,NA,NA,c(-75.796667, 41.324167)
"4854","WYOMING VALLEY SANITARY AUTHORITY WWTP","1000 WILKES-BARRE STREET","WILKES BARRE","PA",50,NA,NA,NA,c(-75.793611, 41.326667)
"4855","WYOMING VALLEY SANITARY AUTHORITY WWTP","1000 WILKES-BARRE STREET","WILKES BARRE","PA",50,NA,NA,NA,c(-75.792222, 41.330833)
"4856","ROCHESTER AREA JT SEW AUTH - STP","200 WATER ST","ROCHESTER","PA",2.78,NA,"Pennsylvania",1,c(-80.291028, 40.701611)
"4857","MON VLY SEW AUTH STP","20 S WASHINGTON ST","DONORA","PA",3.66,NA,"Pennsylvania",1,c(-79.904167, 40.155278)
"4858","MON VLY SEW AUTH STP","20 S WASHINGTON ST","DONORA","PA",3.66,NA,"Pennsylvania",1,c(-79.863611, 40.163333)
"4859","MON VLY SEW AUTH STP","20 S WASHINGTON ST","DONORA","PA",3.66,NA,"Pennsylvania",1,c(-79.8825, 40.163056)
"4860","MON VLY SEW AUTH STP","20 S WASHINGTON ST","DONORA","PA",3.66,NA,"Pennsylvania",1,c(-79.876111, 40.161944)
"4861","MON VLY SEW AUTH STP","20 S WASHINGTON ST","DONORA","PA",3.66,NA,"Pennsylvania",1,c(-79.859722, 40.164167)
"4862","MON VLY SEW AUTH STP","20 S WASHINGTON ST","DONORA","PA",3.66,NA,"Pennsylvania",1,c(-79.855833, 40.167222)
"4863","MON VLY SEW AUTH STP","20 S WASHINGTON ST","DONORA","PA",3.66,NA,"Pennsylvania",1,c(-79.851667, 40.175)
"4864","MON VLY SEW AUTH STP","20 S WASHINGTON ST","DONORA","PA",3.66,NA,"Pennsylvania",1,c(-79.851944, 40.18)
"4865","MON VLY SEW AUTH STP","20 S WASHINGTON ST","DONORA","PA",3.66,NA,"Pennsylvania",1,c(-79.853889, 40.186111)
"4866","FRANKLIN CITY STP","1 ELK ST","FRANKLIN","PA",5,NA,NA,NA,c(-79.817394, 41.374722)
"4867","FRANKLIN CITY STP","1 ELK ST","FRANKLIN","PA",5,NA,NA,NA,c(-79.817394, 41.374722)
"4868","FRANKLIN CITY STP","1 ELK ST","FRANKLIN","PA",5,NA,NA,NA,c(-79.825753, 41.399533)
"4869","FRANKLIN CITY STP","1 ELK ST","FRANKLIN","PA",5,NA,"Pennsylvania",1,c(-79.826667, 41.398611)
"4870","FRANKLIN CITY STP","1 ELK ST","FRANKLIN","PA",5,NA,"Pennsylvania",1,c(-79.826667, 41.398611)
"4871","FRANKLIN CITY STP","1 ELK ST","FRANKLIN","PA",5,NA,"Pennsylvania",1,c(-79.823056, 41.395556)
"4872","FRANKLIN CITY STP","1 ELK ST","FRANKLIN","PA",5,NA,NA,NA,c(-79.820278, 41.388889)
"4873","FRANKLIN CITY STP","1 ELK ST","FRANKLIN","PA",5,NA,NA,NA,c(-79.825753, 41.399533)
"4874","LANSDALE BORO STP","652 W 9TH ST","LANSDALE","PA",3.2,NA,NA,NA,c(-75.289015, 40.259384)
"4875","LANSDALE BORO STP","652 W 9TH ST","LANSDALE","PA",3.2,NA,NA,NA,c(-75.272454, 40.24719)
"4876","HUNTINGDON STP","10477 SNYDERS RUN ROAD","HUNTINGDON","PA",4,NA,NA,NA,c(-78.021389, 40.494167)
"4877","HUNTINGDON STP","10477 SNYDERS RUN ROAD","HUNTINGDON","PA",4,NA,NA,NA,c(-78.015278, 40.485556)
"4878","HUNTINGDON STP","10477 SNYDERS RUN ROAD","HUNTINGDON","PA",4,NA,NA,NA,c(-78.014722, 40.497153)
"4879","OIL CITY STP","101 OSBORNE ST","OIL CITY","PA",4,NA,NA,NA,c(-79.722877, 41.426433)
"4880","OIL CITY STP","101 OSBORNE ST","OIL CITY","PA",4,NA,NA,NA,c(-79.721802, 41.427377)
"4881","OIL CITY STP","101 OSBORNE ST","OIL CITY","PA",4,NA,NA,NA,c(-79.720556, 41.428056)
"4882","OIL CITY STP","101 OSBORNE ST","OIL CITY","PA",4,NA,NA,NA,c(-79.715887, 41.429133)
"4883","OIL CITY STP","101 OSBORNE ST","OIL CITY","PA",4,NA,"Pennsylvania",1,c(-79.704031, 41.427624)
"4884","OIL CITY STP","101 OSBORNE ST","OIL CITY","PA",4,NA,"Pennsylvania",1,c(-79.703659, 41.42988)
"4885","OIL CITY STP","101 OSBORNE ST","OIL CITY","PA",4,NA,"Pennsylvania",1,c(-79.706575, 41.431493)
"4886","OIL CITY STP","101 OSBORNE ST","OIL CITY","PA",4,NA,"Pennsylvania",1,c(-79.709444, 41.432778)
"4887","OIL CITY STP","101 OSBORNE ST","OIL CITY","PA",4,NA,"Pennsylvania",1,c(-79.709098, 41.433448)
"4888","OIL CITY STP","101 OSBORNE ST","OIL CITY","PA",4,NA,"Pennsylvania",1,c(-79.709444, 41.436111)
"4889","OIL CITY STP","101 OSBORNE ST","OIL CITY","PA",4,NA,"Pennsylvania",1,c(-79.709722, 41.436667)
"4890","OIL CITY STP","101 OSBORNE ST","OIL CITY","PA",4,NA,"Pennsylvania",1,c(-79.71, 41.429889)
"4891","OIL CITY STP","101 OSBORNE ST","OIL CITY","PA",4,NA,"Pennsylvania",1,c(-79.711274, 41.429548)
"4892","OIL CITY STP","101 OSBORNE ST","OIL CITY","PA",4,NA,"Pennsylvania",1,c(-79.706595, 41.428867)
"4893","ERIE CITY STP","68 PORT ACCESS RD","ERIE","PA",68.6,NA,"Pennsylvania",1,c(-80.077778, 42.141667)
"4894","ERIE CITY STP","68 PORT ACCESS RD","ERIE","PA",68.6,NA,"Pennsylvania",1,c(-80.079167, 42.136111)
"4895","ERIE CITY STP","68 PORT ACCESS RD","ERIE","PA",68.6,NA,"Pennsylvania",1,c(-80.082778, 42.123611)
"4896","ERIE CITY STP","68 PORT ACCESS RD","ERIE","PA",68.6,NA,"Pennsylvania",1,c(-80.073611, 42.104167)
"4897","ERIE CITY STP","68 PORT ACCESS RD","ERIE","PA",68.6,NA,"Pennsylvania",1,c(-80.078889, 42.143333)
"4898","CLEARFIELD MUN SEW SYS STP","LEONARD ST EXTENSION","CLEARFIELD","PA",4.5,NA,"Pennsylvania",1,c(-78.435977, 41.030718)
"4899","CLEARFIELD MUN SEW SYS STP","LEONARD ST EXTENSION","CLEARFIELD","PA",4.5,NA,"Pennsylvania",1,c(-78.459734, 41.002973)
"4900","LOWER LACKAWANNA VALLEY SANITARY AUTHORITY","COXTON RD","DURYEA","PA",6,NA,NA,NA,c(-75.768889, 41.351667)
"4901","LOWER LACKAWANNA VALLEY SANITARY AUTHORITY","COXTON RD","DURYEA","PA",6,NA,NA,NA,c(-75.753611, 41.356944)
"4902","LOWER LACKAWANNA VALLEY SANITARY AUTHORITY","COXTON RD","DURYEA","PA",6,NA,NA,NA,c(-75.745, 41.359444)
"4903","LOWER LACKAWANNA VALLEY SANITARY AUTHORITY","COXTON RD","DURYEA","PA",6,NA,NA,NA,c(-75.744722, 41.358333)
"4904","LOWER LACKAWANNA VALLEY SANITARY AUTHORITY","COXTON RD","DURYEA","PA",6,NA,NA,NA,c(-75.724444, 41.3725)
"4905","LOWER LACKAWANNA VALLEY SANITARY AUTHORITY","COXTON RD","DURYEA","PA",6,NA,"Pennsylvania",1,c(-75.72, 41.375833)
"4906","LOWER LACKAWANNA VALLEY SANITARY AUTHORITY","COXTON RD","DURYEA","PA",6,NA,"Pennsylvania",1,c(-75.707778, 41.3875)
"4907","LOWER LACKAWANNA VALLEY SANITARY AUTHORITY","COXTON RD","DURYEA","PA",6,NA,NA,NA,c(-75.744444, 41.374167)
"4908","LOWER LACKAWANNA VALLEY SANITARY AUTHORITY","COXTON RD","DURYEA","PA",6,NA,NA,NA,c(-75.744444, 41.341667)
"4909","LOWER LACKAWANNA VALLEY SANITARY AUTHORITY","COXTON RD","DURYEA","PA",6,NA,"Pennsylvania",1,c(-75.803333, 41.35)
"4910","LOWER LACKAWANNA VALLEY SANITARY AUTHORITY","COXTON RD","DURYEA","PA",6,NA,"Pennsylvania",1,c(-75.686111, 41.396667)
"4911","LOWER LACKAWANNA VALLEY SANITARY AUTHORITY","COXTON RD","DURYEA","PA",6,NA,NA,NA,c(-75.767222, 41.353333)
"4912","LOWER LACKAWANNA VALLEY SANITARY AUTHORITY","COXTON RD","DURYEA","PA",6,NA,NA,NA,c(-75.765556, 41.359167)
"4913","LOWER LACKAWANNA VALLEY SANITARY AUTHORITY","COXTON RD","DURYEA","PA",6,NA,NA,NA,c(-75.731111, 41.371111)
"4914","COALDALE LANSFORD SUMMIT HLL SEW","219 GREENWOOD ST","COALDALE","PA",1.65,NA,"Pennsylvania",1,c(-75.894722, 40.830278)
"4915","COALDALE LANSFORD SUMMIT HLL SEW","219 GREENWOOD ST","COALDALE","PA",1.65,NA,"Pennsylvania",1,c(-75.89, 40.832222)
"4916","COALDALE LANSFORD SUMMIT HLL SEW","219 GREENWOOD ST","COALDALE","PA",1.65,NA,"Pennsylvania",1,c(-75.881944, 40.834722)
"4917","COALDALE LANSFORD SUMMIT HLL SEW","219 GREENWOOD ST","COALDALE","PA",1.65,NA,"Pennsylvania",1,c(-75.878611, 40.835278)
"4918","COALDALE LANSFORD SUMMIT HLL SEW","219 GREENWOOD ST","COALDALE","PA",1.65,NA,"Pennsylvania",1,c(-75.876944, 40.835833)
"4919","COALDALE LANSFORD SUMMIT HLL SEW","219 GREENWOOD ST","COALDALE","PA",1.65,NA,"Pennsylvania",1,c(-75.866667, 40.837222)
"4920","PA AMERICAN WATER COMPANY SCRANTON WWTP","CEDAR AVE & BRECK ST","SCRANTON CITY","PA",20,NA,"Pennsylvania",1,c(-75.691667, 41.389444)
"4921","PA AMERICAN WATER COMPANY SCRANTON WWTP","CEDAR AVE & BRECK ST","SCRANTON CITY","PA",20,NA,"Pennsylvania",1,c(-75.642938, 41.443538)
"4922","PA AMERICAN WATER COMPANY SCRANTON WWTP","CEDAR AVE & BRECK ST","SCRANTON CITY","PA",20,NA,NA,NA,c(-75.658628, 41.435621)
"4923","PA AMERICAN WATER COMPANY SCRANTON WWTP","CEDAR AVE & BRECK ST","SCRANTON CITY","PA",20,NA,"Pennsylvania",1,c(-75.660335, 41.429578)
"4924","PA AMERICAN WATER COMPANY SCRANTON WWTP","CEDAR AVE & BRECK ST","SCRANTON CITY","PA",20,NA,"Pennsylvania",1,c(-75.660897, 41.428737)
"4925","PA AMERICAN WATER COMPANY SCRANTON WWTP","CEDAR AVE & BRECK ST","SCRANTON CITY","PA",20,NA,"Pennsylvania",1,c(-75.660962, 41.427878)
"4926","PA AMERICAN WATER COMPANY SCRANTON WWTP","CEDAR AVE & BRECK ST","SCRANTON CITY","PA",20,NA,"Pennsylvania",1,c(-75.660914, 41.427272)
"4927","PA AMERICAN WATER COMPANY SCRANTON WWTP","CEDAR AVE & BRECK ST","SCRANTON CITY","PA",20,NA,"Pennsylvania",1,c(-75.65872, 41.425197)
"4928","PA AMERICAN WATER COMPANY SCRANTON WWTP","CEDAR AVE & BRECK ST","SCRANTON CITY","PA",20,NA,"Pennsylvania",1,c(-75.658637, 41.424533)
"4929","PA AMERICAN WATER COMPANY SCRANTON WWTP","CEDAR AVE & BRECK ST","SCRANTON CITY","PA",20,NA,"Pennsylvania",1,c(-75.658056, 41.422469)
"4929.1","PA AMERICAN WATER COMPANY SCRANTON WWTP","CEDAR AVE & BRECK ST","SCRANTON CITY","PA",20,NA,"Pennsylvania",1,c(-75.658056, 41.422469)
"4930","PA AMERICAN WATER COMPANY SCRANTON WWTP","CEDAR AVE & BRECK ST","SCRANTON CITY","PA",20,NA,"Pennsylvania",1,c(-75.658108, 41.422423)
"4931","PA AMERICAN WATER COMPANY SCRANTON WWTP","CEDAR AVE & BRECK ST","SCRANTON CITY","PA",20,NA,"Pennsylvania",1,c(-75.664164, 41.415055)
"4932","PA AMERICAN WATER COMPANY SCRANTON WWTP","CEDAR AVE & BRECK ST","SCRANTON CITY","PA",20,NA,"Pennsylvania",1,c(-75.666504, 41.414227)
"4933","PA AMERICAN WATER COMPANY SCRANTON WWTP","CEDAR AVE & BRECK ST","SCRANTON CITY","PA",20,NA,"Pennsylvania",1,c(-75.665411, 41.414327)
"4934","PA AMERICAN WATER COMPANY SCRANTON WWTP","CEDAR AVE & BRECK ST","SCRANTON CITY","PA",20,NA,"Pennsylvania",1,c(-75.667451, 41.413807)
"4935","PA AMERICAN WATER COMPANY SCRANTON WWTP","CEDAR AVE & BRECK ST","SCRANTON CITY","PA",20,NA,"Pennsylvania",1,c(-75.668531, 41.412466)
"4936","PA AMERICAN WATER COMPANY SCRANTON WWTP","CEDAR AVE & BRECK ST","SCRANTON CITY","PA",20,NA,"Pennsylvania",1,c(-75.671068, 41.410958)
"4937","PA AMERICAN WATER COMPANY SCRANTON WWTP","CEDAR AVE & BRECK ST","SCRANTON CITY","PA",20,NA,"Pennsylvania",1,c(-75.674393, 41.41058)
"4938","PA AMERICAN WATER COMPANY SCRANTON WWTP","CEDAR AVE & BRECK ST","SCRANTON CITY","PA",20,NA,"Pennsylvania",1,c(-75.675891, 41.408461)
"4939","PA AMERICAN WATER COMPANY SCRANTON WWTP","CEDAR AVE & BRECK ST","SCRANTON CITY","PA",20,NA,"Pennsylvania",1,c(-75.67432, 41.402218)
"4940","PA AMERICAN WATER COMPANY SCRANTON WWTP","CEDAR AVE & BRECK ST","SCRANTON CITY","PA",20,NA,"Pennsylvania",1,c(-75.670749, 41.403538)
"4941","PA AMERICAN WATER COMPANY SCRANTON WWTP","CEDAR AVE & BRECK ST","SCRANTON CITY","PA",20,NA,"Pennsylvania",1,c(-75.669842, 41.400748)
"4942","PA AMERICAN WATER COMPANY SCRANTON WWTP","CEDAR AVE & BRECK ST","SCRANTON CITY","PA",20,NA,"Pennsylvania",1,c(-75.676711, 41.399423)
"4943","PA AMERICAN WATER COMPANY SCRANTON WWTP","CEDAR AVE & BRECK ST","SCRANTON CITY","PA",20,NA,"Pennsylvania",1,c(-75.676759, 41.39706)
"4944","PA AMERICAN WATER COMPANY SCRANTON WWTP","CEDAR AVE & BRECK ST","SCRANTON CITY","PA",20,NA,"Pennsylvania",1,c(-75.677338, 41.394087)
"4945","PA AMERICAN WATER COMPANY SCRANTON WWTP","CEDAR AVE & BRECK ST","SCRANTON CITY","PA",20,NA,"Pennsylvania",1,c(-75.681104, 41.392473)
"4946","PA AMERICAN WATER COMPANY SCRANTON WWTP","CEDAR AVE & BRECK ST","SCRANTON CITY","PA",20,NA,"Pennsylvania",1,c(-75.652225, 41.400895)
"4947","PA AMERICAN WATER COMPANY SCRANTON WWTP","CEDAR AVE & BRECK ST","SCRANTON CITY","PA",20,NA,NA,NA,c(-75.643343, 41.444927)
"4948","PA AMERICAN WATER COMPANY SCRANTON WWTP","CEDAR AVE & BRECK ST","SCRANTON CITY","PA",20,NA,"Pennsylvania",1,c(-75.643061, 41.444185)
"4949","PA AMERICAN WATER COMPANY SCRANTON WWTP","CEDAR AVE & BRECK ST","SCRANTON CITY","PA",20,NA,"Pennsylvania",1,c(-75.642232, 41.441036)
"4950","PA AMERICAN WATER COMPANY SCRANTON WWTP","CEDAR AVE & BRECK ST","SCRANTON CITY","PA",20,NA,NA,NA,c(-75.640493, 41.439679)
"4951","PA AMERICAN WATER COMPANY SCRANTON WWTP","CEDAR AVE & BRECK ST","SCRANTON CITY","PA",20,NA,NA,NA,c(-75.646521, 41.434258)
"4952","PA AMERICAN WATER COMPANY SCRANTON WWTP","CEDAR AVE & BRECK ST","SCRANTON CITY","PA",20,NA,"Pennsylvania",1,c(-75.647699, 41.435969)
"4953","PA AMERICAN WATER COMPANY SCRANTON WWTP","CEDAR AVE & BRECK ST","SCRANTON CITY","PA",20,NA,"Pennsylvania",1,c(-75.648275, 41.437306)
"4954","PA AMERICAN WATER COMPANY SCRANTON WWTP","CEDAR AVE & BRECK ST","SCRANTON CITY","PA",20,NA,"Pennsylvania",1,c(-75.648835, 41.438151)
"4955","PA AMERICAN WATER COMPANY SCRANTON WWTP","CEDAR AVE & BRECK ST","SCRANTON CITY","PA",20,NA,NA,NA,c(-75.656129, 41.436911)
"4956","PA AMERICAN WATER COMPANY SCRANTON WWTP","CEDAR AVE & BRECK ST","SCRANTON CITY","PA",20,NA,"Pennsylvania",1,c(-75.663854, 41.41587)
"4957","PA AMERICAN WATER COMPANY SCRANTON WWTP","CEDAR AVE & BRECK ST","SCRANTON CITY","PA",20,NA,"Pennsylvania",1,c(-75.674142, 41.41036)
"4958","PA AMERICAN WATER COMPANY SCRANTON WWTP","CEDAR AVE & BRECK ST","SCRANTON CITY","PA",20,NA,"Pennsylvania",1,c(-75.671542, 41.405014)
"4959","PA AMERICAN WATER COMPANY SCRANTON WWTP","CEDAR AVE & BRECK ST","SCRANTON CITY","PA",20,NA,"Pennsylvania",1,c(-75.671266, 41.404146)
"4960","PA AMERICAN WATER COMPANY SCRANTON WWTP","CEDAR AVE & BRECK ST","SCRANTON CITY","PA",20,NA,"Pennsylvania",1,c(-75.671149, 41.402191)
"4961","PA AMERICAN WATER COMPANY SCRANTON WWTP","CEDAR AVE & BRECK ST","SCRANTON CITY","PA",20,NA,"Pennsylvania",1,c(-75.665493, 41.402429)
"4962","PA AMERICAN WATER COMPANY SCRANTON WWTP","CEDAR AVE & BRECK ST","SCRANTON CITY","PA",20,NA,"Pennsylvania",1,c(-75.66559, 41.402366)
"4963","PA AMERICAN WATER COMPANY SCRANTON WWTP","CEDAR AVE & BRECK ST","SCRANTON CITY","PA",20,NA,"Pennsylvania",1,c(-75.672222, 41.401667)
"4964","PA AMERICAN WATER COMPANY SCRANTON WWTP","CEDAR AVE & BRECK ST","SCRANTON CITY","PA",20,NA,"Pennsylvania",1,c(-75.676667, 41.398889)
"4965","PA AMERICAN WATER COMPANY SCRANTON WWTP","CEDAR AVE & BRECK ST","SCRANTON CITY","PA",20,NA,"Pennsylvania",1,c(-75.673316, 41.394765)
"4966","PA AMERICAN WATER COMPANY SCRANTON WWTP","CEDAR AVE & BRECK ST","SCRANTON CITY","PA",20,NA,NA,NA,c(-75.646016, 41.434336)
"4967","PA AMERICAN WATER COMPANY SCRANTON WWTP","CEDAR AVE & BRECK ST","SCRANTON CITY","PA",20,NA,NA,NA,c(-75.646944, 41.433889)
"4968","PA AMERICAN WATER COMPANY SCRANTON WWTP","CEDAR AVE & BRECK ST","SCRANTON CITY","PA",20,NA,NA,NA,c(-75.646193, 41.434203)
"4969","PA AMERICAN WATER COMPANY SCRANTON WWTP","CEDAR AVE & BRECK ST","SCRANTON CITY","PA",20,NA,NA,NA,c(-75.645401, 41.434623)
"4970","PA AMERICAN WATER COMPANY SCRANTON WWTP","CEDAR AVE & BRECK ST","SCRANTON CITY","PA",20,NA,NA,NA,c(-75.644269, 41.43545)
"4971","PA AMERICAN WATER COMPANY SCRANTON WWTP","CEDAR AVE & BRECK ST","SCRANTON CITY","PA",20,NA,NA,NA,c(-75.643088, 41.436398)
"4972","PA AMERICAN WATER COMPANY SCRANTON WWTP","CEDAR AVE & BRECK ST","SCRANTON CITY","PA",20,NA,NA,NA,c(-75.641734, 41.437246)
"4973","PA AMERICAN WATER COMPANY SCRANTON WWTP","CEDAR AVE & BRECK ST","SCRANTON CITY","PA",20,NA,NA,NA,c(-75.641198, 41.437601)
"4974","PA AMERICAN WATER COMPANY SCRANTON WWTP","CEDAR AVE & BRECK ST","SCRANTON CITY","PA",20,NA,NA,NA,c(-75.641229, 41.437704)
"4975","PA AMERICAN WATER COMPANY SCRANTON WWTP","CEDAR AVE & BRECK ST","SCRANTON CITY","PA",20,NA,NA,NA,c(-75.608789, 41.415779)
"4976","PA AMERICAN WATER COMPANY SCRANTON WWTP","CEDAR AVE & BRECK ST","SCRANTON CITY","PA",20,NA,NA,NA,c(-75.63167, 41.409942)
"4977","PA AMERICAN WATER COMPANY SCRANTON WWTP","CEDAR AVE & BRECK ST","SCRANTON CITY","PA",20,NA,"Pennsylvania",1,c(-75.697858, 41.414801)
"4978","PA AMERICAN WATER COMPANY SCRANTON WWTP","CEDAR AVE & BRECK ST","SCRANTON CITY","PA",20,NA,"Pennsylvania",1,c(-75.685361, 41.396979)
"4979","PA AMERICAN WATER COMPANY SCRANTON WWTP","CEDAR AVE & BRECK ST","SCRANTON CITY","PA",20,NA,NA,NA,c(-75.705043, 41.383301)
"4980","PA AMERICAN WATER COMPANY SCRANTON WWTP","CEDAR AVE & BRECK ST","SCRANTON CITY","PA",20,NA,NA,NA,c(-75.628608, 41.40785)
"4981","PA AMERICAN WATER COMPANY SCRANTON WWTP","CEDAR AVE & BRECK ST","SCRANTON CITY","PA",20,NA,NA,NA,c(-75.626066, 41.407588)
"4982","PA AMERICAN WATER COMPANY SCRANTON WWTP","CEDAR AVE & BRECK ST","SCRANTON CITY","PA",20,NA,NA,NA,c(-75.661096, 41.444258)
"4983","PA AMERICAN WATER COMPANY SCRANTON WWTP","CEDAR AVE & BRECK ST","SCRANTON CITY","PA",20,NA,"Pennsylvania",1,c(-75.656272, 41.402808)
"4984","PA AMERICAN WATER COMPANY SCRANTON WWTP","CEDAR AVE & BRECK ST","SCRANTON CITY","PA",20,NA,"Pennsylvania",1,c(-75.652647, 41.427321)
"4985","PA AMERICAN WATER COMPANY SCRANTON WWTP","CEDAR AVE & BRECK ST","SCRANTON CITY","PA",20,NA,"Pennsylvania",1,c(-75.649552, 41.427072)
"4986","PA AMERICAN WATER COMPANY SCRANTON WWTP","CEDAR AVE & BRECK ST","SCRANTON CITY","PA",20,NA,"Pennsylvania",1,c(-75.652996, 41.427456)
"4987","PA AMERICAN WATER COMPANY SCRANTON WWTP","CEDAR AVE & BRECK ST","SCRANTON CITY","PA",20,NA,"Pennsylvania",1,c(-75.662498, 41.421073)
"4988","PA AMERICAN WATER COMPANY SCRANTON WWTP","CEDAR AVE & BRECK ST","SCRANTON CITY","PA",20,NA,"Pennsylvania",1,c(-75.643079, 41.436882)
"4989","PA AMERICAN WATER COMPANY SCRANTON WWTP","CEDAR AVE & BRECK ST","SCRANTON CITY","PA",20,NA,NA,NA,c(-75.638366, 41.406043)
"4990","PA AMERICAN WATER COMPANY SCRANTON WWTP","CEDAR AVE & BRECK ST","SCRANTON CITY","PA",20,NA,NA,NA,c(-75.699118, 41.415749)
"4991","PA AMERICAN WATER COMPANY SCRANTON WWTP","CEDAR AVE & BRECK ST","SCRANTON CITY","PA",20,NA,"Pennsylvania",1,c(-75.672035, 41.393802)
"4992","PA AMERICAN WATER COMPANY SCRANTON WWTP","CEDAR AVE & BRECK ST","SCRANTON CITY","PA",20,NA,"Pennsylvania",1,c(-75.672793, 41.394562)
"4993","PA AMERICAN WATER COMPANY SCRANTON WWTP","CEDAR AVE & BRECK ST","SCRANTON CITY","PA",20,NA,"Pennsylvania",1,c(-75.66465, 41.391259)
"4994","PA AMERICAN WATER COMPANY SCRANTON WWTP","CEDAR AVE & BRECK ST","SCRANTON CITY","PA",20,NA,"Pennsylvania",1,c(-75.66677, 41.393073)
"4995","PA AMERICAN WATER COMPANY SCRANTON WWTP","CEDAR AVE & BRECK ST","SCRANTON CITY","PA",20,NA,"Pennsylvania",1,c(-75.666811, 41.393115)
"4996","PA AMERICAN WATER COMPANY SCRANTON WWTP","CEDAR AVE & BRECK ST","SCRANTON CITY","PA",20,NA,"Pennsylvania",1,c(-75.672783, 41.394557)
"4997","PA AMERICAN WATER COMPANY SCRANTON WWTP","CEDAR AVE & BRECK ST","SCRANTON CITY","PA",20,NA,NA,NA,c(-75.661365, 41.445349)
"4998","SUNBURY MUNI AUTH STP","462 S 4TH ST","SUNBURY","PA",4.2,NA,"Pennsylvania",1,c(-76.798927, 40.859554)
"4999","SUNBURY MUNI AUTH STP","462 S 4TH ST","SUNBURY","PA",4.2,NA,NA,NA,c(-76.794401, 40.868876)
"5000","SUNBURY MUNI AUTH STP","462 S 4TH ST","SUNBURY","PA",4.2,NA,"Pennsylvania",1,c(-76.790245, 40.852778)
"5001","SUNBURY MUNI AUTH STP","462 S 4TH ST","SUNBURY","PA",4.2,NA,"Pennsylvania",1,c(-76.795278, 40.851667)
"5002","SCOTTDALE STP","ALONG MILL LANE/JACOBS CREEK","SCOTTDALE","PA",2.5,NA,"Pennsylvania",1,c(-79.5925, 40.091667)
"5003","SCOTTDALE STP","ALONG MILL LANE/JACOBS CREEK","SCOTTDALE","PA",2.5,NA,NA,NA,c(-79.591389, 40.094722)
"5004","SCOTTDALE STP","ALONG MILL LANE/JACOBS CREEK","SCOTTDALE","PA",2.5,NA,NA,NA,c(-79.589722, 40.095556)
"5005","SCOTTDALE STP","ALONG MILL LANE/JACOBS CREEK","SCOTTDALE","PA",2.5,NA,"Pennsylvania",1,c(-79.584722, 40.098056)
"5006","SCOTTDALE STP","ALONG MILL LANE/JACOBS CREEK","SCOTTDALE","PA",2.5,NA,"Pennsylvania",1,c(-79.583056, 40.100833)
"5007","SCOTTDALE STP","ALONG MILL LANE/JACOBS CREEK","SCOTTDALE","PA",2.5,NA,"Pennsylvania",1,c(-79.579444, 40.104722)
"5008","SCOTTDALE STP","ALONG MILL LANE/JACOBS CREEK","SCOTTDALE","PA",2.5,NA,"Pennsylvania",1,c(-79.581944, 40.101944)
"5009","SCOTTDALE STP","ALONG MILL LANE/JACOBS CREEK","SCOTTDALE","PA",2.5,NA,NA,NA,c(-79.584167, 40.108611)
"5010","PHILA WATER DEPT - SOUTHEAST WPC PLANT","25 E. PATTISON AVE","PHILADELPHIA","PA",112,NA,NA,NA,c(-75.121944, 39.969167)
"5011","PHILA WATER DEPT - SOUTHEAST WPC PLANT","25 E. PATTISON AVE","PHILADELPHIA","PA",112,NA,NA,NA,c(-75.123056, 39.968611)
"5012","PHILA WATER DEPT - SOUTHEAST WPC PLANT","25 E. PATTISON AVE","PHILADELPHIA","PA",112,NA,NA,NA,c(-75.123889, 39.968056)
"5013","PHILA WATER DEPT - SOUTHEAST WPC PLANT","25 E. PATTISON AVE","PHILADELPHIA","PA",112,NA,NA,NA,c(-75.126944, 39.9675)
"5014","PHILA WATER DEPT - SOUTHEAST WPC PLANT","25 E. PATTISON AVE","PHILADELPHIA","PA",112,NA,NA,NA,c(-75.128333, 39.965)
"5015","PHILA WATER DEPT - SOUTHEAST WPC PLANT","25 E. PATTISON AVE","PHILADELPHIA","PA",112,NA,NA,NA,c(-75.13, 39.965556)
"5016","PHILA WATER DEPT - SOUTHEAST WPC PLANT","25 E. PATTISON AVE","PHILADELPHIA","PA",112,NA,NA,NA,c(-75.131667, 39.964722)
"5017","PHILA WATER DEPT - SOUTHEAST WPC PLANT","25 E. PATTISON AVE","PHILADELPHIA","PA",112,NA,NA,NA,c(-75.133333, 39.963333)
"5018","PHILA WATER DEPT - SOUTHEAST WPC PLANT","25 E. PATTISON AVE","PHILADELPHIA","PA",112,NA,NA,NA,c(-75.136389, 39.961389)
"5019","PHILA WATER DEPT - SOUTHEAST WPC PLANT","25 E. PATTISON AVE","PHILADELPHIA","PA",112,NA,NA,NA,c(-75.135833, 39.960278)
"5020","PHILA WATER DEPT - SOUTHEAST WPC PLANT","25 E. PATTISON AVE","PHILADELPHIA","PA",112,NA,NA,NA,c(-75.136944, 39.957778)
"5021","PHILA WATER DEPT - SOUTHEAST WPC PLANT","25 E. PATTISON AVE","PHILADELPHIA","PA",112,NA,NA,NA,c(-75.138889, 39.956667)
"5022","PHILA WATER DEPT - SOUTHEAST WPC PLANT","25 E. PATTISON AVE","PHILADELPHIA","PA",112,NA,NA,NA,c(-75.136944, 39.955833)
"5023","PHILA WATER DEPT - SOUTHEAST WPC PLANT","25 E. PATTISON AVE","PHILADELPHIA","PA",112,NA,NA,NA,c(-75.138056, 39.953056)
"5024","PHILA WATER DEPT - SOUTHEAST WPC PLANT","25 E. PATTISON AVE","PHILADELPHIA","PA",112,NA,NA,NA,c(-75.140278, 39.951944)
"5025","PHILA WATER DEPT - SOUTHEAST WPC PLANT","25 E. PATTISON AVE","PHILADELPHIA","PA",112,NA,NA,NA,c(-75.139722, 39.949167)
"5026","PHILA WATER DEPT - SOUTHEAST WPC PLANT","25 E. PATTISON AVE","PHILADELPHIA","PA",112,NA,NA,NA,c(-75.14, 39.947222)
"5027","PHILA WATER DEPT - SOUTHEAST WPC PLANT","25 E. PATTISON AVE","PHILADELPHIA","PA",112,NA,NA,NA,c(-75.142222, 39.940556)
"5028","PHILA WATER DEPT - SOUTHEAST WPC PLANT","25 E. PATTISON AVE","PHILADELPHIA","PA",112,NA,NA,NA,c(-75.1425, 39.936667)
"5029","PHILA WATER DEPT - SOUTHEAST WPC PLANT","25 E. PATTISON AVE","PHILADELPHIA","PA",112,NA,NA,NA,c(-75.142222, 39.936111)
"5030","PHILA WATER DEPT - SOUTHEAST WPC PLANT","25 E. PATTISON AVE","PHILADELPHIA","PA",112,NA,NA,NA,c(-75.1425, 39.934722)
"5031","PHILA WATER DEPT - SOUTHEAST WPC PLANT","25 E. PATTISON AVE","PHILADELPHIA","PA",112,NA,NA,NA,c(-75.143056, 39.933056)
"5032","PHILA WATER DEPT - SOUTHEAST WPC PLANT","25 E. PATTISON AVE","PHILADELPHIA","PA",112,NA,NA,NA,c(-75.141389, 39.929167)
"5033","PHILA WATER DEPT - SOUTHEAST WPC PLANT","25 E. PATTISON AVE","PHILADELPHIA","PA",112,NA,NA,NA,c(-75.141111, 39.926944)
"5034","PHILA WATER DEPT - SOUTHEAST WPC PLANT","25 E. PATTISON AVE","PHILADELPHIA","PA",112,NA,NA,NA,c(-75.139167, 39.923889)
"5035","PHILA WATER DEPT - SOUTHEAST WPC PLANT","25 E. PATTISON AVE","PHILADELPHIA","PA",112,NA,NA,NA,c(-75.138889, 39.920278)
"5036","PHILA WATER DEPT - SOUTHEAST WPC PLANT","25 E. PATTISON AVE","PHILADELPHIA","PA",112,NA,NA,NA,c(-75.136944, 39.916667)
"5037","PHILA WATER DEPT - SOUTHEAST WPC PLANT","25 E. PATTISON AVE","PHILADELPHIA","PA",112,NA,NA,NA,c(-75.1375, 39.912222)
"5038","PHILA WATER DEPT - SOUTHEAST WPC PLANT","25 E. PATTISON AVE","PHILADELPHIA","PA",112,NA,NA,NA,c(-75.133056, 39.909167)
"5039","PHILA WATER DEPT - SOUTHEAST WPC PLANT","25 E. PATTISON AVE","PHILADELPHIA","PA",112,NA,NA,NA,c(-75.136667, 39.901667)
"5040","PHILA WATER DEPT - SOUTHEAST WPC PLANT","25 E. PATTISON AVE","PHILADELPHIA","PA",112,NA,NA,NA,c(-75.135556, 39.906667)
"5041","PHILA WATER DEPT - SOUTHEAST WPC PLANT","25 E. PATTISON AVE","PHILADELPHIA","PA",112,NA,NA,NA,c(-75.1375, 39.912222)
"5042","PHILA WATER DEPT - SOUTHEAST WPC PLANT","25 E. PATTISON AVE","PHILADELPHIA","PA",112,NA,NA,NA,c(-75.116111, 39.9725)
"5043","PHILA WATER DEPT - SOUTHEAST WPC PLANT","25 E. PATTISON AVE","PHILADELPHIA","PA",112,NA,NA,NA,c(-75.14, 39.953333)
"5044","PHILA WATER DEPT - SOUTHWEST WATER POLLUTION CONTROL PLANT","8200 ENTERPRISE AVE","PHILADELPHIA","PA",200,NA,NA,NA,c(-75.204722, 39.938056)
"5045","PHILA WATER DEPT - SOUTHWEST WATER POLLUTION CONTROL PLANT","8200 ENTERPRISE AVE","PHILADELPHIA","PA",200,NA,NA,NA,c(-75.207778, 39.931667)
"5046","PHILA WATER DEPT - SOUTHWEST WATER POLLUTION CONTROL PLANT","8200 ENTERPRISE AVE","PHILADELPHIA","PA",200,NA,NA,NA,c(-75.210556, 39.928056)
"5047","PHILA WATER DEPT - SOUTHWEST WATER POLLUTION CONTROL PLANT","8200 ENTERPRISE AVE","PHILADELPHIA","PA",200,NA,NA,NA,c(-75.201389, 39.92)
"5048","PHILA WATER DEPT - SOUTHWEST WATER POLLUTION CONTROL PLANT","8200 ENTERPRISE AVE","PHILADELPHIA","PA",200,NA,NA,NA,c(-75.201389, 39.920833)
"5049","PHILA WATER DEPT - SOUTHWEST WATER POLLUTION CONTROL PLANT","8200 ENTERPRISE AVE","PHILADELPHIA","PA",200,NA,NA,NA,c(-75.204444, 39.915833)
"5050","PHILA WATER DEPT - SOUTHWEST WATER POLLUTION CONTROL PLANT","8200 ENTERPRISE AVE","PHILADELPHIA","PA",200,NA,NA,NA,c(-75.210833, 39.898056)
"5051","PHILA WATER DEPT - SOUTHWEST WATER POLLUTION CONTROL PLANT","8200 ENTERPRISE AVE","PHILADELPHIA","PA",200,NA,NA,NA,c(-75.180556, 39.960556)
"5052","PHILA WATER DEPT - SOUTHWEST WATER POLLUTION CONTROL PLANT","8200 ENTERPRISE AVE","PHILADELPHIA","PA",200,NA,NA,NA,c(-75.180278, 39.960833)
"5053","PHILA WATER DEPT - SOUTHWEST WATER POLLUTION CONTROL PLANT","8200 ENTERPRISE AVE","PHILADELPHIA","PA",200,NA,NA,NA,c(-75.180556, 39.960833)
"5054","PHILA WATER DEPT - SOUTHWEST WATER POLLUTION CONTROL PLANT","8200 ENTERPRISE AVE","PHILADELPHIA","PA",200,NA,NA,NA,c(-75.178611, 39.958056)
"5055","PHILA WATER DEPT - SOUTHWEST WATER POLLUTION CONTROL PLANT","8200 ENTERPRISE AVE","PHILADELPHIA","PA",200,NA,NA,NA,c(-75.179167, 39.958333)
"5056","PHILA WATER DEPT - SOUTHWEST WATER POLLUTION CONTROL PLANT","8200 ENTERPRISE AVE","PHILADELPHIA","PA",200,NA,NA,NA,c(-75.180278, 39.954444)
"5057","PHILA WATER DEPT - SOUTHWEST WATER POLLUTION CONTROL PLANT","8200 ENTERPRISE AVE","PHILADELPHIA","PA",200,NA,NA,NA,c(-75.180833, 39.953056)
"5058","PHILA WATER DEPT - SOUTHWEST WATER POLLUTION CONTROL PLANT","8200 ENTERPRISE AVE","PHILADELPHIA","PA",200,NA,NA,NA,c(-75.181111, 39.951944)
"5059","PHILA WATER DEPT - SOUTHWEST WATER POLLUTION CONTROL PLANT","8200 ENTERPRISE AVE","PHILADELPHIA","PA",200,NA,NA,NA,c(-75.181389, 39.951389)
"5060","PHILA WATER DEPT - SOUTHWEST WATER POLLUTION CONTROL PLANT","8200 ENTERPRISE AVE","PHILADELPHIA","PA",200,NA,NA,NA,c(-75.182222, 39.950278)
"5061","PHILA WATER DEPT - SOUTHWEST WATER POLLUTION CONTROL PLANT","8200 ENTERPRISE AVE","PHILADELPHIA","PA",200,NA,NA,NA,c(-75.183333, 39.949167)
"5062","PHILA WATER DEPT - SOUTHWEST WATER POLLUTION CONTROL PLANT","8200 ENTERPRISE AVE","PHILADELPHIA","PA",200,NA,NA,NA,c(-75.184722, 39.947778)
"5063","PHILA WATER DEPT - SOUTHWEST WATER POLLUTION CONTROL PLANT","8200 ENTERPRISE AVE","PHILADELPHIA","PA",200,NA,NA,NA,c(-75.185833, 39.946944)
"5064","PHILA WATER DEPT - SOUTHWEST WATER POLLUTION CONTROL PLANT","8200 ENTERPRISE AVE","PHILADELPHIA","PA",200,NA,NA,NA,c(-75.186667, 39.946389)
"5065","PHILA WATER DEPT - SOUTHWEST WATER POLLUTION CONTROL PLANT","8200 ENTERPRISE AVE","PHILADELPHIA","PA",200,NA,NA,NA,c(-75.188333, 39.945556)
"5066","PHILA WATER DEPT - SOUTHWEST WATER POLLUTION CONTROL PLANT","8200 ENTERPRISE AVE","PHILADELPHIA","PA",200,NA,NA,NA,c(-75.191111, 39.942778)
"5067","PHILA WATER DEPT - SOUTHWEST WATER POLLUTION CONTROL PLANT","8200 ENTERPRISE AVE","PHILADELPHIA","PA",200,NA,"Pennsylvania",1,c(-75.193056, 39.941389)
"5068","PHILA WATER DEPT - SOUTHWEST WATER POLLUTION CONTROL PLANT","8200 ENTERPRISE AVE","PHILADELPHIA","PA",200,NA,NA,NA,c(-75.188056, 39.966944)
"5069","PHILA WATER DEPT - SOUTHWEST WATER POLLUTION CONTROL PLANT","8200 ENTERPRISE AVE","PHILADELPHIA","PA",200,NA,NA,NA,c(-75.185278, 39.965)
"5070","PHILA WATER DEPT - SOUTHWEST WATER POLLUTION CONTROL PLANT","8200 ENTERPRISE AVE","PHILADELPHIA","PA",200,NA,NA,NA,c(-75.184444, 39.964167)
"5071","PHILA WATER DEPT - SOUTHWEST WATER POLLUTION CONTROL PLANT","8200 ENTERPRISE AVE","PHILADELPHIA","PA",200,NA,NA,NA,c(-75.184444, 39.964722)
"5072","PHILA WATER DEPT - SOUTHWEST WATER POLLUTION CONTROL PLANT","8200 ENTERPRISE AVE","PHILADELPHIA","PA",200,NA,NA,NA,c(-75.181389, 39.954444)
"5073","PHILA WATER DEPT - SOUTHWEST WATER POLLUTION CONTROL PLANT","8200 ENTERPRISE AVE","PHILADELPHIA","PA",200,NA,NA,NA,c(-75.182778, 39.951389)
"5074","PHILA WATER DEPT - SOUTHWEST WATER POLLUTION CONTROL PLANT","8200 ENTERPRISE AVE","PHILADELPHIA","PA",200,NA,NA,NA,c(-75.187222, 39.9475)
"5075","PHILA WATER DEPT - SOUTHWEST WATER POLLUTION CONTROL PLANT","8200 ENTERPRISE AVE","PHILADELPHIA","PA",200,NA,NA,NA,c(-75.189444, 39.946111)
"5076","PHILA WATER DEPT - SOUTHWEST WATER POLLUTION CONTROL PLANT","8200 ENTERPRISE AVE","PHILADELPHIA","PA",200,NA,NA,NA,c(-75.190556, 39.945278)
"5077","PHILA WATER DEPT - SOUTHWEST WATER POLLUTION CONTROL PLANT","8200 ENTERPRISE AVE","PHILADELPHIA","PA",200,NA,NA,NA,c(-75.2075, 39.942222)
"5078","PHILA WATER DEPT - SOUTHWEST WATER POLLUTION CONTROL PLANT","8200 ENTERPRISE AVE","PHILADELPHIA","PA",200,NA,NA,NA,c(-75.205, 39.943333)
"5079","PHILA WATER DEPT - SOUTHWEST WATER POLLUTION CONTROL PLANT","8200 ENTERPRISE AVE","PHILADELPHIA","PA",200,NA,NA,NA,c(-75.205, 39.943333)
"5080","PHILA WATER DEPT - SOUTHWEST WATER POLLUTION CONTROL PLANT","8200 ENTERPRISE AVE","PHILADELPHIA","PA",200,NA,NA,NA,c(-75.206667, 39.935556)
"5081","PHILA WATER DEPT - SOUTHWEST WATER POLLUTION CONTROL PLANT","8200 ENTERPRISE AVE","PHILADELPHIA","PA",200,NA,"Pennsylvania",1,c(-75.2125, 39.928611)
"5082","PHILA WATER DEPT - SOUTHWEST WATER POLLUTION CONTROL PLANT","8200 ENTERPRISE AVE","PHILADELPHIA","PA",200,NA,NA,NA,c(-75.215278, 39.910833)
"5083","PHILA WATER DEPT - SOUTHWEST WATER POLLUTION CONTROL PLANT","8200 ENTERPRISE AVE","PHILADELPHIA","PA",200,NA,"Pennsylvania",1,c(-75.235, 39.936111)
"5084","PHILA WATER DEPT - SOUTHWEST WATER POLLUTION CONTROL PLANT","8200 ENTERPRISE AVE","PHILADELPHIA","PA",200,NA,"Pennsylvania",1,c(-75.238611, 39.9325)
"5085","PHILA WATER DEPT - SOUTHWEST WATER POLLUTION CONTROL PLANT","8200 ENTERPRISE AVE","PHILADELPHIA","PA",200,NA,NA,NA,c(-75.244167, 39.929444)
"5086","PHILA WATER DEPT - SOUTHWEST WATER POLLUTION CONTROL PLANT","8200 ENTERPRISE AVE","PHILADELPHIA","PA",200,NA,"Pennsylvania",1,c(-75.244444, 39.926944)
"5087","PHILA WATER DEPT - SOUTHWEST WATER POLLUTION CONTROL PLANT","8200 ENTERPRISE AVE","PHILADELPHIA","PA",200,NA,NA,NA,c(-75.246111, 39.924167)
"5088","PHILA WATER DEPT - SOUTHWEST WATER POLLUTION CONTROL PLANT","8200 ENTERPRISE AVE","PHILADELPHIA","PA",200,NA,NA,NA,c(-75.247778, 39.920833)
"5089","PHILA WATER DEPT - SOUTHWEST WATER POLLUTION CONTROL PLANT","8200 ENTERPRISE AVE","PHILADELPHIA","PA",200,NA,"Pennsylvania",1,c(-75.246944, 39.916944)
"5090","PHILA WATER DEPT - SOUTHWEST WATER POLLUTION CONTROL PLANT","8200 ENTERPRISE AVE","PHILADELPHIA","PA",200,NA,"Pennsylvania",1,c(-75.248889, 39.912222)
"5091","PHILA WATER DEPT - SOUTHWEST WATER POLLUTION CONTROL PLANT","8200 ENTERPRISE AVE","PHILADELPHIA","PA",200,NA,"Pennsylvania",1,c(-75.250278, 39.912222)
"5092","PHILA WATER DEPT - SOUTHWEST WATER POLLUTION CONTROL PLANT","8200 ENTERPRISE AVE","PHILADELPHIA","PA",200,NA,NA,NA,c(-75.267222, 39.980833)
"5093","PHILA WATER DEPT - SOUTHWEST WATER POLLUTION CONTROL PLANT","8200 ENTERPRISE AVE","PHILADELPHIA","PA",200,NA,NA,NA,c(-75.267222, 39.980833)
"5094","PHILA WATER DEPT - SOUTHWEST WATER POLLUTION CONTROL PLANT","8200 ENTERPRISE AVE","PHILADELPHIA","PA",200,NA,NA,NA,c(-75.257222, 39.975)
"5095","PHILA WATER DEPT - SOUTHWEST WATER POLLUTION CONTROL PLANT","8200 ENTERPRISE AVE","PHILADELPHIA","PA",200,NA,NA,NA,c(-75.257222, 39.975278)
"5096","PHILA WATER DEPT - SOUTHWEST WATER POLLUTION CONTROL PLANT","8200 ENTERPRISE AVE","PHILADELPHIA","PA",200,NA,NA,NA,c(-75.257222, 39.973889)
"5097","PHILA WATER DEPT - SOUTHWEST WATER POLLUTION CONTROL PLANT","8200 ENTERPRISE AVE","PHILADELPHIA","PA",200,NA,"Pennsylvania",1,c(-75.248889, 39.964167)
"5098","PHILA WATER DEPT - SOUTHWEST WATER POLLUTION CONTROL PLANT","8200 ENTERPRISE AVE","PHILADELPHIA","PA",200,NA,"Pennsylvania",1,c(-75.248056, 39.963889)
"5099","PHILA WATER DEPT - SOUTHWEST WATER POLLUTION CONTROL PLANT","8200 ENTERPRISE AVE","PHILADELPHIA","PA",200,NA,"Pennsylvania",1,c(-75.248056, 39.961944)
"5100","PHILA WATER DEPT - SOUTHWEST WATER POLLUTION CONTROL PLANT","8200 ENTERPRISE AVE","PHILADELPHIA","PA",200,NA,"Pennsylvania",1,c(-75.249722, 39.9575)
"5101","PHILA WATER DEPT - SOUTHWEST WATER POLLUTION CONTROL PLANT","8200 ENTERPRISE AVE","PHILADELPHIA","PA",200,NA,"Pennsylvania",1,c(-75.249444, 39.945833)
"5102","PHILA WATER DEPT - SOUTHWEST WATER POLLUTION CONTROL PLANT","8200 ENTERPRISE AVE","PHILADELPHIA","PA",200,NA,NA,NA,c(-75.2475, 39.943333)
"5103","PHILA WATER DEPT - SOUTHWEST WATER POLLUTION CONTROL PLANT","8200 ENTERPRISE AVE","PHILADELPHIA","PA",200,NA,NA,NA,c(-75.240556, 39.941944)
"5104","PHILA WATER DEPT - SOUTHWEST WATER POLLUTION CONTROL PLANT","8200 ENTERPRISE AVE","PHILADELPHIA","PA",200,NA,NA,NA,c(-75.239722, 39.940556)
"5105","PHILA WATER DEPT - SOUTHWEST WATER POLLUTION CONTROL PLANT","8200 ENTERPRISE AVE","PHILADELPHIA","PA",200,NA,NA,NA,c(-75.235, 39.936944)
"5106","PHILA WATER DEPT - SOUTHWEST WATER POLLUTION CONTROL PLANT","8200 ENTERPRISE AVE","PHILADELPHIA","PA",200,NA,NA,NA,c(-75.28, 39.974722)
"5107","PHILA WATER DEPT - SOUTHWEST WATER POLLUTION CONTROL PLANT","8200 ENTERPRISE AVE","PHILADELPHIA","PA",200,NA,NA,NA,c(-75.265556, 39.97)
"5108","PHILA WATER DEPT - SOUTHWEST WATER POLLUTION CONTROL PLANT","8200 ENTERPRISE AVE","PHILADELPHIA","PA",200,NA,NA,NA,c(-75.262222, 39.977778)
"5109","PHILA WATER DEPT - SOUTHWEST WATER POLLUTION CONTROL PLANT","8200 ENTERPRISE AVE","PHILADELPHIA","PA",200,NA,NA,NA,c(-75.265, 39.979722)
"5110","PHILA WATER DEPT - SOUTHWEST WATER POLLUTION CONTROL PLANT","8200 ENTERPRISE AVE","PHILADELPHIA","PA",200,NA,"Pennsylvania",1,c(-75.259722, 39.963611)
"5111","PHILA WATER DEPT - SOUTHWEST WATER POLLUTION CONTROL PLANT","8200 ENTERPRISE AVE","PHILADELPHIA","PA",200,NA,"Pennsylvania",1,c(-75.254167, 39.965278)
"5112","PHILA WATER DEPT - SOUTHWEST WATER POLLUTION CONTROL PLANT","8200 ENTERPRISE AVE","PHILADELPHIA","PA",200,NA,NA,NA,c(-75.269722, 39.972778)
"5113","PHILA WATER DEPT - SOUTHWEST WATER POLLUTION CONTROL PLANT","8200 ENTERPRISE AVE","PHILADELPHIA","PA",200,NA,NA,NA,c(-75.186944, 39.966389)
"5114","PHILA WATER DEPT - SOUTHWEST WATER POLLUTION CONTROL PLANT","8200 ENTERPRISE AVE","PHILADELPHIA","PA",200,NA,"Pennsylvania",1,c(-75.247222, 39.913611)
"5115","PHILA WATER DEPT - SOUTHWEST WATER POLLUTION CONTROL PLANT","8200 ENTERPRISE AVE","PHILADELPHIA","PA",200,NA,NA,NA,c(-75.257778, 39.977222)
"5116","PHILA WATER DEPT - SOUTHWEST WATER POLLUTION CONTROL PLANT","8200 ENTERPRISE AVE","PHILADELPHIA","PA",200,NA,NA,NA,c(-75.240278, 39.941944)
"5117","PHILA WATER DEPT - SOUTHWEST WATER POLLUTION CONTROL PLANT","8200 ENTERPRISE AVE","PHILADELPHIA","PA",200,NA,"Pennsylvania",1,c(-75.248056, 39.963611)
"5118","PHILA WATER DEPT - NORTHEAST WPC PLANT","3899 RICHMOND ST","PHILADELPHIA","PA",210,NA,NA,NA,c(-75.082778, 39.980556)
"5119","PHILA WATER DEPT - NORTHEAST WPC PLANT","3899 RICHMOND ST","PHILADELPHIA","PA",210,NA,NA,NA,c(-75.085, 39.979167)
"5120","PHILA WATER DEPT - NORTHEAST WPC PLANT","3899 RICHMOND ST","PHILADELPHIA","PA",210,NA,NA,NA,c(-75.0875, 39.978056)
"5121","PHILA WATER DEPT - NORTHEAST WPC PLANT","3899 RICHMOND ST","PHILADELPHIA","PA",210,NA,NA,NA,c(-75.091111, 39.978611)
"5122","PHILA WATER DEPT - NORTHEAST WPC PLANT","3899 RICHMOND ST","PHILADELPHIA","PA",210,NA,NA,NA,c(-75.094722, 39.978889)
"5123","PHILA WATER DEPT - NORTHEAST WPC PLANT","3899 RICHMOND ST","PHILADELPHIA","PA",210,NA,NA,NA,c(-75.098056, 39.978333)
"5124","PHILA WATER DEPT - NORTHEAST WPC PLANT","3899 RICHMOND ST","PHILADELPHIA","PA",210,NA,NA,NA,c(-75.103333, 39.977222)
"5125","PHILA WATER DEPT - NORTHEAST WPC PLANT","3899 RICHMOND ST","PHILADELPHIA","PA",210,NA,NA,NA,c(-75.107778, 39.977222)
"5126","PHILA WATER DEPT - NORTHEAST WPC PLANT","3899 RICHMOND ST","PHILADELPHIA","PA",210,NA,"Pennsylvania",1,c(-75.028889, 40.021667)
"5127","PHILA WATER DEPT - NORTHEAST WPC PLANT","3899 RICHMOND ST","PHILADELPHIA","PA",210,NA,"Pennsylvania",1,c(-75.033333, 40.020556)
"5128","PHILA WATER DEPT - NORTHEAST WPC PLANT","3899 RICHMOND ST","PHILADELPHIA","PA",210,NA,"Pennsylvania",1,c(-75.036944, 40.018889)
"5129","PHILA WATER DEPT - NORTHEAST WPC PLANT","3899 RICHMOND ST","PHILADELPHIA","PA",210,NA,"Pennsylvania",1,c(-75.042778, 40.016111)
"5130","PHILA WATER DEPT - NORTHEAST WPC PLANT","3899 RICHMOND ST","PHILADELPHIA","PA",210,NA,"Pennsylvania",1,c(-75.046111, 40.014722)
"5131","PHILA WATER DEPT - NORTHEAST WPC PLANT","3899 RICHMOND ST","PHILADELPHIA","PA",210,NA,"Pennsylvania",1,c(-75.051389, 40.012222)
"5132","PHILA WATER DEPT - NORTHEAST WPC PLANT","3899 RICHMOND ST","PHILADELPHIA","PA",210,NA,"Pennsylvania",1,c(-75.053611, 40.010556)
"5133","PHILA WATER DEPT - NORTHEAST WPC PLANT","3899 RICHMOND ST","PHILADELPHIA","PA",210,NA,"Pennsylvania",1,c(-75.055, 40.009444)
"5134","PHILA WATER DEPT - NORTHEAST WPC PLANT","3899 RICHMOND ST","PHILADELPHIA","PA",210,NA,"Pennsylvania",1,c(-75.057778, 40.005833)
"5135","PHILA WATER DEPT - NORTHEAST WPC PLANT","3899 RICHMOND ST","PHILADELPHIA","PA",210,NA,NA,NA,c(-75.061944, 40.000556)
"5136","PHILA WATER DEPT - NORTHEAST WPC PLANT","3899 RICHMOND ST","PHILADELPHIA","PA",210,NA,NA,NA,c(-75.063056, 39.998056)
"5137","PHILA WATER DEPT - NORTHEAST WPC PLANT","3899 RICHMOND ST","PHILADELPHIA","PA",210,NA,NA,NA,c(-75.067778, 39.99)
"5138","PHILA WATER DEPT - NORTHEAST WPC PLANT","3899 RICHMOND ST","PHILADELPHIA","PA",210,NA,"Pennsylvania",1,c(-75.020833, 40.043333)
"5139","PHILA WATER DEPT - NORTHEAST WPC PLANT","3899 RICHMOND ST","PHILADELPHIA","PA",210,NA,"Pennsylvania",1,c(-75.021111, 40.043333)
"5140","PHILA WATER DEPT - NORTHEAST WPC PLANT","3899 RICHMOND ST","PHILADELPHIA","PA",210,NA,"Pennsylvania",1,c(-75.021944, 40.036944)
"5141","PHILA WATER DEPT - NORTHEAST WPC PLANT","3899 RICHMOND ST","PHILADELPHIA","PA",210,NA,"Pennsylvania",1,c(-75.0225, 40.039722)
"5142","PHILA WATER DEPT - NORTHEAST WPC PLANT","3899 RICHMOND ST","PHILADELPHIA","PA",210,NA,"Pennsylvania",1,c(-75.0225, 40.033889)
"5143","PHILA WATER DEPT - NORTHEAST WPC PLANT","3899 RICHMOND ST","PHILADELPHIA","PA",210,NA,"Pennsylvania",1,c(-75.162222, 40.076111)
"5144","PHILA WATER DEPT - NORTHEAST WPC PLANT","3899 RICHMOND ST","PHILADELPHIA","PA",210,NA,"Pennsylvania",1,c(-75.115556, 40.041111)
"5145","PHILA WATER DEPT - NORTHEAST WPC PLANT","3899 RICHMOND ST","PHILADELPHIA","PA",210,NA,"Pennsylvania",1,c(-75.113333, 40.036389)
"5146","PHILA WATER DEPT - NORTHEAST WPC PLANT","3899 RICHMOND ST","PHILADELPHIA","PA",210,NA,"Pennsylvania",1,c(-75.113333, 40.035833)
"5147","PHILA WATER DEPT - NORTHEAST WPC PLANT","3899 RICHMOND ST","PHILADELPHIA","PA",210,NA,"Pennsylvania",1,c(-75.111389, 40.034167)
"5148","PHILA WATER DEPT - NORTHEAST WPC PLANT","3899 RICHMOND ST","PHILADELPHIA","PA",210,NA,"Pennsylvania",1,c(-75.111944, 40.030833)
"5149","PHILA WATER DEPT - NORTHEAST WPC PLANT","3899 RICHMOND ST","PHILADELPHIA","PA",210,NA,"Pennsylvania",1,c(-75.113056, 40.028333)
"5150","PHILA WATER DEPT - NORTHEAST WPC PLANT","3899 RICHMOND ST","PHILADELPHIA","PA",210,NA,"Pennsylvania",1,c(-75.113333, 40.026944)
"5151","PHILA WATER DEPT - NORTHEAST WPC PLANT","3899 RICHMOND ST","PHILADELPHIA","PA",210,NA,"Pennsylvania",1,c(-75.113056, 40.026944)
"5152","PHILA WATER DEPT - NORTHEAST WPC PLANT","3899 RICHMOND ST","PHILADELPHIA","PA",210,NA,"Pennsylvania",1,c(-75.111944, 40.024722)
"5153","PHILA WATER DEPT - NORTHEAST WPC PLANT","3899 RICHMOND ST","PHILADELPHIA","PA",210,NA,"Pennsylvania",1,c(-75.111389, 40.023056)
"5154","PHILA WATER DEPT - NORTHEAST WPC PLANT","3899 RICHMOND ST","PHILADELPHIA","PA",210,NA,"Pennsylvania",1,c(-75.111667, 40.022778)
"5155","PHILA WATER DEPT - NORTHEAST WPC PLANT","3899 RICHMOND ST","PHILADELPHIA","PA",210,NA,"Pennsylvania",1,c(-75.107778, 40.016389)
"5156","PHILA WATER DEPT - NORTHEAST WPC PLANT","3899 RICHMOND ST","PHILADELPHIA","PA",210,NA,"Pennsylvania",1,c(-75.105556, 40.015833)
"5157","PHILA WATER DEPT - NORTHEAST WPC PLANT","3899 RICHMOND ST","PHILADELPHIA","PA",210,NA,"Pennsylvania",1,c(-75.0975, 40.015833)
"5158","PHILA WATER DEPT - NORTHEAST WPC PLANT","3899 RICHMOND ST","PHILADELPHIA","PA",210,NA,"Pennsylvania",1,c(-75.095, 40.014444)
"5159","PHILA WATER DEPT - NORTHEAST WPC PLANT","3899 RICHMOND ST","PHILADELPHIA","PA",210,NA,"Pennsylvania",1,c(-75.094722, 40.011389)
"5160","PHILA WATER DEPT - NORTHEAST WPC PLANT","3899 RICHMOND ST","PHILADELPHIA","PA",210,NA,"Pennsylvania",1,c(-75.0925, 40.006944)
"5161","PHILA WATER DEPT - NORTHEAST WPC PLANT","3899 RICHMOND ST","PHILADELPHIA","PA",210,NA,"Pennsylvania",1,c(-75.092778, 40.007222)
"5162","PHILA WATER DEPT - NORTHEAST WPC PLANT","3899 RICHMOND ST","PHILADELPHIA","PA",210,NA,"Pennsylvania",1,c(-75.093333, 40.005833)
"5163","PHILA WATER DEPT - NORTHEAST WPC PLANT","3899 RICHMOND ST","PHILADELPHIA","PA",210,NA,"Pennsylvania",1,c(-75.092778, 40.005278)
"5164","PHILA WATER DEPT - NORTHEAST WPC PLANT","3899 RICHMOND ST","PHILADELPHIA","PA",210,NA,"Pennsylvania",1,c(-75.093056, 40.005278)
"5165","PHILA WATER DEPT - NORTHEAST WPC PLANT","3899 RICHMOND ST","PHILADELPHIA","PA",210,NA,"Pennsylvania",1,c(-75.090556, 40.004167)
"5166","PHILA WATER DEPT - NORTHEAST WPC PLANT","3899 RICHMOND ST","PHILADELPHIA","PA",210,NA,"Pennsylvania",1,c(-75.087222, 39.998889)
"5167","PHILA WATER DEPT - NORTHEAST WPC PLANT","3899 RICHMOND ST","PHILADELPHIA","PA",210,NA,NA,NA,c(-75.084167, 39.996944)
"5168","PHILA WATER DEPT - NORTHEAST WPC PLANT","3899 RICHMOND ST","PHILADELPHIA","PA",210,NA,NA,NA,c(-75.070833, 40.004444)
"5169","PHILA WATER DEPT - NORTHEAST WPC PLANT","3899 RICHMOND ST","PHILADELPHIA","PA",210,NA,NA,NA,c(-75.068056, 40.005278)
"5170","PHILA WATER DEPT - NORTHEAST WPC PLANT","3899 RICHMOND ST","PHILADELPHIA","PA",210,NA,NA,NA,c(-75.068056, 40.005)
"5171","PHILA WATER DEPT - NORTHEAST WPC PLANT","3899 RICHMOND ST","PHILADELPHIA","PA",210,NA,NA,NA,c(-75.070833, 40.004167)
"5172","PHILA WATER DEPT - NORTHEAST WPC PLANT","3899 RICHMOND ST","PHILADELPHIA","PA",210,NA,"Pennsylvania",1,c(-75.055556, 40.008333)
"5173","PHILA WATER DEPT - NORTHEAST WPC PLANT","3899 RICHMOND ST","PHILADELPHIA","PA",210,NA,"Pennsylvania",1,c(-75.114722, 40.037778)
"5174","PHILA WATER DEPT - NORTHEAST WPC PLANT","3899 RICHMOND ST","PHILADELPHIA","PA",210,NA,"Pennsylvania",1,c(-75.095556, 40.01)
"5175","LANCASTER CITY WWTP","1220 NEW DANVILLE PIKE","LANCASTER","PA",32.08,NA,NA,NA,c(-76.305556, 40.022778)
"5176","LANCASTER CITY WWTP","1220 NEW DANVILLE PIKE","LANCASTER","PA",32.08,NA,"Pennsylvania",1,c(-76.297778, 40.028333)
"5177","LANCASTER CITY WWTP","1220 NEW DANVILLE PIKE","LANCASTER","PA",32.08,NA,"Pennsylvania",1,c(-76.2875, 40.031111)
"5178","LANCASTER CITY WWTP","1220 NEW DANVILLE PIKE","LANCASTER","PA",32.08,NA,"Pennsylvania",1,c(-76.284722, 40.049167)
"5179","LANCASTER CITY WWTP","1220 NEW DANVILLE PIKE","LANCASTER","PA",32.08,NA,"Pennsylvania",1,c(-76.297778, 40.028333)
"5180","LANCASTER CITY WWTP","1220 NEW DANVILLE PIKE","LANCASTER","PA",32.08,NA,NA,NA,c(-76.305639, 40.016778)
"5181","CLAIRTON MUN AUTH STP","1 N STATE ST","CLAIRTON","PA",13.6,NA,"Pennsylvania",1,c(-79.881944, 40.303889)
"5182","CLAIRTON MUN AUTH STP","1 N STATE ST","CLAIRTON","PA",13.6,NA,"Pennsylvania",1,c(-79.882222, 40.304167)
"5183","CLAIRTON MUN AUTH STP","1 N STATE ST","CLAIRTON","PA",13.6,NA,"Pennsylvania",1,c(-79.883056, 40.303611)
"5184","CLAIRTON MUN AUTH STP","1 N STATE ST","CLAIRTON","PA",13.6,NA,NA,NA,c(-79.895833, 40.298889)
"5185","CLAIRTON MUN AUTH STP","1 N STATE ST","CLAIRTON","PA",13.6,NA,NA,NA,c(-79.896389, 40.298056)
"5186","CHARLEROI BORO AUTH STP","1002 RAILROAD WAY","CHARLEROI","PA",3,NA,"Pennsylvania",1,c(-79.892222, 40.136389)
"5187","CHARLEROI BORO AUTH STP","1002 RAILROAD WAY","CHARLEROI","PA",3,NA,"Pennsylvania",1,c(-79.893056, 40.137778)
"5188","CHARLEROI BORO AUTH STP","1002 RAILROAD WAY","CHARLEROI","PA",3,NA,"Pennsylvania",1,c(-79.894444, 40.139722)
"5189","CHARLEROI BORO AUTH STP","1002 RAILROAD WAY","CHARLEROI","PA",3,NA,"Pennsylvania",1,c(-79.894444, 40.139722)
"5190","CHARLEROI BORO AUTH STP","1002 RAILROAD WAY","CHARLEROI","PA",3,NA,"Pennsylvania",1,c(-79.897222, 40.1425)
"5191","CHARLEROI BORO AUTH STP","1002 RAILROAD WAY","CHARLEROI","PA",3,NA,"Pennsylvania",1,c(-79.900556, 40.145)
"5192","CHARLEROI BORO AUTH STP","1002 RAILROAD WAY","CHARLEROI","PA",3,NA,"Pennsylvania",1,c(-79.904444, 40.146667)
"5193","CHARLEROI BORO AUTH STP","1002 RAILROAD WAY","CHARLEROI","PA",3,NA,NA,NA,c(-79.878056, 40.126111)
"5194","CHARLEROI BORO AUTH STP","1002 RAILROAD WAY","CHARLEROI","PA",3,NA,"Pennsylvania",1,c(-79.904167, 40.149167)
"5195","CHARLEROI BORO AUTH STP","1002 RAILROAD WAY","CHARLEROI","PA",3,NA,"Pennsylvania",1,c(-79.904722, 40.150556)
"5196","CHARLEROI BORO AUTH STP","1002 RAILROAD WAY","CHARLEROI","PA",3,NA,NA,NA,c(-79.873611, 40.123889)
"5197","CONNELLSVILLE STP","99 TREATMENT PLANT RD","CONNELLSVILLE","PA",4.4,NA,"Pennsylvania",1,c(-79.599722, 40.023611)
"5198","CONNELLSVILLE STP","99 TREATMENT PLANT RD","CONNELLSVILLE","PA",4.4,NA,"Pennsylvania",1,c(-79.601111, 40.024167)
"5199","CONNELLSVILLE STP","99 TREATMENT PLANT RD","CONNELLSVILLE","PA",4.4,NA,"Pennsylvania",1,c(-79.599722, 40.020833)
"5200","CONNELLSVILLE STP","99 TREATMENT PLANT RD","CONNELLSVILLE","PA",4.4,NA,"Pennsylvania",1,c(-79.597778, 40.020833)
"5201","CONNELLSVILLE STP","99 TREATMENT PLANT RD","CONNELLSVILLE","PA",4.4,NA,"Pennsylvania",1,c(-79.597778, 40.020833)
"5202","CONNELLSVILLE STP","99 TREATMENT PLANT RD","CONNELLSVILLE","PA",4.4,NA,"Pennsylvania",1,c(-79.588333, 40.019167)
"5203","CONNELLSVILLE STP","99 TREATMENT PLANT RD","CONNELLSVILLE","PA",4.4,NA,"Pennsylvania",1,c(-79.593056, 40.019167)
"5204","CONNELLSVILLE STP","99 TREATMENT PLANT RD","CONNELLSVILLE","PA",4.4,NA,"Pennsylvania",1,c(-79.593056, 40.018889)
"5205","CONNELLSVILLE STP","99 TREATMENT PLANT RD","CONNELLSVILLE","PA",4.4,NA,"Pennsylvania",1,c(-79.592778, 40.018333)
"5206","CONNELLSVILLE STP","99 TREATMENT PLANT RD","CONNELLSVILLE","PA",4.4,NA,"Pennsylvania",1,c(-79.592778, 40.018056)
"5207","CONNELLSVILLE STP","99 TREATMENT PLANT RD","CONNELLSVILLE","PA",4.4,NA,"Pennsylvania",1,c(-79.592778, 40.017222)
"5208","CONNELLSVILLE STP","99 TREATMENT PLANT RD","CONNELLSVILLE","PA",4.4,NA,"Pennsylvania",1,c(-79.593056, 40.016111)
"5209","CONNELLSVILLE STP","99 TREATMENT PLANT RD","CONNELLSVILLE","PA",4.4,NA,"Pennsylvania",1,c(-79.590833, 40.015)
"5210","CONNELLSVILLE STP","99 TREATMENT PLANT RD","CONNELLSVILLE","PA",4.4,NA,"Pennsylvania",1,c(-79.593056, 40.015)
"5211","CONNELLSVILLE STP","99 TREATMENT PLANT RD","CONNELLSVILLE","PA",4.4,NA,"Pennsylvania",1,c(-79.591667, 40.008056)
"5212","CONNELLSVILLE STP","99 TREATMENT PLANT RD","CONNELLSVILLE","PA",4.4,NA,"Pennsylvania",1,c(-79.591111, 40.025278)
"5213","CONNELLSVILLE STP","99 TREATMENT PLANT RD","CONNELLSVILLE","PA",4.4,NA,"Pennsylvania",1,c(-79.591111, 40.016111)
"5214","MCKEESPORT STP","100 ATLANTIC AVE","MCKEESPORT","PA",13,NA,"Pennsylvania",1,c(-79.851667, 40.334444)
"5215","MCKEESPORT STP","100 ATLANTIC AVE","MCKEESPORT","PA",13,NA,NA,NA,c(-79.853056, 40.330833)
"5216","MCKEESPORT STP","100 ATLANTIC AVE","MCKEESPORT","PA",13,NA,"Pennsylvania",1,c(-79.875, 40.354167)
"5217","MCKEESPORT STP","100 ATLANTIC AVE","MCKEESPORT","PA",13,NA,"Pennsylvania",1,c(-79.877778, 40.35)
"5218","MCKEESPORT STP","100 ATLANTIC AVE","MCKEESPORT","PA",13,NA,"Pennsylvania",1,c(-79.875, 40.347222)
"5219","MCKEESPORT STP","100 ATLANTIC AVE","MCKEESPORT","PA",13,NA,NA,NA,c(-79.872222, 40.344444)
"5220","MCKEESPORT STP","100 ATLANTIC AVE","MCKEESPORT","PA",13,NA,NA,NA,c(-79.869444, 40.341667)
"5221","MCKEESPORT STP","100 ATLANTIC AVE","MCKEESPORT","PA",13,NA,NA,NA,c(-79.866667, 40.338889)
"5222","MCKEESPORT STP","100 ATLANTIC AVE","MCKEESPORT","PA",13,NA,NA,NA,c(-79.865278, 40.334722)
"5223","MCKEESPORT STP","100 ATLANTIC AVE","MCKEESPORT","PA",13,NA,NA,NA,c(-79.871944, 40.343611)
"5224","MCKEESPORT STP","100 ATLANTIC AVE","MCKEESPORT","PA",13,NA,"Pennsylvania",1,c(-79.87, 40.351389)
"5225","MCKEESPORT STP","100 ATLANTIC AVE","MCKEESPORT","PA",13,NA,"Pennsylvania",1,c(-79.852778, 40.350833)
"5226","MCKEESPORT STP","100 ATLANTIC AVE","MCKEESPORT","PA",13,NA,"Pennsylvania",1,c(-79.852222, 40.35)
"5227","MCKEESPORT STP","100 ATLANTIC AVE","MCKEESPORT","PA",13,NA,"Pennsylvania",1,c(-79.868333, 40.349167)
"5228","MCKEESPORT STP","100 ATLANTIC AVE","MCKEESPORT","PA",13,NA,NA,NA,c(-79.864167, 40.339444)
"5229","MCKEESPORT STP","100 ATLANTIC AVE","MCKEESPORT","PA",13,NA,"Pennsylvania",1,c(-79.867222, 40.347222)
"5230","MCKEESPORT STP","100 ATLANTIC AVE","MCKEESPORT","PA",13,NA,"Pennsylvania",1,c(-79.881944, 40.345)
"5231","MCKEESPORT STP","100 ATLANTIC AVE","MCKEESPORT","PA",13,NA,"Pennsylvania",1,c(-79.881111, 40.3425)
"5232","MCKEESPORT STP","100 ATLANTIC AVE","MCKEESPORT","PA",13,NA,"Pennsylvania",1,c(-79.862778, 40.341667)
"5233","MCKEESPORT STP","100 ATLANTIC AVE","MCKEESPORT","PA",13,NA,NA,NA,c(-79.855556, 40.330556)
"5234","MCKEESPORT STP","100 ATLANTIC AVE","MCKEESPORT","PA",13,NA,"Pennsylvania",1,c(-79.839444, 40.331389)
"5235","MCKEESPORT STP","100 ATLANTIC AVE","MCKEESPORT","PA",13,NA,"Pennsylvania",1,c(-79.868056, 40.355556)
"5236","MCKEESPORT STP","100 ATLANTIC AVE","MCKEESPORT","PA",13,NA,"Pennsylvania",1,c(-79.863889, 40.355556)
"5237","MCKEESPORT STP","100 ATLANTIC AVE","MCKEESPORT","PA",13,NA,"Pennsylvania",1,c(-79.863889, 40.355556)
"5238","MCKEESPORT STP","100 ATLANTIC AVE","MCKEESPORT","PA",13,NA,"Pennsylvania",1,c(-79.861667, 40.355556)
"5239","MCKEESPORT STP","100 ATLANTIC AVE","MCKEESPORT","PA",13,NA,"Pennsylvania",1,c(-79.864444, 40.355556)
"5240","MCKEESPORT STP","100 ATLANTIC AVE","MCKEESPORT","PA",13,NA,"Pennsylvania",1,c(-79.855556, 40.355556)
"5241","MCKEESPORT STP","100 ATLANTIC AVE","MCKEESPORT","PA",13,NA,"Pennsylvania",1,c(-79.856944, 40.355556)
"5242","MCKEESPORT STP","100 ATLANTIC AVE","MCKEESPORT","PA",13,NA,"Pennsylvania",1,c(-79.854167, 40.348611)
"5243","MCKEESPORT STP","100 ATLANTIC AVE","MCKEESPORT","PA",13,NA,"Pennsylvania",1,c(-79.854167, 40.348611)
"5244","GR HAZLETON JT SEW AUTH WWTP","500 OSCAR THOMAS DRIVE","HAZLETON","PA",8.9,NA,NA,NA,c(-76.0225, 40.970833)
"5245","GR HAZLETON JT SEW AUTH WWTP","500 OSCAR THOMAS DRIVE","HAZLETON","PA",8.9,NA,NA,NA,c(-76.0075, 40.955833)
"5246","GR HAZLETON JT SEW AUTH WWTP","500 OSCAR THOMAS DRIVE","HAZLETON","PA",8.9,NA,NA,NA,c(-75.997222, 40.952778)
"5247","GR HAZLETON JT SEW AUTH WWTP","500 OSCAR THOMAS DRIVE","HAZLETON","PA",8.9,NA,"Pennsylvania",1,c(-76.001111, 40.969722)
"5248","GR HAZLETON JT SEW AUTH WWTP","500 OSCAR THOMAS DRIVE","HAZLETON","PA",8.9,NA,"Pennsylvania",1,c(-75.995, 40.965)
"5249","GR HAZLETON JT SEW AUTH WWTP","500 OSCAR THOMAS DRIVE","HAZLETON","PA",8.9,NA,"Pennsylvania",1,c(-75.993611, 40.968889)
"5250","GR HAZLETON JT SEW AUTH WWTP","500 OSCAR THOMAS DRIVE","HAZLETON","PA",8.9,NA,"Pennsylvania",1,c(-75.989167, 40.967222)
"5251","GR HAZLETON JT SEW AUTH WWTP","500 OSCAR THOMAS DRIVE","HAZLETON","PA",8.9,NA,"Pennsylvania",1,c(-75.988333, 40.968333)
"5252","GR HAZLETON JT SEW AUTH WWTP","500 OSCAR THOMAS DRIVE","HAZLETON","PA",8.9,NA,NA,NA,c(-75.975556, 40.975278)
"5253","GR HAZLETON JT SEW AUTH WWTP","500 OSCAR THOMAS DRIVE","HAZLETON","PA",8.9,NA,"Pennsylvania",1,c(-75.968333, 40.955278)
"5254","GR HAZLETON JT SEW AUTH WWTP","500 OSCAR THOMAS DRIVE","HAZLETON","PA",8.9,NA,"Pennsylvania",1,c(-75.968611, 40.954722)
"5255","GR HAZLETON JT SEW AUTH WWTP","500 OSCAR THOMAS DRIVE","HAZLETON","PA",8.9,NA,"Pennsylvania",1,c(-75.968889, 40.954167)
"5256","GR HAZLETON JT SEW AUTH WWTP","500 OSCAR THOMAS DRIVE","HAZLETON","PA",8.9,NA,"Pennsylvania",1,c(-75.968056, 40.953889)
"5257","GR HAZLETON JT SEW AUTH WWTP","500 OSCAR THOMAS DRIVE","HAZLETON","PA",8.9,NA,"Pennsylvania",1,c(-75.983056, 40.950833)
"5258","DUQUESNE STP","N DUQUESNE BLVD","DUQUESNE","PA",2,NA,"Pennsylvania",1,c(-79.850556, 40.379167)
"5259","DUQUESNE STP","N DUQUESNE BLVD","DUQUESNE","PA",2,NA,"Pennsylvania",1,c(-79.838333, 40.370833)
"5260","DUQUESNE STP","N DUQUESNE BLVD","DUQUESNE","PA",2,NA,"Pennsylvania",1,c(-79.8425, 40.378056)
"5261","DUQUESNE STP","N DUQUESNE BLVD","DUQUESNE","PA",2,NA,"Pennsylvania",1,c(-79.850556, 40.379167)
"5262","TAMAQUA BORO","32 SEWAGE PLANT RD","TAMAQUA","PA",2.6,NA,NA,NA,c(-75.969056, 40.794917)
"5263","TAMAQUA BORO","32 SEWAGE PLANT RD","TAMAQUA","PA",2.6,NA,NA,NA,c(-75.968, 40.793361)
"5264","TAMAQUA BORO","32 SEWAGE PLANT RD","TAMAQUA","PA",2.6,NA,NA,NA,c(-75.966083, 40.795583)
"5265","TAMAQUA BORO","32 SEWAGE PLANT RD","TAMAQUA","PA",2.6,NA,NA,NA,c(-75.964972, 40.797333)
"5266","TAMAQUA BORO","32 SEWAGE PLANT RD","TAMAQUA","PA",2.6,NA,NA,NA,c(-75.9655, 40.796778)
"5267","TAMAQUA BORO","32 SEWAGE PLANT RD","TAMAQUA","PA",2.6,NA,"Pennsylvania",1,c(-75.967667, 40.8)
"5268","TAMAQUA BORO","32 SEWAGE PLANT RD","TAMAQUA","PA",2.6,NA,"Pennsylvania",1,c(-75.967611, 40.801056)
"5269","TAMAQUA BORO","32 SEWAGE PLANT RD","TAMAQUA","PA",2.6,NA,"Pennsylvania",1,c(-75.968056, 40.802444)
"5270","TAMAQUA BORO","32 SEWAGE PLANT RD","TAMAQUA","PA",2.6,NA,NA,NA,c(-75.963278, 40.785611)
"5271","TAMAQUA BORO","32 SEWAGE PLANT RD","TAMAQUA","PA",2.6,NA,"Pennsylvania",1,c(-75.958278, 40.79975)
"5272","TAMAQUA BORO","32 SEWAGE PLANT RD","TAMAQUA","PA",2.6,NA,NA,NA,c(-75.977389, 40.796278)
"5273","ALTOONA EASTERLY STP","1552 OLD 6TH AVENUE ROAD","ALTOONA","PA",9,NA,"Pennsylvania",1,c(-78.386458, 40.525145)
"5274","ALTOONA WESTERLY STP","144 WESTERLY TREATMENT PLANT RD","DUNCANSVILLE","PA",10.8,NA,"Pennsylvania",1,c(-78.405344, 40.492666)
"5275","WILLIAMSPORT SANITARY AUTHORITY - WEST STP","26 ARCH ST","WILLIAMSPORT","PA",3.92,NA,NA,NA,c(-77.045605, 41.227821)
"5276","WILLIAMSPORT SANI AUTH CENTRAL STP","601 JEFFERSON LN","WILLIAMSPORT","PA",8.4,NA,"Pennsylvania",1,c(-76.994397, 41.240127)
"5277","WILLIAMSPORT SANI AUTH CENTRAL STP","601 JEFFERSON LN","WILLIAMSPORT","PA",8.4,NA,"Pennsylvania",1,c(-76.982622, 41.245274)
"5278","WILLIAMSPORT SANI AUTH CENTRAL STP","601 JEFFERSON LN","WILLIAMSPORT","PA",8.4,NA,"Pennsylvania",1,c(-77.005493, 41.235066)
"5279","LRBSA - ARCHBALD WWTP","104 DELAWARE STREET","JERMYN","PA",6,NA,NA,NA,c(-75.543056, 41.513889)
"5280","LRBSA - ARCHBALD WWTP","104 DELAWARE STREET","JERMYN","PA",6,NA,"Pennsylvania",1,c(-75.493333, 41.583611)
"5281","LRBSA - ARCHBALD WWTP","104 DELAWARE STREET","JERMYN","PA",6,NA,"Pennsylvania",1,c(-75.492778, 41.583889)
"5282","LRBSA - ARCHBALD WWTP","104 DELAWARE STREET","JERMYN","PA",6,NA,"Pennsylvania",1,c(-75.491667, 41.585278)
"5283","LRBSA - ARCHBALD WWTP","104 DELAWARE STREET","JERMYN","PA",6,NA,NA,NA,c(-75.485833, 41.593611)
"5284","LRBSA/ CLINTON TWP PLANT","1100 MAIN STREET","CLINTON TOWNSHIP","PA",0.7,NA,NA,NA,c(-75.460833, 41.6475)
"5285","LRBSA/ CLINTON TWP PLANT","1100 MAIN STREET","CLINTON TOWNSHIP","PA",0.7,NA,NA,NA,c(-75.466111, 41.634722)
"5286","LRBSA/ CLINTON TWP PLANT","1100 MAIN STREET","CLINTON TOWNSHIP","PA",0.7,NA,NA,NA,c(-75.476944, 41.640278)
"5287","LRBSA - THROOP PLANT","REAR 145 BLVD AVE","THROOP","PA",10,NA,"Pennsylvania",1,c(-75.635, 41.450833)
"5288","LRBSA - THROOP PLANT","REAR 145 BLVD AVE","THROOP","PA",10,NA,"Pennsylvania",1,c(-75.625, 41.451111)
"5289","LRBSA - THROOP PLANT","REAR 145 BLVD AVE","THROOP","PA",10,NA,"Pennsylvania",1,c(-75.621667, 41.460833)
"5290","LRBSA - THROOP PLANT","REAR 145 BLVD AVE","THROOP","PA",10,NA,NA,NA,c(-75.605278, 41.467778)
"5291","LRBSA - THROOP PLANT","REAR 145 BLVD AVE","THROOP","PA",10,NA,"Pennsylvania",1,c(-75.606667, 41.468056)
"5292","LRBSA - THROOP PLANT","REAR 145 BLVD AVE","THROOP","PA",10,NA,NA,NA,c(-75.608611, 41.468611)
"5293","LRBSA - THROOP PLANT","REAR 145 BLVD AVE","THROOP","PA",10,NA,NA,NA,c(-75.6075, 41.471389)
"5294","LRBSA - THROOP PLANT","REAR 145 BLVD AVE","THROOP","PA",10,NA,"Pennsylvania",1,c(-75.601667, 41.473333)
"5295","LRBSA - THROOP PLANT","REAR 145 BLVD AVE","THROOP","PA",10,NA,NA,NA,c(-75.578333, 41.475833)
"5296","LRBSA - THROOP PLANT","REAR 145 BLVD AVE","THROOP","PA",10,NA,NA,NA,c(-75.576389, 41.4775)
"5297","LRBSA - THROOP PLANT","REAR 145 BLVD AVE","THROOP","PA",10,NA,NA,NA,c(-75.565, 41.481944)
"5298","LRBSA - THROOP PLANT","REAR 145 BLVD AVE","THROOP","PA",10,NA,NA,NA,c(-75.543333, 41.490278)
"5299","LRBSA - THROOP PLANT","REAR 145 BLVD AVE","THROOP","PA",10,NA,NA,NA,c(-75.545, 41.491667)
"5300","LRBSA - THROOP PLANT","REAR 145 BLVD AVE","THROOP","PA",10,NA,NA,NA,c(-75.543611, 41.493611)
"5301","LRBSA - THROOP PLANT","REAR 145 BLVD AVE","THROOP","PA",10,NA,NA,NA,c(-75.590278, 41.476389)
"5302","LRBSA - THROOP PLANT","REAR 145 BLVD AVE","THROOP","PA",10,NA,NA,NA,c(-75.590556, 41.476389)
"5303","DELCORA STP","3201 W FRONT ST","CHESTER","PA",44,NA,"Pennsylvania",1,c(-75.389167, 39.823889)
"5304","DELCORA STP","3201 W FRONT ST","CHESTER","PA",44,NA,"Pennsylvania",1,c(-75.386111, 39.826111)
"5305","DELCORA STP","3201 W FRONT ST","CHESTER","PA",44,NA,"Pennsylvania",1,c(-75.385, 39.827222)
"5306","DELCORA STP","3201 W FRONT ST","CHESTER","PA",44,NA,"Pennsylvania",1,c(-75.381111, 39.829444)
"5307","DELCORA STP","3201 W FRONT ST","CHESTER","PA",44,NA,"Pennsylvania",1,c(-75.379167, 39.830833)
"5308","DELCORA STP","3201 W FRONT ST","CHESTER","PA",44,NA,NA,NA,c(-75.372222, 39.385)
"5309","DELCORA STP","3201 W FRONT ST","CHESTER","PA",44,NA,"Pennsylvania",1,c(-75.369722, 39.836944)
"5310","DELCORA STP","3201 W FRONT ST","CHESTER","PA",44,NA,"Pennsylvania",1,c(-75.369722, 39.836944)
"5311","DELCORA STP","3201 W FRONT ST","CHESTER","PA",44,NA,"Pennsylvania",1,c(-75.364444, 39.839167)
"5312","DELCORA STP","3201 W FRONT ST","CHESTER","PA",44,NA,"Pennsylvania",1,c(-75.359722, 39.844722)
"5313","DELCORA STP","3201 W FRONT ST","CHESTER","PA",44,NA,"Pennsylvania",1,c(-75.354722, 39.843889)
"5314","DELCORA STP","3201 W FRONT ST","CHESTER","PA",44,NA,"Pennsylvania",1,c(-75.350278, 39.846111)
"5315","DELCORA STP","3201 W FRONT ST","CHESTER","PA",44,NA,"Pennsylvania",1,c(-75.346944, 39.854167)
"5316","DELCORA STP","3201 W FRONT ST","CHESTER","PA",44,NA,"Pennsylvania",1,c(-75.3475, 39.856111)
"5317","DELCORA STP","3201 W FRONT ST","CHESTER","PA",44,NA,"Pennsylvania",1,c(-75.346944, 39.857778)
"5318","DELCORA STP","3201 W FRONT ST","CHESTER","PA",44,NA,"Pennsylvania",1,c(-75.348889, 39.863611)
"5319","DELCORA STP","3201 W FRONT ST","CHESTER","PA",44,NA,"Pennsylvania",1,c(-75.366111, 39.856389)
"5320","DELCORA STP","3201 W FRONT ST","CHESTER","PA",44,NA,"Pennsylvania",1,c(-75.376111, 39.855833)
"5321","DELCORA STP","3201 W FRONT ST","CHESTER","PA",44,NA,"Pennsylvania",1,c(-75.363611, 39.851944)
"5322","DELCORA STP","3201 W FRONT ST","CHESTER","PA",44,NA,"Pennsylvania",1,c(-75.362222, 39.848889)
"5323","DELCORA STP","3201 W FRONT ST","CHESTER","PA",44,NA,"Pennsylvania",1,c(-75.361111, 39.845833)
"5324","DELCORA STP","3201 W FRONT ST","CHESTER","PA",44,NA,"Pennsylvania",1,c(-75.361111, 39.845556)
"5325","DELCORA STP","3201 W FRONT ST","CHESTER","PA",44,NA,"Pennsylvania",1,c(-75.363056, 39.846944)
"5326","DELCORA STP","3201 W FRONT ST","CHESTER","PA",44,NA,"Pennsylvania",1,c(-75.365278, 39.849167)
"5327","DELCORA STP","3201 W FRONT ST","CHESTER","PA",44,NA,"Pennsylvania",1,c(-75.356111, 39.843333)
"5328","DELCORA STP","3201 W FRONT ST","CHESTER","PA",44,NA,"Pennsylvania",1,c(-75.375, 39.873056)
"5329","NEW KENSINGTON STP","120 LOGANS FERRY RD","NEW KENSINGTON","PA",12,NA,"Pennsylvania",1,c(-79.765556, 40.554444)
"5330","NEW KENSINGTON STP","120 LOGANS FERRY RD","NEW KENSINGTON","PA",12,NA,"Pennsylvania",1,c(-79.766667, 40.556389)
"5331","NEW KENSINGTON STP","120 LOGANS FERRY RD","NEW KENSINGTON","PA",12,NA,"Pennsylvania",1,c(-79.767222, 40.558056)
"5332","NEW KENSINGTON STP","120 LOGANS FERRY RD","NEW KENSINGTON","PA",12,NA,"Pennsylvania",1,c(-79.768611, 40.560556)
"5333","NEW KENSINGTON STP","120 LOGANS FERRY RD","NEW KENSINGTON","PA",12,NA,"Pennsylvania",1,c(-79.770833, 40.564722)
"5334","NEW KENSINGTON STP","120 LOGANS FERRY RD","NEW KENSINGTON","PA",12,NA,NA,NA,c(-79.760833, 40.550833)
"5335","WARREN CITY WWTP","380 WEST HARMAR STREET","WARREN","PA",6.5,NA,"Pennsylvania",1,c(-79.163611, 41.838889)
"5336","WARREN CITY WWTP","380 WEST HARMAR STREET","WARREN","PA",6.5,NA,"Pennsylvania",1,c(-79.145833, 41.841667)
"5337","WARREN CITY WWTP","380 WEST HARMAR STREET","WARREN","PA",6.5,NA,NA,NA,c(-79.141111, 41.840556)
"5338","WARREN CITY WWTP","380 WEST HARMAR STREET","WARREN","PA",6.5,NA,"Pennsylvania",1,c(-79.160972, 41.839167)
"5339","HARRISBURG AWTF","1662 S CAMERON ST","HARRISBURG","PA",37.7,NA,NA,NA,c(-76.873561, 40.251175)
"5340","HARRISBURG AWTF","1662 S CAMERON ST","HARRISBURG","PA",37.7,NA,NA,NA,c(-76.875677, 40.300107)
"5341","HARRISBURG AWTF","1662 S CAMERON ST","HARRISBURG","PA",37.7,NA,NA,NA,c(-76.878483, 40.298482)
"5342","HARRISBURG AWTF","1662 S CAMERON ST","HARRISBURG","PA",37.7,NA,"Pennsylvania",1,c(-76.880306, 40.276526)
"5343","HARRISBURG AWTF","1662 S CAMERON ST","HARRISBURG","PA",37.7,NA,"Pennsylvania",1,c(-76.880438, 40.275919)
"5344","HARRISBURG AWTF","1662 S CAMERON ST","HARRISBURG","PA",37.7,NA,"Pennsylvania",1,c(-76.861515, 40.244657)
"5345","HARRISBURG AWTF","1662 S CAMERON ST","HARRISBURG","PA",37.7,NA,"Pennsylvania",1,c(-76.883459, 40.274698)
"5346","HARRISBURG AWTF","1662 S CAMERON ST","HARRISBURG","PA",37.7,NA,"Pennsylvania",1,c(-76.884571, 40.272251)
"5347","HARRISBURG AWTF","1662 S CAMERON ST","HARRISBURG","PA",37.7,NA,"Pennsylvania",1,c(-76.88558, 40.269751)
"5348","HARRISBURG AWTF","1662 S CAMERON ST","HARRISBURG","PA",37.7,NA,"Pennsylvania",1,c(-76.88687, 40.268759)
"5349","HARRISBURG AWTF","1662 S CAMERON ST","HARRISBURG","PA",37.7,NA,"Pennsylvania",1,c(-76.888116, 40.26766)
"5350","HARRISBURG AWTF","1662 S CAMERON ST","HARRISBURG","PA",37.7,NA,NA,NA,c(-76.888949, 40.26686)
"5351","HARRISBURG AWTF","1662 S CAMERON ST","HARRISBURG","PA",37.7,NA,NA,NA,c(-76.889639, 40.265343)
"5352","HARRISBURG AWTF","1662 S CAMERON ST","HARRISBURG","PA",37.7,NA,NA,NA,c(-76.891221, 40.264866)
"5353","HARRISBURG AWTF","1662 S CAMERON ST","HARRISBURG","PA",37.7,NA,NA,NA,c(-76.891489, 40.262679)
"5354","HARRISBURG AWTF","1662 S CAMERON ST","HARRISBURG","PA",37.7,NA,NA,NA,c(-76.892611, 40.26101)
"5355","HARRISBURG AWTF","1662 S CAMERON ST","HARRISBURG","PA",37.7,NA,NA,NA,c(-76.894558, 40.256295)
"5356","HARRISBURG AWTF","1662 S CAMERON ST","HARRISBURG","PA",37.7,NA,NA,NA,c(-76.896166, 40.255106)
"5357","HARRISBURG AWTF","1662 S CAMERON ST","HARRISBURG","PA",37.7,NA,NA,NA,c(-76.874319, 40.251706)
"5358","HARRISBURG AWTF","1662 S CAMERON ST","HARRISBURG","PA",37.7,NA,"Pennsylvania",1,c(-76.88685, 40.288637)
"5359","HARRISBURG AWTF","1662 S CAMERON ST","HARRISBURG","PA",37.7,NA,"Pennsylvania",1,c(-76.898752, 40.282954)
"5360","HARRISBURG AWTF","1662 S CAMERON ST","HARRISBURG","PA",37.7,NA,NA,NA,c(-76.899177, 40.274964)
"5361","HARRISBURG AWTF","1662 S CAMERON ST","HARRISBURG","PA",37.7,NA,"Pennsylvania",1,c(-76.879087, 40.272622)
"5362","HARRISBURG AWTF","1662 S CAMERON ST","HARRISBURG","PA",37.7,NA,"Pennsylvania",1,c(-76.879086, 40.27266)
"5363","HARRISBURG AWTF","1662 S CAMERON ST","HARRISBURG","PA",37.7,NA,NA,NA,c(-76.904704, 40.272656)
"5364","HARRISBURG AWTF","1662 S CAMERON ST","HARRISBURG","PA",37.7,NA,NA,NA,c(-76.903197, 40.272604)
"5365","HARRISBURG AWTF","1662 S CAMERON ST","HARRISBURG","PA",37.7,NA,NA,NA,c(-76.900675, 40.271838)
"5366","HARRISBURG AWTF","1662 S CAMERON ST","HARRISBURG","PA",37.7,NA,NA,NA,c(-76.902269, 40.268744)
"5367","HARRISBURG AWTF","1662 S CAMERON ST","HARRISBURG","PA",37.7,NA,"Pennsylvania",1,c(-76.875962, 40.268868)
"5368","HARRISBURG AWTF","1662 S CAMERON ST","HARRISBURG","PA",37.7,NA,NA,NA,c(-76.875885, 40.26721)
"5369","HARRISBURG AWTF","1662 S CAMERON ST","HARRISBURG","PA",37.7,NA,NA,NA,c(-76.878689, 40.26602)
"5370","HARRISBURG AWTF","1662 S CAMERON ST","HARRISBURG","PA",37.7,NA,NA,NA,c(-76.87913, 40.266011)
"5371","HARRISBURG AWTF","1662 S CAMERON ST","HARRISBURG","PA",37.7,NA,NA,NA,c(-76.879052, 40.264288)
"5372","HARRISBURG AWTF","1662 S CAMERON ST","HARRISBURG","PA",37.7,NA,NA,NA,c(-76.879023, 40.264373)
"5373","HARRISBURG AWTF","1662 S CAMERON ST","HARRISBURG","PA",37.7,NA,NA,NA,c(-76.87417, 40.262386)
"5374","HARRISBURG AWTF","1662 S CAMERON ST","HARRISBURG","PA",37.7,NA,NA,NA,c(-76.879881, 40.261819)
"5375","HARRISBURG AWTF","1662 S CAMERON ST","HARRISBURG","PA",37.7,NA,NA,NA,c(-76.877153, 40.261769)
"5376","HARRISBURG AWTF","1662 S CAMERON ST","HARRISBURG","PA",37.7,NA,NA,NA,c(-76.876998, 40.261749)
"5377","HARRISBURG AWTF","1662 S CAMERON ST","HARRISBURG","PA",37.7,NA,NA,NA,c(-76.876333, 40.260254)
"5378","HARRISBURG AWTF","1662 S CAMERON ST","HARRISBURG","PA",37.7,NA,NA,NA,c(-76.875291, 40.260384)
"5379","HARRISBURG AWTF","1662 S CAMERON ST","HARRISBURG","PA",37.7,NA,NA,NA,c(-76.875212, 40.257609)
"5380","HARRISBURG AWTF","1662 S CAMERON ST","HARRISBURG","PA",37.7,NA,NA,NA,c(-76.871917, 40.255724)
"5381","HARRISBURG AWTF","1662 S CAMERON ST","HARRISBURG","PA",37.7,NA,NA,NA,c(-76.869722, 40.255556)
"5382","HARRISBURG AWTF","1662 S CAMERON ST","HARRISBURG","PA",37.7,NA,NA,NA,c(-76.869495, 40.25319)
"5383","HARRISBURG AWTF","1662 S CAMERON ST","HARRISBURG","PA",37.7,NA,NA,NA,c(-76.873875, 40.284339)
"5384","HARRISBURG AWTF","1662 S CAMERON ST","HARRISBURG","PA",37.7,NA,NA,NA,c(-76.873852, 40.282664)
"5385","HARRISBURG AWTF","1662 S CAMERON ST","HARRISBURG","PA",37.7,NA,"Pennsylvania",1,c(-76.873799, 40.279477)
"5386","HARRISBURG AWTF","1662 S CAMERON ST","HARRISBURG","PA",37.7,NA,"Pennsylvania",1,c(-76.872935, 40.262171)
"5387","HARRISBURG AWTF","1662 S CAMERON ST","HARRISBURG","PA",37.7,NA,"Pennsylvania",1,c(-76.872887, 40.261539)
"5388","HARRISBURG AWTF","1662 S CAMERON ST","HARRISBURG","PA",37.7,NA,NA,NA,c(-76.875677, 40.260605)
"5389","HARRISBURG AWTF","1662 S CAMERON ST","HARRISBURG","PA",37.7,NA,NA,NA,c(-76.880281, 40.259607)
"5390","HARRISBURG AWTF","1662 S CAMERON ST","HARRISBURG","PA",37.7,NA,NA,NA,c(-76.883459, 40.258877)
"5391","HARRISBURG AWTF","1662 S CAMERON ST","HARRISBURG","PA",37.7,NA,NA,NA,c(-76.885798, 40.256403)
"5392","HARRISBURG AWTF","1662 S CAMERON ST","HARRISBURG","PA",37.7,NA,"Pennsylvania",1,c(-76.864559, 40.253002)
"5393","HARRISBURG AWTF","1662 S CAMERON ST","HARRISBURG","PA",37.7,NA,"Pennsylvania",1,c(-76.867222, 40.251667)
"5394","HARRISBURG AWTF","1662 S CAMERON ST","HARRISBURG","PA",37.7,NA,"Pennsylvania",1,c(-76.866769, 40.250338)
"5395","HARRISBURG AWTF","1662 S CAMERON ST","HARRISBURG","PA",37.7,NA,"Pennsylvania",1,c(-76.864549, 40.248139)
"5396","HARRISBURG AWTF","1662 S CAMERON ST","HARRISBURG","PA",37.7,NA,"Pennsylvania",1,c(-76.863415, 40.246415)
"5397","HARRISBURG AWTF","1662 S CAMERON ST","HARRISBURG","PA",37.7,NA,"Pennsylvania",1,c(-76.86203, 40.245387)
"5398","FARRELL MUN SEW","701 MARTIN LUTHER KING JR BLVD","FARRELL","PA",3.57,NA,"Pennsylvania",1,c(-80.502778, 41.205278)
"5399","FARRELL MUN SEW","701 MARTIN LUTHER KING JR BLVD","FARRELL","PA",3.57,NA,"Pennsylvania",1,c(-80.505556, 41.200833)
"5400","FARRELL MUN SEW","701 MARTIN LUTHER KING JR BLVD","FARRELL","PA",3.57,NA,"Pennsylvania",1,c(-80.501944, 41.202222)
"5401","FARRELL MUN SEW","701 MARTIN LUTHER KING JR BLVD","FARRELL","PA",3.57,NA,"Pennsylvania",1,c(-80.4975, 41.214444)
"5402","SHAMOKIN-COAL TWP JT SEW AUTH","114 BRIDGE ST","SHAMOKIN","PA",9,NA,NA,NA,c(-76.584722, 40.8125)
"5403","SHAMOKIN-COAL TWP JT SEW AUTH","114 BRIDGE ST","SHAMOKIN","PA",9,NA,NA,NA,c(-76.5825, 40.811389)
"5404","SHAMOKIN-COAL TWP JT SEW AUTH","114 BRIDGE ST","SHAMOKIN","PA",9,NA,NA,NA,c(-76.5825, 40.811389)
"5405","SHAMOKIN-COAL TWP JT SEW AUTH","114 BRIDGE ST","SHAMOKIN","PA",9,NA,NA,NA,c(-76.5825, 40.811389)
"5406","SHAMOKIN-COAL TWP JT SEW AUTH","114 BRIDGE ST","SHAMOKIN","PA",9,NA,NA,NA,c(-76.5825, 40.811389)
"5407","SHAMOKIN-COAL TWP JT SEW AUTH","114 BRIDGE ST","SHAMOKIN","PA",9,NA,NA,NA,c(-76.584167, 40.810833)
"5408","SHAMOKIN-COAL TWP JT SEW AUTH","114 BRIDGE ST","SHAMOKIN","PA",9,NA,NA,NA,c(-76.5825, 40.811389)
"5409","SHAMOKIN-COAL TWP JT SEW AUTH","114 BRIDGE ST","SHAMOKIN","PA",9,NA,NA,NA,c(-76.5825, 40.811389)
"5410","SHAMOKIN-COAL TWP JT SEW AUTH","114 BRIDGE ST","SHAMOKIN","PA",9,NA,NA,NA,c(-76.5825, 40.811389)
"5411","SHAMOKIN-COAL TWP JT SEW AUTH","114 BRIDGE ST","SHAMOKIN","PA",9,NA,NA,NA,c(-76.5825, 40.811389)
"5412","SHAMOKIN-COAL TWP JT SEW AUTH","114 BRIDGE ST","SHAMOKIN","PA",9,NA,NA,NA,c(-76.5825, 40.811389)
"5413","SHAMOKIN-COAL TWP JT SEW AUTH","114 BRIDGE ST","SHAMOKIN","PA",9,NA,NA,NA,c(-76.5825, 40.811389)
"5414","SHAMOKIN-COAL TWP JT SEW AUTH","114 BRIDGE ST","SHAMOKIN","PA",9,NA,NA,NA,c(-76.5825, 40.811389)
"5415","SHAMOKIN-COAL TWP JT SEW AUTH","114 BRIDGE ST","SHAMOKIN","PA",9,NA,NA,NA,c(-76.5825, 40.811389)
"5416","SHAMOKIN-COAL TWP JT SEW AUTH","114 BRIDGE ST","SHAMOKIN","PA",9,NA,NA,NA,c(-76.5825, 40.811389)
"5417","SHAMOKIN-COAL TWP JT SEW AUTH","114 BRIDGE ST","SHAMOKIN","PA",9,NA,NA,NA,c(-76.5825, 40.811389)
"5418","SHAMOKIN-COAL TWP JT SEW AUTH","114 BRIDGE ST","SHAMOKIN","PA",9,NA,NA,NA,c(-76.5825, 40.811389)
"5419","SHAMOKIN-COAL TWP JT SEW AUTH","114 BRIDGE ST","SHAMOKIN","PA",9,NA,NA,NA,c(-76.5825, 40.811389)
"5420","SHAMOKIN-COAL TWP JT SEW AUTH","114 BRIDGE ST","SHAMOKIN","PA",9,NA,NA,NA,c(-76.5825, 40.811389)
"5421","SHAMOKIN-COAL TWP JT SEW AUTH","114 BRIDGE ST","SHAMOKIN","PA",9,NA,NA,NA,c(-76.584167, 40.810833)
"5422","SHAMOKIN-COAL TWP JT SEW AUTH","114 BRIDGE ST","SHAMOKIN","PA",9,NA,NA,NA,c(-76.584167, 40.810833)
"5423","SHAMOKIN-COAL TWP JT SEW AUTH","114 BRIDGE ST","SHAMOKIN","PA",9,NA,NA,NA,c(-76.5825, 40.811389)
"5424","SHAMOKIN-COAL TWP JT SEW AUTH","114 BRIDGE ST","SHAMOKIN","PA",9,NA,"Pennsylvania",1,c(-76.560833, 40.786667)
"5425","SHAMOKIN-COAL TWP JT SEW AUTH","114 BRIDGE ST","SHAMOKIN","PA",9,NA,NA,NA,c(-76.584167, 40.810833)
"5426","SHAMOKIN-COAL TWP JT SEW AUTH","114 BRIDGE ST","SHAMOKIN","PA",9,NA,NA,NA,c(-76.5825, 40.811389)
"5427","SHAMOKIN-COAL TWP JT SEW AUTH","114 BRIDGE ST","SHAMOKIN","PA",9,NA,NA,NA,c(-76.5825, 40.811389)
"5428","SHAMOKIN-COAL TWP JT SEW AUTH","114 BRIDGE ST","SHAMOKIN","PA",9,NA,NA,NA,c(-76.5825, 40.811389)
"5429","SHAMOKIN-COAL TWP JT SEW AUTH","114 BRIDGE ST","SHAMOKIN","PA",9,NA,NA,NA,c(-76.5825, 40.811389)
"5430","SHAMOKIN-COAL TWP JT SEW AUTH","114 BRIDGE ST","SHAMOKIN","PA",9,NA,NA,NA,c(-76.5825, 40.811389)
"5431","SHAMOKIN-COAL TWP JT SEW AUTH","114 BRIDGE ST","SHAMOKIN","PA",9,NA,NA,NA,c(-76.5825, 40.811389)
"5432","SHAMOKIN-COAL TWP JT SEW AUTH","114 BRIDGE ST","SHAMOKIN","PA",9,NA,NA,NA,c(-76.5825, 40.811389)
"5433","SHAMOKIN-COAL TWP JT SEW AUTH","114 BRIDGE ST","SHAMOKIN","PA",9,NA,NA,NA,c(-76.5825, 40.811389)
"5434","SHAMOKIN-COAL TWP JT SEW AUTH","114 BRIDGE ST","SHAMOKIN","PA",9,NA,NA,NA,c(-76.596389, 40.811389)
"5435","SHAMOKIN-COAL TWP JT SEW AUTH","114 BRIDGE ST","SHAMOKIN","PA",9,NA,NA,NA,c(-76.5825, 40.811389)
"5436","SHAMOKIN-COAL TWP JT SEW AUTH","114 BRIDGE ST","SHAMOKIN","PA",9,NA,NA,NA,c(-76.5825, 40.811389)
"5437","SHAMOKIN-COAL TWP JT SEW AUTH","114 BRIDGE ST","SHAMOKIN","PA",9,NA,NA,NA,c(-76.5825, 40.811389)
"5438","SHAMOKIN-COAL TWP JT SEW AUTH","114 BRIDGE ST","SHAMOKIN","PA",9,NA,NA,NA,c(-76.584167, 40.810833)
"5439","SHAMOKIN-COAL TWP JT SEW AUTH","114 BRIDGE ST","SHAMOKIN","PA",9,NA,NA,NA,c(-76.5825, 40.811389)
"5440","SHAMOKIN-COAL TWP JT SEW AUTH","114 BRIDGE ST","SHAMOKIN","PA",9,NA,NA,NA,c(-76.5825, 40.811389)
"5441","SHAMOKIN-COAL TWP JT SEW AUTH","114 BRIDGE ST","SHAMOKIN","PA",9,NA,NA,NA,c(-76.5825, 40.811389)
"5442","SHAMOKIN-COAL TWP JT SEW AUTH","114 BRIDGE ST","SHAMOKIN","PA",9,NA,NA,NA,c(-76.5825, 40.811389)
"5443","SHAMOKIN-COAL TWP JT SEW AUTH","114 BRIDGE ST","SHAMOKIN","PA",9,NA,NA,NA,c(-76.5825, 40.811389)
"5444","SHAMOKIN-COAL TWP JT SEW AUTH","114 BRIDGE ST","SHAMOKIN","PA",9,NA,NA,NA,c(-76.5825, 40.811389)
"5445","SHAMOKIN-COAL TWP JT SEW AUTH","114 BRIDGE ST","SHAMOKIN","PA",9,NA,NA,NA,c(-76.5825, 40.811389)
"5446","SHAMOKIN-COAL TWP JT SEW AUTH","114 BRIDGE ST","SHAMOKIN","PA",9,NA,NA,NA,c(-76.5825, 40.811389)
"5447","SHAMOKIN-COAL TWP JT SEW AUTH","114 BRIDGE ST","SHAMOKIN","PA",9,NA,NA,NA,c(-76.5825, 40.811389)
"5448","SHAMOKIN-COAL TWP JT SEW AUTH","114 BRIDGE ST","SHAMOKIN","PA",9,NA,NA,NA,c(-76.5825, 40.811389)
"5449","SHAMOKIN-COAL TWP JT SEW AUTH","114 BRIDGE ST","SHAMOKIN","PA",9,NA,NA,NA,c(-76.5825, 40.811389)
"5450","SHAMOKIN-COAL TWP JT SEW AUTH","114 BRIDGE ST","SHAMOKIN","PA",9,NA,NA,NA,c(-76.5825, 40.811389)
"5451","SHAMOKIN-COAL TWP JT SEW AUTH","114 BRIDGE ST","SHAMOKIN","PA",9,NA,NA,NA,c(-76.5825, 40.811389)
"5452","SHAMOKIN-COAL TWP JT SEW AUTH","114 BRIDGE ST","SHAMOKIN","PA",9,NA,NA,NA,c(-76.5825, 40.811389)
"5453","SHAMOKIN-COAL TWP JT SEW AUTH","114 BRIDGE ST","SHAMOKIN","PA",9,NA,NA,NA,c(-76.5825, 40.811389)
"5454","SHAMOKIN-COAL TWP JT SEW AUTH","114 BRIDGE ST","SHAMOKIN","PA",9,NA,NA,NA,c(-76.5825, 40.811389)
"5455","SHAMOKIN-COAL TWP JT SEW AUTH","114 BRIDGE ST","SHAMOKIN","PA",9,NA,NA,NA,c(-76.5825, 40.811389)
"5456","SHAMOKIN-COAL TWP JT SEW AUTH","114 BRIDGE ST","SHAMOKIN","PA",9,NA,"Pennsylvania",1,c(-76.535278, 40.789167)
"5457","SHAMOKIN-COAL TWP JT SEW AUTH","114 BRIDGE ST","SHAMOKIN","PA",9,NA,"Pennsylvania",1,c(-76.518056, 40.785278)
"5458","SHAMOKIN-COAL TWP JT SEW AUTH","114 BRIDGE ST","SHAMOKIN","PA",9,NA,"Pennsylvania",1,c(-76.517222, 40.784722)
"5459","SHAMOKIN-COAL TWP JT SEW AUTH","114 BRIDGE ST","SHAMOKIN","PA",9,NA,"Pennsylvania",1,c(-76.516111, 40.784722)
"5460","SHAMOKIN-COAL TWP JT SEW AUTH","114 BRIDGE ST","SHAMOKIN","PA",9,NA,"Pennsylvania",1,c(-76.575278, 40.786389)
"5461","SHAMOKIN-COAL TWP JT SEW AUTH","114 BRIDGE ST","SHAMOKIN","PA",9,NA,"Pennsylvania",1,c(-76.560556, 40.788889)
"5462","SHAMOKIN-COAL TWP JT SEW AUTH","114 BRIDGE ST","SHAMOKIN","PA",9,NA,"Pennsylvania",1,c(-76.561944, 40.788889)
"5463","SHAMOKIN-COAL TWP JT SEW AUTH","114 BRIDGE ST","SHAMOKIN","PA",9,NA,"Pennsylvania",1,c(-76.563056, 40.790833)
"5464","SHAMOKIN-COAL TWP JT SEW AUTH","114 BRIDGE ST","SHAMOKIN","PA",9,NA,"Pennsylvania",1,c(-76.563333, 40.790833)
"5465","SHAMOKIN-COAL TWP JT SEW AUTH","114 BRIDGE ST","SHAMOKIN","PA",9,NA,"Pennsylvania",1,c(-76.514722, 40.785278)
"5466","SHAMOKIN-COAL TWP JT SEW AUTH","114 BRIDGE ST","SHAMOKIN","PA",9,NA,"Pennsylvania",1,c(-76.575556, 40.786111)
"5467","SHAMOKIN-COAL TWP JT SEW AUTH","114 BRIDGE ST","SHAMOKIN","PA",9,NA,"Pennsylvania",1,c(-76.561944, 40.7875)
"5468","SHAMOKIN-COAL TWP JT SEW AUTH","114 BRIDGE ST","SHAMOKIN","PA",9,NA,"Pennsylvania",1,c(-76.571111, 40.7875)
"5469","SHAMOKIN-COAL TWP JT SEW AUTH","114 BRIDGE ST","SHAMOKIN","PA",9,NA,NA,NA,c(-76.168333, 40.797778)
"5470","SHAMOKIN-COAL TWP JT SEW AUTH","114 BRIDGE ST","SHAMOKIN","PA",9,NA,"Pennsylvania",1,c(-76.584444, 40.78)
"5471","SHAMOKIN-COAL TWP JT SEW AUTH","114 BRIDGE ST","SHAMOKIN","PA",9,NA,"Pennsylvania",1,c(-76.521944, 40.784444)
"5472","SHAMOKIN-COAL TWP JT SEW AUTH","114 BRIDGE ST","SHAMOKIN","PA",9,NA,"Pennsylvania",1,c(-76.546944, 40.790833)
"5473","SHAMOKIN-COAL TWP JT SEW AUTH","114 BRIDGE ST","SHAMOKIN","PA",9,NA,NA,NA,c(-76.584167, 40.811389)
"5474","UPPER ALLEGHENY JT SANI AUTH STP","OLD RTE 28","CREIGHTON","PA",9,NA,NA,NA,c(-79.775556, 40.58)
"5475","UPPER ALLEGHENY JT SANI AUTH STP","OLD RTE 28","CREIGHTON","PA",9,NA,NA,NA,c(-79.775, 40.582222)
"5476","UPPER ALLEGHENY JT SANI AUTH STP","OLD RTE 28","CREIGHTON","PA",9,NA,NA,NA,c(-79.774167, 40.584722)
"5477","UPPER ALLEGHENY JT SANI AUTH STP","OLD RTE 28","CREIGHTON","PA",9,NA,NA,NA,c(-79.761147, 40.594081)
"5478","UPPER ALLEGHENY JT SANI AUTH STP","OLD RTE 28","CREIGHTON","PA",9,NA,"Pennsylvania",1,c(-79.75925, 40.595189)
"5479","UPPER ALLEGHENY JT SANI AUTH STP","OLD RTE 28","CREIGHTON","PA",9,NA,"Pennsylvania",1,c(-79.755556, 40.598889)
"5480","UPPER ALLEGHENY JT SANI AUTH STP","OLD RTE 28","CREIGHTON","PA",9,NA,"Pennsylvania",1,c(-79.752075, 40.598161)
"5481","UPPER ALLEGHENY JT SANI AUTH STP","OLD RTE 28","CREIGHTON","PA",9,NA,"Pennsylvania",1,c(-79.749444, 40.6)
"5482","UPPER ALLEGHENY JT SANI AUTH STP","OLD RTE 28","CREIGHTON","PA",9,NA,"Pennsylvania",1,c(-79.743611, 40.600472)
"5483","UPPER ALLEGHENY JT SANI AUTH STP","OLD RTE 28","CREIGHTON","PA",9,NA,NA,NA,c(-79.735769, 40.595089)
"5484","UPPER ALLEGHENY JT SANI AUTH STP","OLD RTE 28","CREIGHTON","PA",9,NA,"Pennsylvania",1,c(-79.723333, 40.608611)
"5485","UPPER ALLEGHENY JT SANI AUTH STP","OLD RTE 28","CREIGHTON","PA",9,NA,"Pennsylvania",1,c(-79.723056, 40.608611)
"5486","UPPER ALLEGHENY JT SANI AUTH STP","OLD RTE 28","CREIGHTON","PA",9,NA,"Pennsylvania",1,c(-79.721389, 40.611667)
"5487","UPPER ALLEGHENY JT SANI AUTH STP","OLD RTE 28","CREIGHTON","PA",9,NA,"Pennsylvania",1,c(-79.721111, 40.611667)
"5488","JEANNETTE STP","1000 S RAILROAD ST","PENN","PA",3.3,NA,"Pennsylvania",1,c(-79.627778, 40.3275)
"5489","JEANNETTE STP","1000 S RAILROAD ST","PENN","PA",3.3,NA,"Pennsylvania",1,c(-79.625, 40.325833)
"5490","JEANNETTE STP","1000 S RAILROAD ST","PENN","PA",3.3,NA,"Pennsylvania",1,c(-79.616111, 40.324167)
"5491","JEANNETTE STP","1000 S RAILROAD ST","PENN","PA",3.3,NA,"Pennsylvania",1,c(-79.629444, 40.328611)
"5492","JEANNETTE STP","1000 S RAILROAD ST","PENN","PA",3.3,NA,"Pennsylvania",1,c(-79.620556, 40.302222)
"5493","JEANNETTE STP","1000 S RAILROAD ST","PENN","PA",3.3,NA,"Pennsylvania",1,c(-79.620833, 40.300833)
"5494","GREATER GREENSBURG STP","806 ROUTE 119 SOUTH","GREENSBURG","PA",6.75,NA,NA,NA,c(-79.550556, 40.280278)
"5495","GREATER GREENSBURG STP","806 ROUTE 119 SOUTH","GREENSBURG","PA",6.75,NA,NA,NA,c(-79.55028, 40.28083)
"5496","GREATER GREENSBURG STP","806 ROUTE 119 SOUTH","GREENSBURG","PA",6.75,NA,NA,NA,c(-79.550556, 40.282083)
"5497","GREATER GREENSBURG STP","806 ROUTE 119 SOUTH","GREENSBURG","PA",6.75,NA,NA,NA,c(-79.549306, 40.286944)
"5498","GREATER GREENSBURG STP","806 ROUTE 119 SOUTH","GREENSBURG","PA",6.75,NA,NA,NA,c(-79.544722, 40.289583)
"5499","GREATER GREENSBURG STP","806 ROUTE 119 SOUTH","GREENSBURG","PA",6.75,NA,NA,NA,c(-79.545, 40.289722)
"5500","GREATER GREENSBURG STP","806 ROUTE 119 SOUTH","GREENSBURG","PA",6.75,NA,NA,NA,c(-79.543889, 40.292361)
"5501","GREATER GREENSBURG STP","806 ROUTE 119 SOUTH","GREENSBURG","PA",6.75,NA,NA,NA,c(-79.544167, 40.292361)
"5502","GREATER GREENSBURG STP","806 ROUTE 119 SOUTH","GREENSBURG","PA",6.75,NA,NA,NA,c(-79.543889, 40.293889)
"5503","GREATER GREENSBURG STP","806 ROUTE 119 SOUTH","GREENSBURG","PA",6.75,NA,NA,NA,c(-79.543611, 40.29375)
"5504","GREATER GREENSBURG STP","806 ROUTE 119 SOUTH","GREENSBURG","PA",6.75,NA,"Pennsylvania",1,c(-79.543333, 40.296389)
"5505","GREATER GREENSBURG STP","806 ROUTE 119 SOUTH","GREENSBURG","PA",6.75,NA,"Pennsylvania",1,c(-79.541667, 40.2975)
"5506","GREATER GREENSBURG STP","806 ROUTE 119 SOUTH","GREENSBURG","PA",6.75,NA,"Pennsylvania",1,c(-79.541528, 40.29875)
"5507","GREATER GREENSBURG STP","806 ROUTE 119 SOUTH","GREENSBURG","PA",6.75,NA,"Pennsylvania",1,c(-79.541528, 40.3)
"5508","GREATER GREENSBURG STP","806 ROUTE 119 SOUTH","GREENSBURG","PA",6.75,NA,"Pennsylvania",1,c(-79.54125, 40.301111)
"5509","GREATER GREENSBURG STP","806 ROUTE 119 SOUTH","GREENSBURG","PA",6.75,NA,"Pennsylvania",1,c(-79.539028, 40.302917)
"5510","GREATER GREENSBURG STP","806 ROUTE 119 SOUTH","GREENSBURG","PA",6.75,NA,"Pennsylvania",1,c(-79.538611, 40.303333)
"5511","GREATER GREENSBURG STP","806 ROUTE 119 SOUTH","GREENSBURG","PA",6.75,NA,NA,NA,c(-79.554306, 40.292222)
"5512","GREATER GREENSBURG STP","806 ROUTE 119 SOUTH","GREENSBURG","PA",6.75,NA,NA,NA,c(-79.553611, 40.291389)
"5513","GREATER GREENSBURG STP","806 ROUTE 119 SOUTH","GREENSBURG","PA",6.75,NA,"Pennsylvania",1,c(-79.541944, 40.296111)
"5514","GREATER GREENSBURG STP","806 ROUTE 119 SOUTH","GREENSBURG","PA",6.75,NA,"Pennsylvania",1,c(-79.543889, 40.296667)
"5515","GREATER GREENSBURG STP","806 ROUTE 119 SOUTH","GREENSBURG","PA",6.75,NA,NA,NA,c(-79.544722, 40.296944)
"5516","GREATER GREENSBURG STP","806 ROUTE 119 SOUTH","GREENSBURG","PA",6.75,NA,"Pennsylvania",1,c(-79.545694, 40.298056)
"5517","GREATER GREENSBURG STP","806 ROUTE 119 SOUTH","GREENSBURG","PA",6.75,NA,NA,NA,c(-79.546389, 40.297778)
"5518","GREATER GREENSBURG STP","806 ROUTE 119 SOUTH","GREENSBURG","PA",6.75,NA,"Pennsylvania",1,c(-79.546528, 40.298611)
"5519","GREATER GREENSBURG STP","806 ROUTE 119 SOUTH","GREENSBURG","PA",6.75,NA,"Pennsylvania",1,c(-79.547361, 40.299028)
"5520","GREATER GREENSBURG STP","806 ROUTE 119 SOUTH","GREENSBURG","PA",6.75,NA,"Pennsylvania",1,c(-79.547083, 40.299028)
"5521","GREATER GREENSBURG STP","806 ROUTE 119 SOUTH","GREENSBURG","PA",6.75,NA,"Pennsylvania",1,c(-79.54722, 40.29944)
"5522","GREATER GREENSBURG STP","806 ROUTE 119 SOUTH","GREENSBURG","PA",6.75,NA,"Pennsylvania",1,c(-79.547083, 40.299306)
"5523","GREATER GREENSBURG STP","806 ROUTE 119 SOUTH","GREENSBURG","PA",6.75,NA,"Pennsylvania",1,c(-79.547222, 40.299861)
"5524","GREATER GREENSBURG STP","806 ROUTE 119 SOUTH","GREENSBURG","PA",6.75,NA,"Pennsylvania",1,c(-79.5475, 40.300417)
"5525","GREATER GREENSBURG STP","806 ROUTE 119 SOUTH","GREENSBURG","PA",6.75,NA,"Pennsylvania",1,c(-79.547778, 40.300833)
"5526","GREATER GREENSBURG STP","806 ROUTE 119 SOUTH","GREENSBURG","PA",6.75,NA,"Pennsylvania",1,c(-79.548056, 40.301111)
"5527","GREATER GREENSBURG STP","806 ROUTE 119 SOUTH","GREENSBURG","PA",6.75,NA,"Pennsylvania",1,c(-79.548194, 40.301389)
"5528","GREATER GREENSBURG STP","806 ROUTE 119 SOUTH","GREENSBURG","PA",6.75,NA,"Pennsylvania",1,c(-79.548611, 40.301667)
"5529","GREATER GREENSBURG STP","806 ROUTE 119 SOUTH","GREENSBURG","PA",6.75,NA,"Pennsylvania",1,c(-79.549167, 40.302778)
"5530","GREATER GREENSBURG STP","806 ROUTE 119 SOUTH","GREENSBURG","PA",6.75,NA,"Pennsylvania",1,c(-79.549167, 40.302778)
"5531","GREATER GREENSBURG STP","806 ROUTE 119 SOUTH","GREENSBURG","PA",6.75,NA,"Pennsylvania",1,c(-79.549722, 40.303472)
"5532","GREATER GREENSBURG STP","806 ROUTE 119 SOUTH","GREENSBURG","PA",6.75,NA,"Pennsylvania",1,c(-79.549722, 40.303472)
"5533","GREATER GREENSBURG STP","806 ROUTE 119 SOUTH","GREENSBURG","PA",6.75,NA,NA,NA,c(-79.55271, 40.31075)
"5534","GREATER GREENSBURG STP","806 ROUTE 119 SOUTH","GREENSBURG","PA",6.75,NA,NA,NA,c(-79.54938, 40.30502)
"5535","GREATER GREENSBURG STP","806 ROUTE 119 SOUTH","GREENSBURG","PA",6.75,NA,"Pennsylvania",1,c(-79.54671, 40.30102)
"5536","KISKI VLY WPCA STP","1361 SCHOOL RD","LEECHBURG","PA",7,NA,"Pennsylvania",1,c(-79.563889, 40.605556)
"5537","KISKI VLY WPCA STP","1361 SCHOOL RD","LEECHBURG","PA",7,NA,"Pennsylvania",1,c(-79.552778, 40.603611)
"5538","W NEWTON BORO STP","SR 3039","WEST NEWTON","PA",0.6,NA,"Pennsylvania",1,c(-79.765833, 40.218611)
"5539","W NEWTON BORO STP","SR 3039","WEST NEWTON","PA",0.6,NA,"Pennsylvania",1,c(-79.766111, 40.216667)
"5540","W NEWTON BORO STP","SR 3039","WEST NEWTON","PA",0.6,NA,"Pennsylvania",1,c(-79.766667, 40.215833)
"5541","W NEWTON BORO STP","SR 3039","WEST NEWTON","PA",0.6,NA,"Pennsylvania",1,c(-79.767222, 40.214722)
"5542","W NEWTON BORO STP","SR 3039","WEST NEWTON","PA",0.6,NA,"Pennsylvania",1,c(-79.767778, 40.213056)
"5543","W NEWTON BORO STP","SR 3039","WEST NEWTON","PA",0.6,NA,"Pennsylvania",1,c(-79.768333, 40.211944)
"5544","W NEWTON BORO STP","SR 3039","WEST NEWTON","PA",0.6,NA,"Pennsylvania",1,c(-79.769444, 40.210833)
"5545","W NEWTON BORO STP","SR 3039","WEST NEWTON","PA",0.6,NA,"Pennsylvania",1,c(-79.77, 40.209444)
"5546","W NEWTON BORO STP","SR 3039","WEST NEWTON","PA",0.6,NA,"Pennsylvania",1,c(-79.771389, 40.21)
"5547","W NEWTON BORO STP","SR 3039","WEST NEWTON","PA",0.6,NA,"Pennsylvania",1,c(-79.770278, 40.208889)
"5548","W NEWTON BORO STP","SR 3039","WEST NEWTON","PA",0.6,NA,"Pennsylvania",1,c(-79.770556, 40.210278)
"5549","W NEWTON BORO STP","SR 3039","WEST NEWTON","PA",0.6,NA,"Pennsylvania",1,c(-79.770556, 40.205833)
"5550","W NEWTON BORO STP","SR 3039","WEST NEWTON","PA",0.6,NA,"Pennsylvania",1,c(-79.770278, 40.202778)
"5551","MINERSVILLE SEWER AUTHORITY WWTP","STATE ROUTE 901","MINERSVILLE","PA",1,NA,"Pennsylvania",1,c(-76.257222, 40.689167)
"5552","MINERSVILLE SEWER AUTHORITY WWTP","STATE ROUTE 901","MINERSVILLE","PA",1,NA,"Pennsylvania",1,c(-76.256667, 40.690833)
"5553","MINERSVILLE SEWER AUTHORITY WWTP","STATE ROUTE 901","MINERSVILLE","PA",1,NA,"Pennsylvania",1,c(-76.263889, 40.694167)
"5554","MINERSVILLE SEWER AUTHORITY WWTP","STATE ROUTE 901","MINERSVILLE","PA",1,NA,"Pennsylvania",1,c(-76.263333, 40.692778)
"5555","REYNOLDSVILLE STP","149 S 5TH ST","REYNOLDSVILLE","PA",1.477,NA,NA,NA,c(-78.891111, 41.093611)
"5556","REYNOLDSVILLE STP","149 S 5TH ST","REYNOLDSVILLE","PA",1.477,NA,NA,NA,c(-78.8925, 41.096944)
"5557","REYNOLDSVILLE STP","149 S 5TH ST","REYNOLDSVILLE","PA",1.477,NA,NA,NA,c(-78.892778, 41.096111)
"5558","REYNOLDSVILLE STP","149 S 5TH ST","REYNOLDSVILLE","PA",1.477,NA,NA,NA,c(-78.892222, 41.102778)
"5559","REYNOLDSVILLE STP","149 S 5TH ST","REYNOLDSVILLE","PA",1.477,NA,NA,NA,c(-78.886111, 41.088611)
"5560","REYNOLDSVILLE STP","149 S 5TH ST","REYNOLDSVILLE","PA",1.477,NA,NA,NA,c(-78.877222, 41.085833)
"5561","REYNOLDSVILLE STP","149 S 5TH ST","REYNOLDSVILLE","PA",1.477,NA,NA,NA,c(-78.885833, 41.091944)
"5562","CORRY WWTP","100 SCIOTA ST","CORRY","PA",3.5,NA,NA,NA,c(-79.623056, 41.9225)
"5563","CORRY WWTP","100 SCIOTA ST","CORRY","PA",3.5,NA,NA,NA,c(-79.628889, 41.925556)
"5564","CORRY WWTP","100 SCIOTA ST","CORRY","PA",3.5,NA,NA,NA,c(-79.638889, 41.925278)
"5565","DRAVOSBURG BORO STP","320 WASHINGTON AVE","DRAVOSBURG","PA",0.48,NA,"Pennsylvania",1,c(-79.884167, 40.349722)
"5566","ELIZABETH BORO STP","1 LOCUST ST","ELIZABETH","PA",1.2,NA,"Pennsylvania",1,c(-79.885, 40.276111)
"5567","ELIZABETH BORO STP","1 LOCUST ST","ELIZABETH","PA",1.2,NA,"Pennsylvania",1,c(-79.888056, 40.273611)
"5568","ELIZABETH BORO STP","1 LOCUST ST","ELIZABETH","PA",1.2,NA,"Pennsylvania",1,c(-79.888611, 40.272778)
"5569","ELIZABETH BORO STP","1 LOCUST ST","ELIZABETH","PA",1.2,NA,"Pennsylvania",1,c(-79.89, 40.271944)
"5570","ELIZABETH BORO STP","1 LOCUST ST","ELIZABETH","PA",1.2,NA,"Pennsylvania",1,c(-79.892222, 40.27)
"5571","MID-CAMERON AUTHORITY","718 S MOUNTAIN RD","EMPORIUM","PA",1,NA,NA,NA,c(-78.228611, 41.506111)
"5572","GALLITZIN BORO - WWTP","100 BLOCK COMMERCIAL LN","GALLITZIN","PA",0,NA,NA,NA,c(-78.559722, 40.488889)
"5573","GALLITZIN BORO - WWTP","100 BLOCK COMMERCIAL LN","GALLITZIN","PA",0,NA,NA,NA,c(-78.558611, 40.485)
"5574","GALLITZIN BORO - WWTP","100 BLOCK COMMERCIAL LN","GALLITZIN","PA",0,NA,NA,NA,c(-78.558056, 40.483611)
"5575","GALLITZIN BORO - WWTP","100 BLOCK COMMERCIAL LN","GALLITZIN","PA",0,NA,NA,NA,c(-78.555278, 40.483889)
"5576","GALLITZIN BORO - WWTP","100 BLOCK COMMERCIAL LN","GALLITZIN","PA",0,NA,NA,NA,c(-78.555278, 40.483333)
"5577","GALLITZIN BORO - WWTP","100 BLOCK COMMERCIAL LN","GALLITZIN","PA",0,NA,NA,NA,c(-78.552222, 40.472222)
"5578","TITUSVILLE WWTP","SPRING ST","TITUSVILLE","PA",4,NA,"Pennsylvania",1,c(-79.656667, 41.623056)
"5579","TITUSVILLE WWTP","SPRING ST","TITUSVILLE","PA",4,NA,"Pennsylvania",1,c(-79.663611, 41.624722)
"5580","TITUSVILLE WWTP","SPRING ST","TITUSVILLE","PA",4,NA,"Pennsylvania",1,c(-79.662222, 41.623889)
"5581","TITUSVILLE WWTP","SPRING ST","TITUSVILLE","PA",4,NA,"Pennsylvania",1,c(-79.673333, 41.623333)
"5582","GALETON BORO WWTP","MILL STREET","GALETON","PA",0.5,NA,"Pennsylvania",1,c(-77.634778, 41.738083)
"5583","FORD CITY BORO MUNI SEW DISPOSAL AUTH WWTP","17TH ST","FORD CITY","PA",1.3,NA,"Pennsylvania",1,c(-79.535833, 40.77)
"5584","FORD CITY BORO MUNI SEW DISPOSAL AUTH WWTP","17TH ST","FORD CITY","PA",1.3,NA,"Pennsylvania",1,c(-79.532222, 40.774167)
"5585","FORD CITY BORO MUNI SEW DISPOSAL AUTH WWTP","17TH ST","FORD CITY","PA",1.3,NA,"Pennsylvania",1,c(-79.532222, 40.774167)
"5586","FORD CITY BORO MUNI SEW DISPOSAL AUTH WWTP","17TH ST","FORD CITY","PA",1.3,NA,"Pennsylvania",1,c(-79.535833, 40.77)
"5587","FORD CITY BORO MUNI SEW DISPOSAL AUTH WWTP","17TH ST","FORD CITY","PA",1.3,NA,"Pennsylvania",1,c(-79.544167, 40.761389)
"5588","HOLLIDAYSBURG REGIONAL STP","2681 RESERVOIR ROAD","HOLLIDAYSBURG","PA",6,NA,NA,NA,c(-78.359167, 40.430278)
"5589","HOLLIDAYSBURG REGIONAL STP","2681 RESERVOIR ROAD","HOLLIDAYSBURG","PA",6,NA,NA,NA,c(-78.386389, 40.438611)
"5590","HOLLIDAYSBURG REGIONAL STP","2681 RESERVOIR ROAD","HOLLIDAYSBURG","PA",6,NA,NA,NA,c(-78.383611, 40.424444)
"5591","HOLLIDAYSBURG REGIONAL STP","2681 RESERVOIR ROAD","HOLLIDAYSBURG","PA",6,NA,NA,NA,c(-78.393333, 40.423056)
"5592","POTTSVILLE MAIN STP","MAIN PLANT","POTTSVILLE","PA",8.2,NA,NA,NA,c(-76.185, 40.683611)
"5593","POTTSVILLE MAIN STP","MAIN PLANT","POTTSVILLE","PA",8.2,NA,NA,NA,c(-76.1775, 40.685833)
"5594","POTTSVILLE MAIN STP","MAIN PLANT","POTTSVILLE","PA",8.2,NA,NA,NA,c(-76.173056, 40.6875)
"5595","POTTSVILLE MAIN STP","MAIN PLANT","POTTSVILLE","PA",8.2,NA,NA,NA,c(-76.161944, 40.692778)
"5596","POTTSVILLE MAIN STP","MAIN PLANT","POTTSVILLE","PA",8.2,NA,NA,NA,c(-76.165833, 40.695)
"5597","POTTSVILLE MAIN STP","MAIN PLANT","POTTSVILLE","PA",8.2,NA,NA,NA,c(-76.166667, 40.695278)
"5598","POTTSVILLE MAIN STP","MAIN PLANT","POTTSVILLE","PA",8.2,NA,NA,NA,c(-76.168889, 40.694722)
"5599","POTTSVILLE MAIN STP","MAIN PLANT","POTTSVILLE","PA",8.2,NA,NA,NA,c(-76.170833, 40.693889)
"5600","POTTSVILLE MAIN STP","MAIN PLANT","POTTSVILLE","PA",8.2,NA,NA,NA,c(-76.164167, 40.694444)
"5601","POTTSVILLE MAIN STP","MAIN PLANT","POTTSVILLE","PA",8.2,NA,NA,NA,c(-76.166389, 40.702778)
"5602","POTTSVILLE MAIN STP","MAIN PLANT","POTTSVILLE","PA",8.2,NA,"Pennsylvania",1,c(-76.191111, 40.681111)
"5603","POTTSVILLE MAIN STP","MAIN PLANT","POTTSVILLE","PA",8.2,NA,NA,NA,c(-76.189167, 40.683889)
"5604","POTTSVILLE MAIN STP","MAIN PLANT","POTTSVILLE","PA",8.2,NA,NA,NA,c(-76.185, 40.685556)
"5605","POTTSVILLE MAIN STP","MAIN PLANT","POTTSVILLE","PA",8.2,NA,"Pennsylvania",1,c(-76.193611, 40.683889)
"5606","POTTSVILLE MAIN STP","MAIN PLANT","POTTSVILLE","PA",8.2,NA,NA,NA,c(-76.193056, 40.686111)
"5607","POTTSVILLE MAIN STP","MAIN PLANT","POTTSVILLE","PA",8.2,NA,"Pennsylvania",1,c(-76.195556, 40.686111)
"5608","POTTSVILLE MAIN STP","MAIN PLANT","POTTSVILLE","PA",8.2,NA,"Pennsylvania",1,c(-76.198056, 40.686667)
"5609","POTTSVILLE MAIN STP","MAIN PLANT","POTTSVILLE","PA",8.2,NA,"Pennsylvania",1,c(-76.196667, 40.687778)
"5610","POTTSVILLE MAIN STP","MAIN PLANT","POTTSVILLE","PA",8.2,NA,"Pennsylvania",1,c(-76.198056, 40.69)
"5611","POTTSVILLE MAIN STP","MAIN PLANT","POTTSVILLE","PA",8.2,NA,NA,NA,c(-76.198889, 40.692778)
"5612","POTTSVILLE MAIN STP","MAIN PLANT","POTTSVILLE","PA",8.2,NA,NA,NA,c(-76.191111, 40.696111)
"5613","POTTSVILLE MAIN STP","MAIN PLANT","POTTSVILLE","PA",8.2,NA,NA,NA,c(-76.226667, 40.675833)
"5614","MAHANOY CITY MUN SEW AUTH","10 GOLDEN BEAR DR","MAHANOY CITY","PA",1.38,NA,NA,NA,c(-76.155833, 40.808611)
"5615","SHENANDOAH MUN SEW AUTH","5 MOUNT OLIVE BLVD (SR 0054)","SHENANDOAH","PA",2,NA,"Pennsylvania",1,c(-76.204, 40.814667)
"5616","SHENANDOAH MUN SEW AUTH","5 MOUNT OLIVE BLVD (SR 0054)","SHENANDOAH","PA",2,NA,"Pennsylvania",1,c(-76.198917, 40.817833)
"5617","SHENANDOAH MUN SEW AUTH","5 MOUNT OLIVE BLVD (SR 0054)","SHENANDOAH","PA",2,NA,"Pennsylvania",1,c(-76.198917, 40.818111)
"5618","SHENANDOAH MUN SEW AUTH","5 MOUNT OLIVE BLVD (SR 0054)","SHENANDOAH","PA",2,NA,"Pennsylvania",1,c(-76.198861, 40.818278)
"5619","SHENANDOAH MUN SEW AUTH","5 MOUNT OLIVE BLVD (SR 0054)","SHENANDOAH","PA",2,NA,"Pennsylvania",1,c(-76.196917, 40.819528)
"5620","SHENANDOAH MUN SEW AUTH","5 MOUNT OLIVE BLVD (SR 0054)","SHENANDOAH","PA",2,NA,"Pennsylvania",1,c(-76.195917, 40.820528)
"5621","SHENANDOAH MUN SEW AUTH","5 MOUNT OLIVE BLVD (SR 0054)","SHENANDOAH","PA",2,NA,"Pennsylvania",1,c(-76.194806, 40.820833)
"5622","SHENANDOAH MUN SEW AUTH","5 MOUNT OLIVE BLVD (SR 0054)","SHENANDOAH","PA",2,NA,"Pennsylvania",1,c(-76.193583, 40.822139)
"5623","SHENANDOAH MUN SEW AUTH","5 MOUNT OLIVE BLVD (SR 0054)","SHENANDOAH","PA",2,NA,"Pennsylvania",1,c(-76.209167, 40.819194)
"5624","SHENANDOAH MUN SEW AUTH","5 MOUNT OLIVE BLVD (SR 0054)","SHENANDOAH","PA",2,NA,"Pennsylvania",1,c(-76.208556, 40.820417)
"5625","SHENANDOAH MUN SEW AUTH","5 MOUNT OLIVE BLVD (SR 0054)","SHENANDOAH","PA",2,NA,"Pennsylvania",1,c(-76.208778, 40.820833)
"5626","SHENANDOAH MUN SEW AUTH","5 MOUNT OLIVE BLVD (SR 0054)","SHENANDOAH","PA",2,NA,"Pennsylvania",1,c(-76.208806, 40.820889)
"5627","SHENANDOAH MUN SEW AUTH","5 MOUNT OLIVE BLVD (SR 0054)","SHENANDOAH","PA",2,NA,"Pennsylvania",1,c(-76.215833, 40.819611)
"5628","SHENANDOAH MUN SEW AUTH","5 MOUNT OLIVE BLVD (SR 0054)","SHENANDOAH","PA",2,NA,"Pennsylvania",1,c(-76.208806, 40.820889)
"5629","PGH CITY COMBINED SEW OVERFLOWS","CITY OF PITTSBURGH","PITTSBURGH","PA",0,NA,"Pennsylvania",1,c(-80.043713, 40.472139)
"5630","PGH CITY COMBINED SEW OVERFLOWS","CITY OF PITTSBURGH","PITTSBURGH","PA",0,NA,NA,NA,c(-79.919167, 40.488333)
"5631","PGH CITY COMBINED SEW OVERFLOWS","CITY OF PITTSBURGH","PITTSBURGH","PA",0,NA,"Pennsylvania",1,c(-79.965833, 40.414722)
"5632","PGH CITY COMBINED SEW OVERFLOWS","CITY OF PITTSBURGH","PITTSBURGH","PA",0,NA,"Pennsylvania",1,c(-79.979722, 40.406389)
"5633","PGH CITY COMBINED SEW OVERFLOWS","CITY OF PITTSBURGH","PITTSBURGH","PA",0,NA,"Pennsylvania",1,c(-79.976944, 40.404722)
"5634","PGH CITY COMBINED SEW OVERFLOWS","CITY OF PITTSBURGH","PITTSBURGH","PA",0,NA,NA,NA,c(-80.06944, 40.43)
"5635","PGH CITY COMBINED SEW OVERFLOWS","CITY OF PITTSBURGH","PITTSBURGH","PA",0,NA,NA,NA,c(-80.064167, 40.426944)
"5636","PGH CITY COMBINED SEW OVERFLOWS","CITY OF PITTSBURGH","PITTSBURGH","PA",0,NA,NA,NA,c(-80.059736, 40.426667)
"5637","PGH CITY COMBINED SEW OVERFLOWS","CITY OF PITTSBURGH","PITTSBURGH","PA",0,NA,NA,NA,c(-80.069444, 40.43)
"5638","PGH CITY COMBINED SEW OVERFLOWS","CITY OF PITTSBURGH","PITTSBURGH","PA",0,NA,NA,NA,c(-80.066099, 40.429722)
"5639","PGH CITY COMBINED SEW OVERFLOWS","CITY OF PITTSBURGH","PITTSBURGH","PA",0,NA,NA,NA,c(-80.006111, 40.498333)
"5640","PGH CITY COMBINED SEW OVERFLOWS","CITY OF PITTSBURGH","PITTSBURGH","PA",0,NA,NA,NA,c(-80.029722, 40.423056)
"5641","PGH CITY COMBINED SEW OVERFLOWS","CITY OF PITTSBURGH","PITTSBURGH","PA",0,NA,NA,NA,c(-80.030556, 40.421667)
"5642","PGH CITY COMBINED SEW OVERFLOWS","CITY OF PITTSBURGH","PITTSBURGH","PA",0,NA,NA,NA,c(-80.031389, 40.413056)
"5643","PGH CITY COMBINED SEW OVERFLOWS","CITY OF PITTSBURGH","PITTSBURGH","PA",0,NA,NA,NA,c(-80.032222, 40.410278)
"5644","PGH CITY COMBINED SEW OVERFLOWS","CITY OF PITTSBURGH","PITTSBURGH","PA",0,NA,NA,NA,c(-80.033333, 40.407778)
"5645","PGH CITY COMBINED SEW OVERFLOWS","CITY OF PITTSBURGH","PITTSBURGH","PA",0,NA,NA,NA,c(-80.037778, 40.405833)
"5646","PGH CITY COMBINED SEW OVERFLOWS","CITY OF PITTSBURGH","PITTSBURGH","PA",0,NA,NA,NA,c(-80.023333, 40.38611)
"5647","PGH CITY COMBINED SEW OVERFLOWS","CITY OF PITTSBURGH","PITTSBURGH","PA",0,NA,NA,NA,c(-80.014978, 40.383047)
"5648","PGH CITY COMBINED SEW OVERFLOWS","CITY OF PITTSBURGH","PITTSBURGH","PA",0,NA,NA,NA,c(-80.011667, 40.3825)
"5649","PGH CITY COMBINED SEW OVERFLOWS","CITY OF PITTSBURGH","PITTSBURGH","PA",0,NA,NA,NA,c(-80.011389, 40.3825)
"5650","PGH CITY COMBINED SEW OVERFLOWS","CITY OF PITTSBURGH","PITTSBURGH","PA",0,NA,NA,NA,c(-80.010656, 40.382381)
"5651","PGH CITY COMBINED SEW OVERFLOWS","CITY OF PITTSBURGH","PITTSBURGH","PA",0,NA,NA,NA,c(-79.90501, 40.42631)
"5652","PGH CITY COMBINED SEW OVERFLOWS","CITY OF PITTSBURGH","PITTSBURGH","PA",0,NA,NA,NA,c(-79.893056, 40.4275)
"5653","PGH CITY COMBINED SEW OVERFLOWS","CITY OF PITTSBURGH","PITTSBURGH","PA",0,NA,"Pennsylvania",1,c(-80.010278, 40.414444)
"5654","PGH CITY COMBINED SEW OVERFLOWS","CITY OF PITTSBURGH","PITTSBURGH","PA",0,NA,NA,NA,c(-80.005833, 40.408333)
"5655","PGH CITY COMBINED SEW OVERFLOWS","CITY OF PITTSBURGH","PITTSBURGH","PA",0,NA,"Pennsylvania",1,c(-79.996162, 40.403733)
"5656","PGH CITY COMBINED SEW OVERFLOWS","CITY OF PITTSBURGH","PITTSBURGH","PA",0,NA,NA,NA,c(-79.999722, 40.39)
"5657","PGH CITY COMBINED SEW OVERFLOWS","CITY OF PITTSBURGH","PITTSBURGH","PA",0,NA,"Pennsylvania",1,c(-79.996954, 40.3875)
"5658","PGH CITY COMBINED SEW OVERFLOWS","CITY OF PITTSBURGH","PITTSBURGH","PA",0,NA,"Pennsylvania",1,c(-79.99616, 40.38206)
"5659","PGH CITY COMBINED SEW OVERFLOWS","CITY OF PITTSBURGH","PITTSBURGH","PA",0,NA,NA,NA,c(-79.888889, 40.428056)
"5660","PGH CITY COMBINED SEW OVERFLOWS","CITY OF PITTSBURGH","PITTSBURGH","PA",0,NA,NA,NA,c(-80.01, 40.381944)
"5661","PGH CITY COMBINED SEW OVERFLOWS","CITY OF PITTSBURGH","PITTSBURGH","PA",0,NA,"Pennsylvania",1,c(-79.9325, 40.383056)
"5662","PGH CITY COMBINED SEW OVERFLOWS","CITY OF PITTSBURGH","PITTSBURGH","PA",0,NA,NA,NA,c(-79.916111, 40.371944)
"5663","PGH CITY COMBINED SEW OVERFLOWS","CITY OF PITTSBURGH","PITTSBURGH","PA",0,NA,NA,NA,c(-79.917196, 40.372408)
"5664","PGH CITY COMBINED SEW OVERFLOWS","CITY OF PITTSBURGH","PITTSBURGH","PA",0,NA,NA,NA,c(-79.993395, 40.379371)
"5665","PGH CITY COMBINED SEW OVERFLOWS","CITY OF PITTSBURGH","PITTSBURGH","PA",0,NA,NA,NA,c(-80.007762, 40.438827)
"5666","PGH CITY COMBINED SEW OVERFLOWS","CITY OF PITTSBURGH","PITTSBURGH","PA",0,NA,NA,NA,c(-80.006127, 40.438114)
"5667","PGH CITY COMBINED SEW OVERFLOWS","CITY OF PITTSBURGH","PITTSBURGH","PA",0,NA,NA,NA,c(-80.003048, 40.436925)
"5668","PGH CITY COMBINED SEW OVERFLOWS","CITY OF PITTSBURGH","PITTSBURGH","PA",0,NA,NA,NA,c(-80.000833, 40.435833)
"5669","PGH CITY COMBINED SEW OVERFLOWS","CITY OF PITTSBURGH","PITTSBURGH","PA",0,NA,NA,NA,c(-79.999433, 40.435377)
"5670","PGH CITY COMBINED SEW OVERFLOWS","CITY OF PITTSBURGH","PITTSBURGH","PA",0,NA,NA,NA,c(-79.99712, 40.434267)
"5671","PGH CITY COMBINED SEW OVERFLOWS","CITY OF PITTSBURGH","PITTSBURGH","PA",0,NA,NA,NA,c(-79.999368, 40.432155)
"5672","PGH CITY COMBINED SEW OVERFLOWS","CITY OF PITTSBURGH","PITTSBURGH","PA",0,NA,NA,NA,c(-79.995196, 40.431417)
"5673","PGH CITY COMBINED SEW OVERFLOWS","CITY OF PITTSBURGH","PITTSBURGH","PA",0,NA,NA,NA,c(-79.993702, 40.431406)
"5674","PGH CITY COMBINED SEW OVERFLOWS","CITY OF PITTSBURGH","PITTSBURGH","PA",0,NA,NA,NA,c(-79.991196, 40.431429)
"5675","PGH CITY COMBINED SEW OVERFLOWS","CITY OF PITTSBURGH","PITTSBURGH","PA",0,NA,NA,NA,c(-79.988836, 40.431661)
"5676","PGH CITY COMBINED SEW OVERFLOWS","CITY OF PITTSBURGH","PITTSBURGH","PA",0,NA,NA,NA,c(-79.987679, 40.431785)
"5677","PGH CITY COMBINED SEW OVERFLOWS","CITY OF PITTSBURGH","PITTSBURGH","PA",0,NA,NA,NA,c(-79.985549, 40.432005)
"5678","PGH CITY COMBINED SEW OVERFLOWS","CITY OF PITTSBURGH","PITTSBURGH","PA",0,NA,NA,NA,c(-79.983375, 40.432213)
"5679","PGH CITY COMBINED SEW OVERFLOWS","CITY OF PITTSBURGH","PITTSBURGH","PA",0,NA,NA,NA,c(-80.032765, 40.452503)
"5680","PGH CITY COMBINED SEW OVERFLOWS","CITY OF PITTSBURGH","PITTSBURGH","PA",0,NA,NA,NA,c(-80.031694, 40.451426)
"5681","PGH CITY COMBINED SEW OVERFLOWS","CITY OF PITTSBURGH","PITTSBURGH","PA",0,NA,NA,NA,c(-80.029729, 40.449604)
"5682","PGH CITY COMBINED SEW OVERFLOWS","CITY OF PITTSBURGH","PITTSBURGH","PA",0,NA,NA,NA,c(-80.026517, 40.447688)
"5683","PGH CITY COMBINED SEW OVERFLOWS","CITY OF PITTSBURGH","PITTSBURGH","PA",0,NA,NA,NA,c(-80.024803, 40.446912)
"5684","PGH CITY COMBINED SEW OVERFLOWS","CITY OF PITTSBURGH","PITTSBURGH","PA",0,NA,NA,NA,c(-80.019393, 40.445532)
"5685","PGH CITY COMBINED SEW OVERFLOWS","CITY OF PITTSBURGH","PITTSBURGH","PA",0,NA,NA,NA,c(-80.026911, 40.444553)
"5686","PGH CITY COMBINED SEW OVERFLOWS","CITY OF PITTSBURGH","PITTSBURGH","PA",0,NA,NA,NA,c(-80.026846, 40.444515)
"5687","PGH CITY COMBINED SEW OVERFLOWS","CITY OF PITTSBURGH","PITTSBURGH","PA",0,NA,"Pennsylvania",1,c(-80.02835, 40.444203)
"5688","PGH CITY COMBINED SEW OVERFLOWS","CITY OF PITTSBURGH","PITTSBURGH","PA",0,NA,NA,NA,c(-80.007222, 40.445556)
"5689","PGH CITY COMBINED SEW OVERFLOWS","CITY OF PITTSBURGH","PITTSBURGH","PA",0,NA,NA,NA,c(-80.005556, 40.445833)
"5690","PGH CITY COMBINED SEW OVERFLOWS","CITY OF PITTSBURGH","PITTSBURGH","PA",0,NA,"Pennsylvania",1,c(-80.003568, 40.446661)
"5691","PGH CITY COMBINED SEW OVERFLOWS","CITY OF PITTSBURGH","PITTSBURGH","PA",0,NA,"Pennsylvania",1,c(-80.002222, 40.446944)
"5692","PGH CITY COMBINED SEW OVERFLOWS","CITY OF PITTSBURGH","PITTSBURGH","PA",0,NA,"Pennsylvania",1,c(-80.000576, 40.447489)
"5693","PGH CITY COMBINED SEW OVERFLOWS","CITY OF PITTSBURGH","PITTSBURGH","PA",0,NA,NA,NA,c(-80.008052, 40.443235)
"5694","PGH CITY COMBINED SEW OVERFLOWS","CITY OF PITTSBURGH","PITTSBURGH","PA",0,NA,NA,NA,c(-80.006864, 40.443538)
"5695","PGH CITY COMBINED SEW OVERFLOWS","CITY OF PITTSBURGH","PITTSBURGH","PA",0,NA,NA,NA,c(-80.005829, 40.443763)
"5696","PGH CITY COMBINED SEW OVERFLOWS","CITY OF PITTSBURGH","PITTSBURGH","PA",0,NA,NA,NA,c(-80.004905, 40.443982)
"5697","PGH CITY COMBINED SEW OVERFLOWS","CITY OF PITTSBURGH","PITTSBURGH","PA",0,NA,NA,NA,c(-80.005, 40.443889)
"5698","PGH CITY COMBINED SEW OVERFLOWS","CITY OF PITTSBURGH","PITTSBURGH","PA",0,NA,NA,NA,c(-80.00389, 40.44422)
"5699","PGH CITY COMBINED SEW OVERFLOWS","CITY OF PITTSBURGH","PITTSBURGH","PA",0,NA,NA,NA,c(-80.003433, 40.444328)
"5700","PGH CITY COMBINED SEW OVERFLOWS","CITY OF PITTSBURGH","PITTSBURGH","PA",0,NA,NA,NA,c(-80.002065, 40.444714)
"5701","PGH CITY COMBINED SEW OVERFLOWS","CITY OF PITTSBURGH","PITTSBURGH","PA",0,NA,NA,NA,c(-80.001579, 40.444877)
"5702","PGH CITY COMBINED SEW OVERFLOWS","CITY OF PITTSBURGH","PITTSBURGH","PA",0,NA,NA,NA,c(-80.001068, 40.445053)
"5703","PGH CITY COMBINED SEW OVERFLOWS","CITY OF PITTSBURGH","PITTSBURGH","PA",0,NA,NA,NA,c(-80.000181, 40.445292)
"5704","PGH CITY COMBINED SEW OVERFLOWS","CITY OF PITTSBURGH","PITTSBURGH","PA",0,NA,"Pennsylvania",1,c(-79.993397, 40.450891)
"5705","PGH CITY COMBINED SEW OVERFLOWS","CITY OF PITTSBURGH","PITTSBURGH","PA",0,NA,"Pennsylvania",1,c(-79.991909, 40.452296)
"5706","PGH CITY COMBINED SEW OVERFLOWS","CITY OF PITTSBURGH","PITTSBURGH","PA",0,NA,NA,NA,c(-79.988383, 40.451743)
"5707","PGH CITY COMBINED SEW OVERFLOWS","CITY OF PITTSBURGH","PITTSBURGH","PA",0,NA,"Pennsylvania",1,c(-79.99762, 40.448693)
"5708","PGH CITY COMBINED SEW OVERFLOWS","CITY OF PITTSBURGH","PITTSBURGH","PA",0,NA,"Pennsylvania",1,c(-79.995349, 40.449824)
"5709","PGH CITY COMBINED SEW OVERFLOWS","CITY OF PITTSBURGH","PITTSBURGH","PA",0,NA,"Pennsylvania",1,c(-79.995663, 40.449444)
"5710","PGH CITY COMBINED SEW OVERFLOWS","CITY OF PITTSBURGH","PITTSBURGH","PA",0,NA,NA,NA,c(-79.993056, 40.448333)
"5711","PGH CITY COMBINED SEW OVERFLOWS","CITY OF PITTSBURGH","PITTSBURGH","PA",0,NA,NA,NA,c(-79.992024, 40.449338)
"5712","PGH CITY COMBINED SEW OVERFLOWS","CITY OF PITTSBURGH","PITTSBURGH","PA",0,NA,NA,NA,c(-79.999067, 40.445636)
"5713","PGH CITY COMBINED SEW OVERFLOWS","CITY OF PITTSBURGH","PITTSBURGH","PA",0,NA,NA,NA,c(-79.998362, 40.445919)
"5714","PGH CITY COMBINED SEW OVERFLOWS","CITY OF PITTSBURGH","PITTSBURGH","PA",0,NA,NA,NA,c(-79.996732, 40.446625)
"5715","PGH CITY COMBINED SEW OVERFLOWS","CITY OF PITTSBURGH","PITTSBURGH","PA",0,NA,NA,NA,c(-79.995239, 40.447218)
"5716","PGH CITY COMBINED SEW OVERFLOWS","CITY OF PITTSBURGH","PITTSBURGH","PA",0,NA,NA,NA,c(-79.994486, 40.447771)
"5717","PGH CITY COMBINED SEW OVERFLOWS","CITY OF PITTSBURGH","PITTSBURGH","PA",0,NA,NA,NA,c(-79.97294, 40.434234)
"5718","PGH CITY COMBINED SEW OVERFLOWS","CITY OF PITTSBURGH","PITTSBURGH","PA",0,NA,NA,NA,c(-79.968573, 40.433436)
"5719","PGH CITY COMBINED SEW OVERFLOWS","CITY OF PITTSBURGH","PITTSBURGH","PA",0,NA,NA,NA,c(-79.981728, 40.432157)
"5720","PGH CITY COMBINED SEW OVERFLOWS","CITY OF PITTSBURGH","PITTSBURGH","PA",0,NA,NA,NA,c(-79.980225, 40.432294)
"5721","PGH CITY COMBINED SEW OVERFLOWS","CITY OF PITTSBURGH","PITTSBURGH","PA",0,NA,NA,NA,c(-79.978767, 40.432589)
"5722","PGH CITY COMBINED SEW OVERFLOWS","CITY OF PITTSBURGH","PITTSBURGH","PA",0,NA,NA,NA,c(-79.977228, 40.432697)
"5723","PGH CITY COMBINED SEW OVERFLOWS","CITY OF PITTSBURGH","PITTSBURGH","PA",0,NA,NA,NA,c(-79.975954, 40.432438)
"5724","PGH CITY COMBINED SEW OVERFLOWS","CITY OF PITTSBURGH","PITTSBURGH","PA",0,NA,NA,NA,c(-79.974501, 40.432418)
"5725","PGH CITY COMBINED SEW OVERFLOWS","CITY OF PITTSBURGH","PITTSBURGH","PA",0,NA,NA,NA,c(-79.972619, 40.431812)
"5726","PGH CITY COMBINED SEW OVERFLOWS","CITY OF PITTSBURGH","PITTSBURGH","PA",0,NA,NA,NA,c(-79.970556, 40.430833)
"5727","PGH CITY COMBINED SEW OVERFLOWS","CITY OF PITTSBURGH","PITTSBURGH","PA",0,NA,NA,NA,c(-79.968429, 40.430601)
"5728","PGH CITY COMBINED SEW OVERFLOWS","CITY OF PITTSBURGH","PITTSBURGH","PA",0,NA,NA,NA,c(-79.967067, 40.430252)
"5729","PGH CITY COMBINED SEW OVERFLOWS","CITY OF PITTSBURGH","PITTSBURGH","PA",0,NA,"Pennsylvania",1,c(-80.048056, 40.460278)
"5730","PGH CITY COMBINED SEW OVERFLOWS","CITY OF PITTSBURGH","PITTSBURGH","PA",0,NA,NA,NA,c(-80.034817, 40.459417)
"5731","PGH CITY COMBINED SEW OVERFLOWS","CITY OF PITTSBURGH","PITTSBURGH","PA",0,NA,NA,NA,c(-80.034817, 40.459417)
"5732","PGH CITY COMBINED SEW OVERFLOWS","CITY OF PITTSBURGH","PITTSBURGH","PA",0,NA,NA,NA,c(-80.034798, 40.458649)
"5733","PGH CITY COMBINED SEW OVERFLOWS","CITY OF PITTSBURGH","PITTSBURGH","PA",0,NA,"Pennsylvania",1,c(-80.042778, 40.456111)
"5734","PGH CITY COMBINED SEW OVERFLOWS","CITY OF PITTSBURGH","PITTSBURGH","PA",0,NA,NA,NA,c(-80.034636, 40.457414)
"5735","PGH CITY COMBINED SEW OVERFLOWS","CITY OF PITTSBURGH","PITTSBURGH","PA",0,NA,NA,NA,c(-80.034556, 40.45642)
"5736","PGH CITY COMBINED SEW OVERFLOWS","CITY OF PITTSBURGH","PITTSBURGH","PA",0,NA,"Pennsylvania",1,c(-80.04, 40.453889)
"5737","PGH CITY COMBINED SEW OVERFLOWS","CITY OF PITTSBURGH","PITTSBURGH","PA",0,NA,NA,NA,c(-80.034318, 40.454448)
"5738","PGH CITY COMBINED SEW OVERFLOWS","CITY OF PITTSBURGH","PITTSBURGH","PA",0,NA,NA,NA,c(-80.033931, 40.453648)
"5739","PGH CITY COMBINED SEW OVERFLOWS","CITY OF PITTSBURGH","PITTSBURGH","PA",0,NA,NA,NA,c(-79.987265, 40.456019)
"5740","PGH CITY COMBINED SEW OVERFLOWS","CITY OF PITTSBURGH","PITTSBURGH","PA",0,NA,NA,NA,c(-79.983334, 40.455589)
"5741","PGH CITY COMBINED SEW OVERFLOWS","CITY OF PITTSBURGH","PITTSBURGH","PA",0,NA,NA,NA,c(-79.989996, 40.453953)
"5742","PGH CITY COMBINED SEW OVERFLOWS","CITY OF PITTSBURGH","PITTSBURGH","PA",0,NA,NA,NA,c(-79.986501, 40.453188)
"5743","PGH CITY COMBINED SEW OVERFLOWS","CITY OF PITTSBURGH","PITTSBURGH","PA",0,NA,NA,NA,c(-79.984935, 40.454443)
"5744","PGH CITY COMBINED SEW OVERFLOWS","CITY OF PITTSBURGH","PITTSBURGH","PA",0,NA,NA,NA,c(-79.984111, 40.455025)
"5745","PGH CITY COMBINED SEW OVERFLOWS","CITY OF PITTSBURGH","PITTSBURGH","PA",0,NA,NA,NA,c(-79.982093, 40.460314)
"5746","PGH CITY COMBINED SEW OVERFLOWS","CITY OF PITTSBURGH","PITTSBURGH","PA",0,NA,NA,NA,c(-79.977126, 40.460297)
"5747","PGH CITY COMBINED SEW OVERFLOWS","CITY OF PITTSBURGH","PITTSBURGH","PA",0,NA,NA,NA,c(-79.976034, 40.461273)
"5748","PGH CITY COMBINED SEW OVERFLOWS","CITY OF PITTSBURGH","PITTSBURGH","PA",0,NA,NA,NA,c(-79.979733, 40.458153)
"5749","PGH CITY COMBINED SEW OVERFLOWS","CITY OF PITTSBURGH","PITTSBURGH","PA",0,NA,NA,NA,c(-79.97849, 40.459227)
"5750","PGH CITY COMBINED SEW OVERFLOWS","CITY OF PITTSBURGH","PITTSBURGH","PA",0,NA,NA,NA,c(-79.982565, 40.456192)
"5751","PGH CITY COMBINED SEW OVERFLOWS","CITY OF PITTSBURGH","PITTSBURGH","PA",0,NA,NA,NA,c(-79.981164, 40.457141)
"5752","PGH CITY COMBINED SEW OVERFLOWS","CITY OF PITTSBURGH","PITTSBURGH","PA",0,NA,NA,NA,c(-79.960662, 40.429921)
"5753","PGH CITY COMBINED SEW OVERFLOWS","CITY OF PITTSBURGH","PITTSBURGH","PA",0,NA,NA,NA,c(-79.961117, 40.426907)
"5754","PGH CITY COMBINED SEW OVERFLOWS","CITY OF PITTSBURGH","PITTSBURGH","PA",0,NA,NA,NA,c(-79.958233, 40.42418)
"5755","PGH CITY COMBINED SEW OVERFLOWS","CITY OF PITTSBURGH","PITTSBURGH","PA",0,NA,"Pennsylvania",1,c(-79.954523, 40.424545)
"5756","PGH CITY COMBINED SEW OVERFLOWS","CITY OF PITTSBURGH","PITTSBURGH","PA",0,NA,"Pennsylvania",1,c(-79.951821, 40.418181)
"5757","PGH CITY COMBINED SEW OVERFLOWS","CITY OF PITTSBURGH","PITTSBURGH","PA",0,NA,"Pennsylvania",1,c(-79.951764, 40.41801)
"5758","PGH CITY COMBINED SEW OVERFLOWS","CITY OF PITTSBURGH","PITTSBURGH","PA",0,NA,"Pennsylvania",1,c(-79.951667, 40.413056)
"5759","PGH CITY COMBINED SEW OVERFLOWS","CITY OF PITTSBURGH","PITTSBURGH","PA",0,NA,"Pennsylvania",1,c(-79.951448, 40.411365)
"5760","PGH CITY COMBINED SEW OVERFLOWS","CITY OF PITTSBURGH","PITTSBURGH","PA",0,NA,NA,NA,c(-80.082743, 40.412555)
"5761","PGH CITY COMBINED SEW OVERFLOWS","CITY OF PITTSBURGH","PITTSBURGH","PA",0,NA,NA,NA,c(-80.084126, 40.411663)
"5762","PGH CITY COMBINED SEW OVERFLOWS","CITY OF PITTSBURGH","PITTSBURGH","PA",0,NA,NA,NA,c(-80.086117, 40.410737)
"5763","PGH CITY COMBINED SEW OVERFLOWS","CITY OF PITTSBURGH","PITTSBURGH","PA",0,NA,"Pennsylvania",1,c(-80.05, 40.461667)
"5764","PGH CITY COMBINED SEW OVERFLOWS","CITY OF PITTSBURGH","PITTSBURGH","PA",0,NA,"Pennsylvania",1,c(-80.05966, 40.463799)
"5765","PGH CITY COMBINED SEW OVERFLOWS","CITY OF PITTSBURGH","PITTSBURGH","PA",0,NA,"Pennsylvania",1,c(-80.053793, 40.464689)
"5766","PGH CITY COMBINED SEW OVERFLOWS","CITY OF PITTSBURGH","PITTSBURGH","PA",0,NA,"Pennsylvania",1,c(-80.056865, 40.463686)
"5767","PGH CITY COMBINED SEW OVERFLOWS","CITY OF PITTSBURGH","PITTSBURGH","PA",0,NA,"Pennsylvania",1,c(-80.053333, 40.464444)
"5768","PGH CITY COMBINED SEW OVERFLOWS","CITY OF PITTSBURGH","PITTSBURGH","PA",0,NA,"Pennsylvania",1,c(-80.051249, 40.46295)
"5769","PGH CITY COMBINED SEW OVERFLOWS","CITY OF PITTSBURGH","PITTSBURGH","PA",0,NA,"Pennsylvania",1,c(-80.037206, 40.463192)
"5770","PGH CITY COMBINED SEW OVERFLOWS","CITY OF PITTSBURGH","PITTSBURGH","PA",0,NA,NA,NA,c(-79.968348, 40.470071)
"5771","PGH CITY COMBINED SEW OVERFLOWS","CITY OF PITTSBURGH","PITTSBURGH","PA",0,NA,NA,NA,c(-79.966578, 40.472151)
"5772","PGH CITY COMBINED SEW OVERFLOWS","CITY OF PITTSBURGH","PITTSBURGH","PA",0,NA,NA,NA,c(-79.976738, 40.467681)
"5773","PGH CITY COMBINED SEW OVERFLOWS","CITY OF PITTSBURGH","PITTSBURGH","PA",0,NA,NA,NA,c(-79.973333, 40.469167)
"5774","PGH CITY COMBINED SEW OVERFLOWS","CITY OF PITTSBURGH","PITTSBURGH","PA",0,NA,NA,NA,c(-79.970456, 40.467523)
"5775","PGH CITY COMBINED SEW OVERFLOWS","CITY OF PITTSBURGH","PITTSBURGH","PA",0,NA,NA,NA,c(-79.972652, 40.464783)
"5776","PGH CITY COMBINED SEW OVERFLOWS","CITY OF PITTSBURGH","PITTSBURGH","PA",0,NA,NA,NA,c(-79.98, 40.463333)
"5777","PGH CITY COMBINED SEW OVERFLOWS","CITY OF PITTSBURGH","PITTSBURGH","PA",0,NA,NA,NA,c(-79.979142, 40.464662)
"5778","PGH CITY COMBINED SEW OVERFLOWS","CITY OF PITTSBURGH","PITTSBURGH","PA",0,NA,NA,NA,c(-79.974696, 40.462612)
"5779","PGH CITY COMBINED SEW OVERFLOWS","CITY OF PITTSBURGH","PITTSBURGH","PA",0,NA,NA,NA,c(-79.973639, 40.463721)
"5780","PGH CITY COMBINED SEW OVERFLOWS","CITY OF PITTSBURGH","PITTSBURGH","PA",0,NA,"Pennsylvania",1,c(-79.949167, 40.404167)
"5781","PGH CITY COMBINED SEW OVERFLOWS","CITY OF PITTSBURGH","PITTSBURGH","PA",0,NA,"Pennsylvania",1,c(-79.943172, 40.398991)
"5782","PGH CITY COMBINED SEW OVERFLOWS","CITY OF PITTSBURGH","PITTSBURGH","PA",0,NA,"Pennsylvania",1,c(-79.941377, 40.398477)
"5783","PGH CITY COMBINED SEW OVERFLOWS","CITY OF PITTSBURGH","PITTSBURGH","PA",0,NA,"Pennsylvania",1,c(-79.936338, 40.398769)
"5784","PGH CITY COMBINED SEW OVERFLOWS","CITY OF PITTSBURGH","PITTSBURGH","PA",0,NA,"Pennsylvania",1,c(-80.001015, 40.402048)
"5785","PGH CITY COMBINED SEW OVERFLOWS","CITY OF PITTSBURGH","PITTSBURGH","PA",0,NA,"Pennsylvania",1,c(-80.001154, 40.402042)
"5786","PGH CITY COMBINED SEW OVERFLOWS","CITY OF PITTSBURGH","PITTSBURGH","PA",0,NA,NA,NA,c(-80.074963, 40.420746)
"5787","PGH CITY COMBINED SEW OVERFLOWS","CITY OF PITTSBURGH","PITTSBURGH","PA",0,NA,NA,NA,c(-80.075236, 40.41879)
"5788","PGH CITY COMBINED SEW OVERFLOWS","CITY OF PITTSBURGH","PITTSBURGH","PA",0,NA,NA,NA,c(-80.075724, 40.418009)
"5789","PGH CITY COMBINED SEW OVERFLOWS","CITY OF PITTSBURGH","PITTSBURGH","PA",0,NA,NA,NA,c(-80.076465, 40.417327)
"5790","PGH CITY COMBINED SEW OVERFLOWS","CITY OF PITTSBURGH","PITTSBURGH","PA",0,NA,NA,NA,c(-80.081447, 40.440161)
"5791","PGH CITY COMBINED SEW OVERFLOWS","CITY OF PITTSBURGH","PITTSBURGH","PA",0,NA,NA,NA,c(-80.070093, 40.460258)
"5792","PGH CITY COMBINED SEW OVERFLOWS","CITY OF PITTSBURGH","PITTSBURGH","PA",0,NA,"Pennsylvania",1,c(-80.073142, 40.46152)
"5793","PGH CITY COMBINED SEW OVERFLOWS","CITY OF PITTSBURGH","PITTSBURGH","PA",0,NA,"Pennsylvania",1,c(-80.074722, 40.463056)
"5794","PGH CITY COMBINED SEW OVERFLOWS","CITY OF PITTSBURGH","PITTSBURGH","PA",0,NA,NA,NA,c(-80.046944, 40.479444)
"5795","PGH CITY COMBINED SEW OVERFLOWS","CITY OF PITTSBURGH","PITTSBURGH","PA",0,NA,"Pennsylvania",1,c(-80.033333, 40.474444)
"5796","PGH CITY COMBINED SEW OVERFLOWS","CITY OF PITTSBURGH","PITTSBURGH","PA",0,NA,NA,NA,c(-79.961516, 40.479936)
"5797","PGH CITY COMBINED SEW OVERFLOWS","CITY OF PITTSBURGH","PITTSBURGH","PA",0,NA,NA,NA,c(-79.959744, 40.481259)
"5798","PGH CITY COMBINED SEW OVERFLOWS","CITY OF PITTSBURGH","PITTSBURGH","PA",0,NA,NA,NA,c(-79.962246, 40.479122)
"5799","PGH CITY COMBINED SEW OVERFLOWS","CITY OF PITTSBURGH","PITTSBURGH","PA",0,NA,NA,NA,c(-79.965584, 40.473992)
"5800","PGH CITY COMBINED SEW OVERFLOWS","CITY OF PITTSBURGH","PITTSBURGH","PA",0,NA,NA,NA,c(-79.916667, 40.416944)
"5801","PGH CITY COMBINED SEW OVERFLOWS","CITY OF PITTSBURGH","PITTSBURGH","PA",0,NA,NA,NA,c(-79.916944, 40.415556)
"5802","PGH CITY COMBINED SEW OVERFLOWS","CITY OF PITTSBURGH","PITTSBURGH","PA",0,NA,"Pennsylvania",1,c(-79.92, 40.411389)
"5803","PGH CITY COMBINED SEW OVERFLOWS","CITY OF PITTSBURGH","PITTSBURGH","PA",0,NA,NA,NA,c(-80.016944, 40.385278)
"5804","PGH CITY COMBINED SEW OVERFLOWS","CITY OF PITTSBURGH","PITTSBURGH","PA",0,NA,NA,NA,c(-80.08414, 40.420818)
"5805","PGH CITY COMBINED SEW OVERFLOWS","CITY OF PITTSBURGH","PITTSBURGH","PA",0,NA,NA,NA,c(-80.08414, 40.420818)
"5806","PGH CITY COMBINED SEW OVERFLOWS","CITY OF PITTSBURGH","PITTSBURGH","PA",0,NA,NA,NA,c(-80.089167, 40.449167)
"5807","PGH CITY COMBINED SEW OVERFLOWS","CITY OF PITTSBURGH","PITTSBURGH","PA",0,NA,NA,NA,c(-80.085989, 40.444294)
"5808","PGH CITY COMBINED SEW OVERFLOWS","CITY OF PITTSBURGH","PITTSBURGH","PA",0,NA,NA,NA,c(-80.086443, 40.459975)
"5809","PGH CITY COMBINED SEW OVERFLOWS","CITY OF PITTSBURGH","PITTSBURGH","PA",0,NA,NA,NA,c(-79.953847, 40.485011)
"5810","PGH CITY COMBINED SEW OVERFLOWS","CITY OF PITTSBURGH","PITTSBURGH","PA",0,NA,NA,NA,c(-79.952346, 40.485486)
"5811","PGH CITY COMBINED SEW OVERFLOWS","CITY OF PITTSBURGH","PITTSBURGH","PA",0,NA,NA,NA,c(-79.957711, 40.482891)
"5812","PGH CITY COMBINED SEW OVERFLOWS","CITY OF PITTSBURGH","PITTSBURGH","PA",0,NA,NA,NA,c(-79.955718, 40.483836)
"5813","PGH CITY COMBINED SEW OVERFLOWS","CITY OF PITTSBURGH","PITTSBURGH","PA",0,NA,NA,NA,c(-79.93815, 40.489863)
"5814","PGH CITY COMBINED SEW OVERFLOWS","CITY OF PITTSBURGH","PITTSBURGH","PA",0,NA,NA,NA,c(-79.935677, 40.490201)
"5815","PGH CITY COMBINED SEW OVERFLOWS","CITY OF PITTSBURGH","PITTSBURGH","PA",0,NA,NA,NA,c(-79.935201, 40.490285)
"5816","PGH CITY COMBINED SEW OVERFLOWS","CITY OF PITTSBURGH","PITTSBURGH","PA",0,NA,NA,NA,c(-79.948282, 40.486912)
"5817","PGH CITY COMBINED SEW OVERFLOWS","CITY OF PITTSBURGH","PITTSBURGH","PA",0,NA,NA,NA,c(-79.930279, 40.490198)
"5818","PGH CITY COMBINED SEW OVERFLOWS","CITY OF PITTSBURGH","PITTSBURGH","PA",0,NA,NA,NA,c(-79.922998, 40.489238)
"5819","PGH CITY COMBINED SEW OVERFLOWS","CITY OF PITTSBURGH","PITTSBURGH","PA",0,NA,NA,NA,c(-79.918613, 40.488084)
"5820","PGH CITY COMBINED SEW OVERFLOWS","CITY OF PITTSBURGH","PITTSBURGH","PA",0,NA,NA,NA,c(-79.914595, 40.487845)
"5821","PGH CITY COMBINED SEW OVERFLOWS","CITY OF PITTSBURGH","PITTSBURGH","PA",0,NA,NA,NA,c(-79.908611, 40.424167)
"5822","PGH CITY COMBINED SEW OVERFLOWS","CITY OF PITTSBURGH","PITTSBURGH","PA",0,NA,NA,NA,c(-79.907778, 40.424444)
"5823","PGH CITY COMBINED SEW OVERFLOWS","CITY OF PITTSBURGH","PITTSBURGH","PA",0,NA,NA,NA,c(-79.910278, 40.4225)
"5824","PGH CITY COMBINED SEW OVERFLOWS","CITY OF PITTSBURGH","PITTSBURGH","PA",0,NA,NA,NA,c(-79.914644, 40.41545)
"5825","PGH CITY COMBINED SEW OVERFLOWS","CITY OF PITTSBURGH","PITTSBURGH","PA",0,NA,"Pennsylvania",1,c(-79.996111, 40.376944)
"5826","PGH CITY COMBINED SEW OVERFLOWS","CITY OF PITTSBURGH","PITTSBURGH","PA",0,NA,"Pennsylvania",1,c(-80.03362, 40.436127)
"5827","LEET TWP MUN AUTH - SEW COLL SYS","BEECH ST","LEET TWP","PA",0,NA,NA,NA,c(-80.218889, 40.579444)
"5828","SALTSBURG STP","HIGH ST","SALTSBURG","PA",0.2,NA,NA,NA,c(-79.448667, 40.482111)
"5829","SALTSBURG STP","HIGH ST","SALTSBURG","PA",0.2,NA,NA,NA,c(-79.451222, 40.4835)
"5830","SALTSBURG STP","HIGH ST","SALTSBURG","PA",0.2,NA,NA,NA,c(-79.452556, 40.484167)
"5831","SALTSBURG STP","HIGH ST","SALTSBURG","PA",0.2,NA,NA,NA,c(-79.452861, 40.484806)
"5832","SALTSBURG STP","HIGH ST","SALTSBURG","PA",0.2,NA,NA,NA,c(-79.452722, 40.486139)
"5833","PORT VUE BORO SEW SYS","1191 ROMINE AVE","PORT VUE, BOROUGH OF","PA",0,NA,NA,NA,c(-79.853056, 40.330833)
"5834","PORT VUE BORO SEW SYS","1191 ROMINE AVE","PORT VUE, BOROUGH OF","PA",0,NA,"Pennsylvania",1,c(-79.851667, 40.334444)
"5835","PORT VUE BORO SEW SYS","1191 ROMINE AVE","PORT VUE, BOROUGH OF","PA",0,NA,NA,NA,c(-79.871944, 40.343611)
"5836","PORT VUE BORO SEW SYS","1191 ROMINE AVE","PORT VUE, BOROUGH OF","PA",0,NA,NA,NA,c(-79.864167, 40.339444)
"5837","EASTON CITY CSOS AND PUMP STATIONS","123 S 3RD ST","EASTON","PA",0,NA,"Pennsylvania",1,c(-75.205556, 40.692778)
"5838","EASTON CITY CSOS AND PUMP STATIONS","123 S 3RD ST","EASTON","PA",0,NA,"Pennsylvania",1,c(-75.2075, 40.6875)
"5839","LACKAWANNA RIVER BASIN SEW AUTH MOOSIC CSO","REAR 189 MAIN ST","MOOSIC","PA",0,NA,NA,NA,c(-75.736111, 41.355)
"5840","LACKAWANNA RIVER BASIN SEW AUTH MOOSIC CSO","REAR 189 MAIN ST","MOOSIC","PA",0,NA,NA,NA,c(-75.72425, 41.362556)
"5841","LACKAWANNA RIVER BASIN SEW AUTH MOOSIC CSO","REAR 189 MAIN ST","MOOSIC","PA",0,NA,NA,NA,c(-75.705833, 41.378333)
"5842","STEELTON BORO SANITARY SEWERS","SOUTH FRONT STREET","STEELTON","PA",NA,NA,"Pennsylvania",1,c(-76.848667, 40.233722)
"5843","STEELTON BORO SANITARY SEWERS","SOUTH FRONT STREET","STEELTON","PA",NA,NA,NA,NA,c(-76.830278, 40.221944)
"5844","STEELTON BORO SANITARY SEWERS","SOUTH FRONT STREET","STEELTON","PA",NA,NA,NA,NA,c(-76.810611, 40.212222)
"5845","STEELTON BORO SANITARY SEWERS","SOUTH FRONT STREET","STEELTON","PA",NA,NA,"Pennsylvania",1,c(-76.80325, 40.209833)
"5846","PITCAIRN BORO SEW SYS","582 6TH ST","PITCAIRN","PA",0,NA,NA,NA,c(-79.781944, 40.400833)
"5847","BRADDOCK BORO SEW SYS","415 6TH ST","BRADDOCK","PA",0,NA,"Pennsylvania",1,c(-79.875833, 40.403889)
"5848","BRADDOCK BORO SEW SYS","415 6TH ST","BRADDOCK","PA",0,NA,"Pennsylvania",1,c(-79.873889, 40.402778)
"5849","BRADDOCK BORO SEW SYS","415 6TH ST","BRADDOCK","PA",0,NA,"Pennsylvania",1,c(-79.872778, 40.401944)
"5850","BRADDOCK BORO SEW SYS","415 6TH ST","BRADDOCK","PA",0,NA,"Pennsylvania",1,c(-79.870833, 40.400833)
"5851","BRADDOCK BORO SEW SYS","415 6TH ST","BRADDOCK","PA",0,NA,"Pennsylvania",1,c(-79.87, 40.399722)
"5852","BRADDOCK BORO SEW SYS","415 6TH ST","BRADDOCK","PA",0,NA,"Pennsylvania",1,c(-79.87, 40.398889)
"5853","BRADDOCK BORO SEW SYS","415 6TH ST","BRADDOCK","PA",0,NA,"Pennsylvania",1,c(-79.867778, 40.396944)
"5854","BRADDOCK BORO SEW SYS","415 6TH ST","BRADDOCK","PA",0,NA,"Pennsylvania",1,c(-79.865833, 40.395)
"5855","HOMESTEAD BORO","1705 MAPLE STREET","HOMESTEAD","PA",NA,NA,"Pennsylvania",1,c(-79.916944, 40.408889)
"5856","WILMERDING BORO SEW SYS","STATION & COMMERCE STREETS","WILMERDING","PA",0,NA,"Pennsylvania",1,c(-79.817222, 40.399722)
"5857","WILMERDING BORO SEW SYS","STATION & COMMERCE STREETS","WILMERDING","PA",0,NA,"Pennsylvania",1,c(-79.816111, 40.399167)
"5858","WILMERDING BORO SEW SYS","STATION & COMMERCE STREETS","WILMERDING","PA",0,NA,"Pennsylvania",1,c(-79.810833, 40.396111)
"5859","WILMERDING BORO SEW SYS","STATION & COMMERCE STREETS","WILMERDING","PA",0,NA,"Pennsylvania",1,c(-79.807778, 40.395278)
"5860","WILMERDING BORO SEW SYS","STATION & COMMERCE STREETS","WILMERDING","PA",0,NA,"Pennsylvania",1,c(-79.807222, 40.394722)
"5861","WILMERDING BORO SEW SYS","STATION & COMMERCE STREETS","WILMERDING","PA",0,NA,"Pennsylvania",1,c(-79.806667, 40.394722)
"5862","WILMERDING BORO SEW SYS","STATION & COMMERCE STREETS","WILMERDING","PA",0,NA,"Pennsylvania",1,c(-79.805, 40.394444)
"5863","RANKIN BORO SEW SYS","320 HAWKINS AVE","RANKIN","PA",0,NA,"Pennsylvania",1,c(-79.878611, 40.405)
"5864","RANKIN BORO SEW SYS","320 HAWKINS AVE","RANKIN","PA",0,NA,"Pennsylvania",1,c(-79.889444, 40.410556)
"5865","GIRTYS RUN SEW SYS","MILLVALE BORO","PITTSBURGH","PA",0,NA,"Pennsylvania",1,c(-79.97, 40.478333)
"5866","GIRTYS RUN SEW SYS","MILLVALE BORO","PITTSBURGH","PA",0,NA,"Pennsylvania",1,c(-79.971778, 40.477917)
"5867","GIRTYS RUN SEW SYS","MILLVALE BORO","PITTSBURGH","PA",0,NA,"Pennsylvania",1,c(-79.973333, 40.47875)
"5868","GIRTYS RUN SEW SYS","MILLVALE BORO","PITTSBURGH","PA",0,NA,"Pennsylvania",1,c(-79.975556, 40.480833)
"5869","GIRTYS RUN SEW SYS","MILLVALE BORO","PITTSBURGH","PA",0,NA,"Pennsylvania",1,c(-79.974528, 40.48125)
"5870","GIRTYS RUN SEW SYS","MILLVALE BORO","PITTSBURGH","PA",0,NA,"Pennsylvania",1,c(-79.974306, 40.481389)
"5871","GIRTYS RUN SEW SYS","MILLVALE BORO","PITTSBURGH","PA",0,NA,"Pennsylvania",1,c(-79.973056, 40.491389)
"5872","GIRTYS RUN SEW SYS","MILLVALE BORO","PITTSBURGH","PA",0,NA,"Pennsylvania",1,c(-79.971944, 40.49)
"5873","GIRTYS RUN SEW SYS","MILLVALE BORO","PITTSBURGH","PA",0,NA,"Pennsylvania",1,c(-79.968611, 40.478472)
"5874","WILKINS TOWNSHIP","LARIMER AVE","TURTLE CREEK","PA",0,NA,"Pennsylvania",1,c(-79.824444, 40.414167)
"5875","WILKINS TOWNSHIP","LARIMER AVE","TURTLE CREEK","PA",0,NA,"Pennsylvania",1,c(-79.826111, 40.413333)
"5876","CRAFTON BORO SEW SYS","VARIOUS","PITTSBURGH","PA",0,NA,NA,NA,c(-80.080833, 40.439722)
"5877","CRAFTON BORO SEW SYS","VARIOUS","PITTSBURGH","PA",0,NA,NA,NA,c(-80.081389, 40.44)
"5878","CRAFTON BORO SEW SYS","VARIOUS","PITTSBURGH","PA",0,NA,NA,NA,c(-80.080833, 40.439722)
"5879","MCKEES ROCKS BORO SEW SYS","MCKEES ROCKS BORO","MCKEES ROCKS","PA",0,NA,"Pennsylvania",1,c(-80.074111, 40.463694)
"5880","MCKEES ROCKS BORO SEW SYS","MCKEES ROCKS BORO","MCKEES ROCKS","PA",0,NA,"Pennsylvania",1,c(-80.051278, 40.470472)
"5881","MCKEES ROCKS BORO SEW SYS","MCKEES ROCKS BORO","MCKEES ROCKS","PA",0,NA,"Pennsylvania",1,c(-80.050083, 40.477333)
"5882","MCKEES ROCKS BORO SEW SYS","MCKEES ROCKS BORO","MCKEES ROCKS","PA",0,NA,"Pennsylvania",1,c(-80.054667, 40.464861)
"5883","MCKEES ROCKS BORO SEW SYS","MCKEES ROCKS BORO","MCKEES ROCKS","PA",0,NA,"Pennsylvania",1,c(-80.054667, 40.464861)
"5884","MCKEES ROCKS BORO SEW SYS","MCKEES ROCKS BORO","MCKEES ROCKS","PA",0,NA,"Pennsylvania",1,c(-80.057972, 40.463667)
"5885","MCKEES ROCKS BORO SEW SYS","MCKEES ROCKS BORO","MCKEES ROCKS","PA",0,NA,"Pennsylvania",1,c(-80.051361, 40.470389)
"5886","MCKEES ROCKS BORO SEW SYS","MCKEES ROCKS BORO","MCKEES ROCKS","PA",0,NA,"Pennsylvania",1,c(-80.060528, 40.464361)
"5887","MCKEES ROCKS BORO SEW SYS","MCKEES ROCKS BORO","MCKEES ROCKS","PA",0,NA,"Pennsylvania",1,c(-80.060917, 40.464361)
"5888","MCKEES ROCKS BORO SEW SYS","MCKEES ROCKS BORO","MCKEES ROCKS","PA",0,NA,"Pennsylvania",1,c(-80.069417, 40.460972)
"5889","MCKEES ROCKS BORO SEW SYS","MCKEES ROCKS BORO","MCKEES ROCKS","PA",0,NA,"Pennsylvania",1,c(-80.074111, 40.463639)
"5890","ASPINWALL BORO SEW SYS","217 COMMERCIAL AVE","ASPINWALL","PA",4.716,NA,"Pennsylvania",1,c(-79.907778, 40.49)
"5891","ASPINWALL BORO SEW SYS","217 COMMERCIAL AVE","ASPINWALL","PA",4.716,NA,NA,NA,c(-79.905833, 40.488889)
"5892","ASPINWALL BORO SEW SYS","217 COMMERCIAL AVE","ASPINWALL","PA",4.716,NA,NA,NA,c(-79.903889, 40.488889)
"5893","ASPINWALL BORO SEW SYS","217 COMMERCIAL AVE","ASPINWALL","PA",4.716,NA,NA,NA,c(-79.900833, 40.487778)
"5894","N BRADDOCK BORO SEW SYS","VARIOUS","NORTH BRADDOCK","PA",0,NA,"Pennsylvania",1,c(-79.846944, 40.395)
"5895","TURTLE CREEK BORO SEW SYS","125 MONROEVILLE AVE","TURTLE CREEK","PA",0,NA,"Pennsylvania",1,c(-79.824444, 40.411944)
"5896","TURTLE CREEK BORO SEW SYS","125 MONROEVILLE AVE","TURTLE CREEK","PA",0,NA,"Pennsylvania",1,c(-79.828611, 40.4025)
"5897","TURTLE CREEK BORO SEW SYS","125 MONROEVILLE AVE","TURTLE CREEK","PA",0,NA,NA,NA,c(-79.826667, 40.403333)
"5898","TURTLE CREEK BORO SEW SYS","125 MONROEVILLE AVE","TURTLE CREEK","PA",0,NA,"Pennsylvania",1,c(-79.824444, 40.403333)
"5899","TURTLE CREEK BORO SEW SYS","125 MONROEVILLE AVE","TURTLE CREEK","PA",0,NA,"Pennsylvania",1,c(-79.823611, 40.402778)
"5900","TURTLE CREEK BORO SEW SYS","125 MONROEVILLE AVE","TURTLE CREEK","PA",0,NA,"Pennsylvania",1,c(-79.821667, 40.401944)
"5901","TURTLE CREEK BORO SEW SYS","125 MONROEVILLE AVE","TURTLE CREEK","PA",0,NA,NA,NA,c(-79.818611, 40.400556)
"5902","ARNOLD CITY SEW SYS","16TH ST","ARNOLD","PA",0,NA,"Pennsylvania",1,c(-79.771944, 40.580278)
"5903","ARNOLD CITY SEW SYS","16TH ST","ARNOLD","PA",0,NA,"Pennsylvania",1,c(-79.772778, 40.575833)
"5904","W HOMESTEAD SEW SYS","VARIOUS","WEST HOMESTEAD","PA",0,NA,NA,NA,c(-79.924444, 40.400278)
"5905","W HOMESTEAD SEW SYS","VARIOUS","WEST HOMESTEAD","PA",0,NA,NA,NA,c(-79.924444, 40.400278)
"5906","W HOMESTEAD SEW SYS","VARIOUS","WEST HOMESTEAD","PA",0,NA,NA,NA,c(-79.9175, 40.402222)
"5907","W HOMESTEAD SEW SYS","VARIOUS","WEST HOMESTEAD","PA",0,NA,NA,NA,c(-79.918333, 40.402222)
"5908","W HOMESTEAD SEW SYS","VARIOUS","WEST HOMESTEAD","PA",0,NA,NA,NA,c(-79.918611, 40.401944)
"5909","CARNEGIE BORO SEW SYS","ONE VETERANS WAY","CARNEGIE","PA",0,NA,"Pennsylvania",1,c(-80.096389, 40.411944)
"5910","CARNEGIE BORO SEW SYS","ONE VETERANS WAY","CARNEGIE","PA",0,NA,NA,NA,c(-80.082731, 40.411944)
"5911","CARNEGIE BORO SEW SYS","ONE VETERANS WAY","CARNEGIE","PA",0,NA,NA,NA,c(-80.082681, 40.412133)
"5912","CARNEGIE BORO SEW SYS","ONE VETERANS WAY","CARNEGIE","PA",0,NA,NA,NA,c(-80.083889, 40.410833)
"5913","CARNEGIE BORO SEW SYS","ONE VETERANS WAY","CARNEGIE","PA",0,NA,NA,NA,c(-80.085833, 40.409722)
"5914","CARNEGIE BORO SEW SYS","ONE VETERANS WAY","CARNEGIE","PA",0,NA,NA,NA,c(-80.087778, 40.409722)
"5915","CARNEGIE BORO SEW SYS","ONE VETERANS WAY","CARNEGIE","PA",0,NA,NA,NA,c(-80.087894, 40.4098)
"5916","CARNEGIE BORO SEW SYS","ONE VETERANS WAY","CARNEGIE","PA",0,NA,"Pennsylvania",1,c(-80.088889, 40.406944)
"5917","CARNEGIE BORO SEW SYS","ONE VETERANS WAY","CARNEGIE","PA",0,NA,"Pennsylvania",1,c(-80.08825, 40.406083)
"5918","CARNEGIE BORO SEW SYS","ONE VETERANS WAY","CARNEGIE","PA",0,NA,"Pennsylvania",1,c(-80.087919, 40.405847)
"5919","CARNEGIE BORO SEW SYS","ONE VETERANS WAY","CARNEGIE","PA",0,NA,NA,NA,c(-80.08695, 40.402706)
"5920","CARNEGIE BORO SEW SYS","ONE VETERANS WAY","CARNEGIE","PA",0,NA,NA,NA,c(-80.088889, 40.401944)
"5921","CARNEGIE BORO SEW SYS","ONE VETERANS WAY","CARNEGIE","PA",0,NA,NA,NA,c(-80.088889, 40.401944)
"5922","CARNEGIE BORO SEW SYS","ONE VETERANS WAY","CARNEGIE","PA",0,NA,"Pennsylvania",1,c(-80.093056, 40.401267)
"5923","CARNEGIE BORO SEW SYS","ONE VETERANS WAY","CARNEGIE","PA",0,NA,"Pennsylvania",1,c(-80.093056, 40.401389)
"5924","SWISSVALE BORO SEW SYS","VARIOUS LOCATIONS","PITTSBURGH","PA",0,NA,"Pennsylvania",1,c(-79.894444, 40.416667)
"5925","EXPORT BORO SEW","CSO COVERAGE AREA","EXPORT","PA",0,NA,NA,NA,c(-79.630833, 40.418889)
"5926","EXPORT BORO SEW","CSO COVERAGE AREA","EXPORT","PA",0,NA,NA,NA,c(-79.626667, 40.419167)
"5927","EXPORT BORO SEW","CSO COVERAGE AREA","EXPORT","PA",0,NA,NA,NA,c(-79.624167, 40.4175)
"5928","EXPORT BORO SEW","CSO COVERAGE AREA","EXPORT","PA",0,NA,NA,NA,c(-79.623889, 40.417222)
"5929","EXPORT BORO SEW","CSO COVERAGE AREA","EXPORT","PA",0,NA,NA,NA,c(-79.620833, 40.415556)
"5930","E ROCHESTER BORO CSO","RAILROAD ST","EAST ROCHESTER","PA",0,NA,NA,NA,c(-80.27, 40.7)
"5931","ROCHESTER BORO SEW SYS","RT 65","ROCHESTER","PA",0,NA,"Pennsylvania",1,c(-80.280556, 40.698333)
"5932","ROCHESTER BORO SEW SYS","RT 65","ROCHESTER","PA",0,NA,"Pennsylvania",1,c(-80.277222, 40.698056)
"5933","CORAOPOLIS CSO COLLECTION SYS","VARIOUS","CORAOPOLIS","PA",0,NA,"Pennsylvania",1,c(-80.169444, 40.524167)
"5934","CORAOPOLIS CSO COLLECTION SYS","VARIOUS","CORAOPOLIS","PA",0,NA,"Pennsylvania",1,c(-80.165, 40.521944)
"5935","CORAOPOLIS CSO COLLECTION SYS","VARIOUS","CORAOPOLIS","PA",0,NA,"Pennsylvania",1,c(-80.163333, 40.521111)
"5936","CORAOPOLIS CSO COLLECTION SYS","VARIOUS","CORAOPOLIS","PA",0,NA,"Pennsylvania",1,c(-80.1625, 40.520833)
"5937","CORAOPOLIS CSO COLLECTION SYS","VARIOUS","CORAOPOLIS","PA",0,NA,"Pennsylvania",1,c(-80.161944, 40.520556)
"5938","CORAOPOLIS CSO COLLECTION SYS","VARIOUS","CORAOPOLIS","PA",0,NA,"Pennsylvania",1,c(-80.156667, 40.517222)
"5939","INGRAM BORO CSO C 19 DISCH","40 WEST PROSPECT AVE","PITTSBURGH","PA",0,NA,NA,NA,c(-79.903889, 40.331111)
"5940","ETNA BORO CSO SEW SYS","437 BUTLER ST","ETNA","PA",0,NA,NA,NA,c(-79.945278, 40.493056)
"5941","ETNA BORO CSO SEW SYS","437 BUTLER ST","ETNA","PA",0,NA,NA,NA,c(-79.943889, 40.501667)
"5942","ETNA BORO CSO SEW SYS","437 BUTLER ST","ETNA","PA",0,NA,NA,NA,c(-79.944722, 40.501389)
"5943","ETNA BORO CSO SEW SYS","437 BUTLER ST","ETNA","PA",0,NA,NA,NA,c(-79.948611, 40.503333)
"5944","ETNA BORO CSO SEW SYS","437 BUTLER ST","ETNA","PA",0,NA,NA,NA,c(-79.948333, 40.503333)
"5945","ETNA BORO CSO SEW SYS","437 BUTLER ST","ETNA","PA",0,NA,NA,NA,c(-79.955278, 40.503889)
"5946","ETNA BORO CSO SEW SYS","437 BUTLER ST","ETNA","PA",0,NA,NA,NA,c(-79.945278, 40.493056)
"5947","ETNA BORO CSO SEW SYS","437 BUTLER ST","ETNA","PA",0,NA,NA,NA,c(-79.943333, 40.4975)
"5948","ETNA BORO CSO SEW SYS","437 BUTLER ST","ETNA","PA",0,NA,NA,NA,c(-79.9425, 40.5)
"5949","ETNA BORO CSO SEW SYS","437 BUTLER ST","ETNA","PA",0,NA,NA,NA,c(-79.950833, 40.488889)
"5950","NBC - BUCKLIN POINT WWTF","102 CAMPBELL AVENUE","EAST PROVIDENCE","RI",31,20.3,NA,NA,c(-71.368333, 41.8525)
"5951","NBC - BUCKLIN POINT WWTF","102 CAMPBELL AVENUE","EAST PROVIDENCE","RI",31,20.3,NA,NA,c(-71.371667, 41.850556)
"5952","NBC - BUCKLIN POINT WWTF","102 CAMPBELL AVENUE","EAST PROVIDENCE","RI",31,20.3,"Rhode Island",1,c(-71.384722, 41.898056)
"5953","NBC - BUCKLIN POINT WWTF","102 CAMPBELL AVENUE","EAST PROVIDENCE","RI",31,20.3,"Rhode Island",1,c(-71.3825, 41.89417)
"5954","NBC - BUCKLIN POINT WWTF","102 CAMPBELL AVENUE","EAST PROVIDENCE","RI",31,20.3,"Rhode Island",1,c(-71.38306, 41.88861)
"5955","NBC - BUCKLIN POINT WWTF","102 CAMPBELL AVENUE","EAST PROVIDENCE","RI",31,20.3,"Rhode Island",1,c(-71.38111, 41.88583)
"5956","NBC - BUCKLIN POINT WWTF","102 CAMPBELL AVENUE","EAST PROVIDENCE","RI",31,20.3,"Rhode Island",1,c(-71.40278, 41.88583)
"5957","NBC - BUCKLIN POINT WWTF","102 CAMPBELL AVENUE","EAST PROVIDENCE","RI",31,20.3,"Rhode Island",1,c(-71.39861, 41.89306)
"5958","NBC - BUCKLIN POINT WWTF","102 CAMPBELL AVENUE","EAST PROVIDENCE","RI",31,20.3,"Rhode Island",1,c(-71.3825, 41.89)
"5959","NBC - BUCKLIN POINT WWTF","102 CAMPBELL AVENUE","EAST PROVIDENCE","RI",31,20.3,"Rhode Island",1,c(-71.38167, 41.88889)
"5960","NBC - BUCKLIN POINT WWTF","102 CAMPBELL AVENUE","EAST PROVIDENCE","RI",31,20.3,"Rhode Island",1,c(-71.38056, 41.88722)
"5961","NBC - BUCKLIN POINT WWTF","102 CAMPBELL AVENUE","EAST PROVIDENCE","RI",31,20.3,"Rhode Island",1,c(-71.38056, 41.88611)
"5962","NBC - BUCKLIN POINT WWTF","102 CAMPBELL AVENUE","EAST PROVIDENCE","RI",31,20.3,"Rhode Island",1,c(-71.38056, 41.88583)
"5963","NBC - BUCKLIN POINT WWTF","102 CAMPBELL AVENUE","EAST PROVIDENCE","RI",31,20.3,"Rhode Island",1,c(-71.38139, 41.88194)
"5964","NBC - BUCKLIN POINT WWTF","102 CAMPBELL AVENUE","EAST PROVIDENCE","RI",31,20.3,"Rhode Island",1,c(-71.38083, 41.88194)
"5965","NBC - BUCKLIN POINT WWTF","102 CAMPBELL AVENUE","EAST PROVIDENCE","RI",31,20.3,"Rhode Island",1,c(-71.38167, 41.88)
"5966","NBC - BUCKLIN POINT WWTF","102 CAMPBELL AVENUE","EAST PROVIDENCE","RI",31,20.3,"Rhode Island",1,c(-71.38111, 41.87972)
"5967","NBC - BUCKLIN POINT WWTF","102 CAMPBELL AVENUE","EAST PROVIDENCE","RI",31,20.3,"Rhode Island",1,c(-71.38333, 41.87667)
"5968","NBC - BUCKLIN POINT WWTF","102 CAMPBELL AVENUE","EAST PROVIDENCE","RI",31,20.3,"Rhode Island",1,c(-71.38361, 41.87667)
"5969","NBC - BUCKLIN POINT WWTF","102 CAMPBELL AVENUE","EAST PROVIDENCE","RI",31,20.3,"Rhode Island",1,c(-71.38333, 41.87639)
"5970","NBC - BUCKLIN POINT WWTF","102 CAMPBELL AVENUE","EAST PROVIDENCE","RI",31,20.3,"Rhode Island",1,c(-71.38417, 41.87556)
"5971","NBC - BUCKLIN POINT WWTF","102 CAMPBELL AVENUE","EAST PROVIDENCE","RI",31,20.3,"Rhode Island",1,c(-71.38472, 41.87417)
"5972","NBC - BUCKLIN POINT WWTF","102 CAMPBELL AVENUE","EAST PROVIDENCE","RI",31,20.3,"Rhode Island",1,c(-71.38389, 41.8725)
"5973","NBC - BUCKLIN POINT WWTF","102 CAMPBELL AVENUE","EAST PROVIDENCE","RI",31,20.3,"Rhode Island",1,c(-71.38028, 41.86944)
"5974","NBC - BUCKLIN POINT WWTF","102 CAMPBELL AVENUE","EAST PROVIDENCE","RI",31,20.3,"Rhode Island",1,c(-71.38056, 41.86722)
"5975","NBC - BUCKLIN POINT WWTF","102 CAMPBELL AVENUE","EAST PROVIDENCE","RI",31,20.3,"Rhode Island",1,c(-71.3725, 41.86)
"5976","NBC - BUCKLIN POINT WWTF","102 CAMPBELL AVENUE","EAST PROVIDENCE","RI",31,20.3,"Rhode Island",1,c(-71.40222, 41.86)
"5977","NEWPORT WPCF","250 J.T. CONNELL HIGHWAY","NEWPORT","RI",10.7,8.81,NA,NA,c(-71.319444, 41.489167)
"5978","NEWPORT WPCF","250 J.T. CONNELL HIGHWAY","NEWPORT","RI",10.7,8.81,NA,NA,c(-71.325444, 41.477639)
"5979","NEWPORT WPCF","250 J.T. CONNELL HIGHWAY","NEWPORT","RI",10.7,8.81,NA,NA,c(-71.314722, 41.49)
"5980","NBC - FIELD'S POINT","2 ERNEST STREET","PROVIDENCE","RI",65,44.76,"Rhode Island",1,c(-71.385417, 41.794694)
"5981","NBC - FIELD'S POINT","2 ERNEST STREET","PROVIDENCE","RI",65,44.76,"Rhode Island",1,c(-71.40306, 41.81083)
"5982","NBC - FIELD'S POINT","2 ERNEST STREET","PROVIDENCE","RI",65,44.76,"Rhode Island",1,c(-71.40306, 41.81139)
"5983","NBC - FIELD'S POINT","2 ERNEST STREET","PROVIDENCE","RI",65,44.76,"Rhode Island",1,c(-71.40444, 41.8175)
"5984","NBC - FIELD'S POINT","2 ERNEST STREET","PROVIDENCE","RI",65,44.76,"Rhode Island",1,c(-71.40528, 41.81889)
"5985","NBC - FIELD'S POINT","2 ERNEST STREET","PROVIDENCE","RI",65,44.76,"Rhode Island",1,c(-71.40639, 41.82111)
"5986","NBC - FIELD'S POINT","2 ERNEST STREET","PROVIDENCE","RI",65,44.76,"Rhode Island",1,c(-71.40889, 41.82528)
"5987","NBC - FIELD'S POINT","2 ERNEST STREET","PROVIDENCE","RI",65,44.76,"Rhode Island",1,c(-71.40889, 41.82583)
"5988","NBC - FIELD'S POINT","2 ERNEST STREET","PROVIDENCE","RI",65,44.76,NA,NA,c(-71.40194, 41.81722)
"5989","NBC - FIELD'S POINT","2 ERNEST STREET","PROVIDENCE","RI",65,44.76,NA,NA,c(-71.39861, 41.81556)
"5990","NBC - FIELD'S POINT","2 ERNEST STREET","PROVIDENCE","RI",65,44.76,NA,NA,c(-71.39667, 41.81722)
"5991","NBC - FIELD'S POINT","2 ERNEST STREET","PROVIDENCE","RI",65,44.76,NA,NA,c(-71.38139, 41.82667)
"5992","NBC - FIELD'S POINT","2 ERNEST STREET","PROVIDENCE","RI",65,44.76,NA,NA,c(-71.37889, 41.83528)
"5993","NBC - FIELD'S POINT","2 ERNEST STREET","PROVIDENCE","RI",65,44.76,NA,NA,c(-71.37889, 41.845)
"5994","NBC - FIELD'S POINT","2 ERNEST STREET","PROVIDENCE","RI",65,44.76,"Rhode Island",1,c(-71.41194, 41.831667)
"5995","NBC - FIELD'S POINT","2 ERNEST STREET","PROVIDENCE","RI",65,44.76,"Rhode Island",1,c(-71.41167, 41.83583)
"5996","NBC - FIELD'S POINT","2 ERNEST STREET","PROVIDENCE","RI",65,44.76,"Rhode Island",1,c(-71.41167, 41.83583)
"5997","NBC - FIELD'S POINT","2 ERNEST STREET","PROVIDENCE","RI",65,44.76,"Rhode Island",1,c(-71.41028, 41.84139)
"5998","NBC - FIELD'S POINT","2 ERNEST STREET","PROVIDENCE","RI",65,44.76,NA,NA,c(-71.41056, 41.85083)
"5999","NBC - FIELD'S POINT","2 ERNEST STREET","PROVIDENCE","RI",65,44.76,NA,NA,c(-71.40667, 41.85333)
"6000","NBC - FIELD'S POINT","2 ERNEST STREET","PROVIDENCE","RI",65,44.76,"Rhode Island",1,c(-71.42472, 41.85056)
"6001","NBC - FIELD'S POINT","2 ERNEST STREET","PROVIDENCE","RI",65,44.76,"Rhode Island",1,c(-71.4175, 41.827778)
"6002","NBC - FIELD'S POINT","2 ERNEST STREET","PROVIDENCE","RI",65,44.76,NA,NA,c(-71.42, 41.82833)
"6003","NBC - FIELD'S POINT","2 ERNEST STREET","PROVIDENCE","RI",65,44.76,NA,NA,c(-71.42361, 41.82917)
"6004","NBC - FIELD'S POINT","2 ERNEST STREET","PROVIDENCE","RI",65,44.76,NA,NA,c(-71.42806, 41.82889)
"6005","NBC - FIELD'S POINT","2 ERNEST STREET","PROVIDENCE","RI",65,44.76,NA,NA,c(-71.43583, 41.82667)
"6006","NBC - FIELD'S POINT","2 ERNEST STREET","PROVIDENCE","RI",65,44.76,"Rhode Island",1,c(-71.43833, 41.82444)
"6007","NBC - FIELD'S POINT","2 ERNEST STREET","PROVIDENCE","RI",65,44.76,"Rhode Island",1,c(-71.44, 41.82194)
"6008","NBC - FIELD'S POINT","2 ERNEST STREET","PROVIDENCE","RI",65,44.76,"Rhode Island",1,c(-71.44222, 41.81944)
"6009","NBC - FIELD'S POINT","2 ERNEST STREET","PROVIDENCE","RI",65,44.76,"Rhode Island",1,c(-71.443611, 41.817222)
"6010","NBC - FIELD'S POINT","2 ERNEST STREET","PROVIDENCE","RI",65,44.76,"Rhode Island",1,c(-71.44361, 41.81722)
"6011","NBC - FIELD'S POINT","2 ERNEST STREET","PROVIDENCE","RI",65,44.76,"Rhode Island",1,c(-71.44583, 41.81694)
"6012","NBC - FIELD'S POINT","2 ERNEST STREET","PROVIDENCE","RI",65,44.76,"Rhode Island",1,c(-71.45333, 41.82194)
"6013","NBC - FIELD'S POINT","2 ERNEST STREET","PROVIDENCE","RI",65,44.76,"Rhode Island",1,c(-71.46028, 41.82333)
"6014","NBC - FIELD'S POINT","2 ERNEST STREET","PROVIDENCE","RI",65,44.76,"Rhode Island",1,c(-71.42917, 41.85306)
"6015","NBC - FIELD'S POINT","2 ERNEST STREET","PROVIDENCE","RI",65,44.76,NA,NA,c(-71.43222, 41.82806)
"6016","NBC - FIELD'S POINT","2 ERNEST STREET","PROVIDENCE","RI",65,44.76,"Rhode Island",1,c(-71.4025, 41.811944)
"6017","NBC - FIELD'S POINT","2 ERNEST STREET","PROVIDENCE","RI",65,44.76,"Rhode Island",1,c(-71.396944, 41.794722)
"6018","LEAD, CITY OF (CSO)","801 W. MAIN STREET","LEAD","SD",0,0,"South Dakota",1,c(-103.753833, 44.35575)
"6019","LEAD, CITY OF (CSO)","801 W. MAIN STREET","LEAD","SD",0,0,"South Dakota",1,c(-103.770162, 44.351337)
"6020","NASHVILLE CENTRAL STP","1600 SECOND AVENUE NORTH","NASHVILLE","TN",100,102,NA,NA,c(-86.7825, 36.175)
"6021","NASHVILLE CENTRAL STP","1600 SECOND AVENUE NORTH","NASHVILLE","TN",100,102,"Tennessee",1,c(-86.764444, 36.159722)
"6022","NASHVILLE CENTRAL STP","1600 SECOND AVENUE NORTH","NASHVILLE","TN",100,102,"Tennessee",1,c(-86.777778, 36.171389)
"6023","NASHVILLE CENTRAL STP","1600 SECOND AVENUE NORTH","NASHVILLE","TN",100,102,"Tennessee",1,c(-86.832222, 36.158611)
"6024","NASHVILLE CENTRAL STP","1600 SECOND AVENUE NORTH","NASHVILLE","TN",100,102,NA,NA,c(-86.757778, 36.158889)
"6025","NASHVILLE CENTRAL STP","1600 SECOND AVENUE NORTH","NASHVILLE","TN",100,102,NA,NA,c(-86.744167, 36.1625)
"6026","CLARKSVILLE STP","15 QUARRY ROAD","CLARKSVILLE","TN",25,9.8,"Tennessee",1,c(-87.363694, 36.520917)
"6027","CLARKSVILLE STP","15 QUARRY ROAD","CLARKSVILLE","TN",25,9.8,NA,NA,c(-87, 36)
"6028","CLARKSVILLE STP","15 QUARRY ROAD","CLARKSVILLE","TN",25,9.8,"Tennessee",1,c(-87.366111, 36.532861)
"6029","CHATTANOOGA - MOCCASIN BEND WWTP & COMBINED SEWER SYSTEM","455 MOCCASIN BEND ROAD","CHATTANOOGA","TN",140,127,NA,NA,c(-85.306667, 35.021944)
"6030","CHATTANOOGA - MOCCASIN BEND WWTP & COMBINED SEWER SYSTEM","455 MOCCASIN BEND ROAD","CHATTANOOGA","TN",140,127,NA,NA,c(-85.306667, 35.021944)
"6031","CHATTANOOGA - MOCCASIN BEND WWTP & COMBINED SEWER SYSTEM","455 MOCCASIN BEND ROAD","CHATTANOOGA","TN",140,127,NA,NA,c(-85.291667, 35.052778)
"6032","CHATTANOOGA - MOCCASIN BEND WWTP & COMBINED SEWER SYSTEM","455 MOCCASIN BEND ROAD","CHATTANOOGA","TN",140,127,NA,NA,c(-85.305556, 35.059722)
"6033","CHATTANOOGA - MOCCASIN BEND WWTP & COMBINED SEWER SYSTEM","455 MOCCASIN BEND ROAD","CHATTANOOGA","TN",140,127,"Tennessee",1,c(-85.319167, 35.054722)
"6034","CHATTANOOGA - MOCCASIN BEND WWTP & COMBINED SEWER SYSTEM","455 MOCCASIN BEND ROAD","CHATTANOOGA","TN",140,127,"Tennessee",1,c(-85.325, 35.05)
"6035","CHATTANOOGA - MOCCASIN BEND WWTP & COMBINED SEWER SYSTEM","455 MOCCASIN BEND ROAD","CHATTANOOGA","TN",140,127,"Tennessee",1,c(-85.326389, 35.038889)
"6036","CHATTANOOGA - MOCCASIN BEND WWTP & COMBINED SEWER SYSTEM","455 MOCCASIN BEND ROAD","CHATTANOOGA","TN",140,127,NA,NA,c(-85.323611, 35.022222)
"6037","LYNCHBURG REGIONAL WASTEWATER TREATMENT PLANT","2301 CONCORD TPKE","LYNCHBURG","VA",22,NA,"Virginia",1,c(-79.113889, 37.398056)
"6038","LYNCHBURG REGIONAL WASTEWATER TREATMENT PLANT","2301 CONCORD TPKE","LYNCHBURG","VA",22,NA,"Virginia",1,c(-79.159, 37.399389)
"6039","LYNCHBURG REGIONAL WASTEWATER TREATMENT PLANT","2301 CONCORD TPKE","LYNCHBURG","VA",22,NA,"Virginia",1,c(-79.153889, 37.401306)
"6040","LYNCHBURG REGIONAL WASTEWATER TREATMENT PLANT","2301 CONCORD TPKE","LYNCHBURG","VA",22,NA,"Virginia",1,c(-79.158889, 37.399306)
"6041","LYNCHBURG REGIONAL WASTEWATER TREATMENT PLANT","2301 CONCORD TPKE","LYNCHBURG","VA",22,NA,"Virginia",1,c(-79.159, 37.399389)
"6042","LYNCHBURG REGIONAL WASTEWATER TREATMENT PLANT","2301 CONCORD TPKE","LYNCHBURG","VA",22,NA,"Virginia",1,c(-79.159, 37.399389)
"6043","LYNCHBURG REGIONAL WASTEWATER TREATMENT PLANT","2301 CONCORD TPKE","LYNCHBURG","VA",22,NA,"Virginia",1,c(-79.155389, 37.422333)
"6044","LYNCHBURG REGIONAL WASTEWATER TREATMENT PLANT","2301 CONCORD TPKE","LYNCHBURG","VA",22,NA,"Virginia",1,c(-79.135806, 37.411694)
"6045","LYNCHBURG REGIONAL WASTEWATER TREATMENT PLANT","2301 CONCORD TPKE","LYNCHBURG","VA",22,NA,"Virginia",1,c(-79.136694, 37.413111)
"6046","LYNCHBURG REGIONAL WASTEWATER TREATMENT PLANT","2301 CONCORD TPKE","LYNCHBURG","VA",22,NA,"Virginia",1,c(-79.1487001, 37.3954)
"6047","LYNCHBURG REGIONAL WASTEWATER TREATMENT PLANT","2301 CONCORD TPKE","LYNCHBURG","VA",22,NA,"Virginia",1,c(-79.145, 37.400111)
"6048","LYNCHBURG REGIONAL WASTEWATER TREATMENT PLANT","2301 CONCORD TPKE","LYNCHBURG","VA",22,NA,"Virginia",1,c(-79.154306, 37.389)
"6049","LYNCHBURG REGIONAL WASTEWATER TREATMENT PLANT","2301 CONCORD TPKE","LYNCHBURG","VA",22,NA,"Virginia",1,c(-79.131194, 37.407194)
"6050","LYNCHBURG REGIONAL WASTEWATER TREATMENT PLANT","2301 CONCORD TPKE","LYNCHBURG","VA",22,NA,"Virginia",1,c(-79.1145, 37.397611)
"6051","LYNCHBURG REGIONAL WASTEWATER TREATMENT PLANT","2301 CONCORD TPKE","LYNCHBURG","VA",22,NA,"Virginia",1,c(-79.1585, 37.408694)
"6052","LYNCHBURG REGIONAL WASTEWATER TREATMENT PLANT","2301 CONCORD TPKE","LYNCHBURG","VA",22,NA,"Virginia",1,c(-79.145611, 37.427694)
"6053","LYNCHBURG REGIONAL WASTEWATER TREATMENT PLANT","2301 CONCORD TPKE","LYNCHBURG","VA",22,NA,"Virginia",1,c(-79.123694, 37.398889)
"6054","ALEXANDRIA RENEW ENTERPRISES WWTP","1500 EISENHOWER AVE","ALEXANDRIA","VA",54,NA,NA,NA,c(-77.038972, 38.809917)
"6055","ALEXANDRIA RENEW ENTERPRISES WWTP","1500 EISENHOWER AVE","ALEXANDRIA","VA",54,NA,NA,NA,c(-77.046222, 38.792222)
"6056","ALEXANDRIA RENEW ENTERPRISES WWTP","1500 EISENHOWER AVE","ALEXANDRIA","VA",54,NA,NA,NA,c(-77.057889, 38.804083)
"6057","ALEXANDRIA RENEW ENTERPRISES WWTP","1500 EISENHOWER AVE","ALEXANDRIA","VA",54,NA,NA,NA,c(-77.058222, 38.80325)
"6058","RICHMOND WWTP","1400 BRANDER ST","RICHMOND","VA",75,NA,"Virginia",1,c(-77.416389, 37.517694)
"6059","RICHMOND WWTP","1400 BRANDER ST","RICHMOND","VA",75,NA,"Virginia",1,c(-77.416667, 37.520361)
"6060","RICHMOND WWTP","1400 BRANDER ST","RICHMOND","VA",75,NA,"Virginia",1,c(-77.402972, 37.523694)
"6061","RICHMOND WWTP","1400 BRANDER ST","RICHMOND","VA",75,NA,NA,NA,c(-77.420278, 37.525)
"6062","RICHMOND WWTP","1400 BRANDER ST","RICHMOND","VA",75,NA,NA,NA,c(-77.432222, 37.531389)
"6063","RICHMOND WWTP","1400 BRANDER ST","RICHMOND","VA",75,NA,NA,NA,c(-77.436667, 37.534167)
"6064","RICHMOND WWTP","1400 BRANDER ST","RICHMOND","VA",75,NA,NA,NA,c(-77.443056, 37.535278)
"6065","RICHMOND WWTP","1400 BRANDER ST","RICHMOND","VA",75,NA,NA,NA,c(-77.444722, 37.535556)
"6066","RICHMOND WWTP","1400 BRANDER ST","RICHMOND","VA",75,NA,"Virginia",1,c(-77.454167, 37.533889)
"6067","RICHMOND WWTP","1400 BRANDER ST","RICHMOND","VA",75,NA,NA,NA,c(-77.398333, 37.506944)
"6068","RICHMOND WWTP","1400 BRANDER ST","RICHMOND","VA",75,NA,"Virginia",1,c(-77.42975, 37.525528)
"6069","RICHMOND WWTP","1400 BRANDER ST","RICHMOND","VA",75,NA,"Virginia",1,c(-77.433333, 37.525556)
"6070","RICHMOND WWTP","1400 BRANDER ST","RICHMOND","VA",75,NA,"Virginia",1,c(-77.4575, 37.525)
"6071","RICHMOND WWTP","1400 BRANDER ST","RICHMOND","VA",75,NA,NA,NA,c(-77.461667, 37.524444)
"6072","RICHMOND WWTP","1400 BRANDER ST","RICHMOND","VA",75,NA,"Virginia",1,c(-77.47, 37.5275)
"6073","RICHMOND WWTP","1400 BRANDER ST","RICHMOND","VA",75,NA,NA,NA,c(-77.474444, 37.525833)
"6074","RICHMOND WWTP","1400 BRANDER ST","RICHMOND","VA",75,NA,"Virginia",1,c(-77.475833, 37.530833)
"6075","RICHMOND WWTP","1400 BRANDER ST","RICHMOND","VA",75,NA,NA,NA,c(-77.495, 37.540833)
"6076","RICHMOND WWTP","1400 BRANDER ST","RICHMOND","VA",75,NA,"Virginia",1,c(-77.4225, 37.522778)
"6077","RICHMOND WWTP","1400 BRANDER ST","RICHMOND","VA",75,NA,"Virginia",1,c(-77.404167, 37.5225)
"6078","RICHMOND WWTP","1400 BRANDER ST","RICHMOND","VA",75,NA,"Virginia",1,c(-77.394167, 37.528333)
"6079","RICHMOND WWTP","1400 BRANDER ST","RICHMOND","VA",75,NA,"Virginia",1,c(-77.399444, 37.524167)
"6080","RICHMOND WWTP","1400 BRANDER ST","RICHMOND","VA",75,NA,"Virginia",1,c(-77.410833, 37.521667)
"6081","RICHMOND WWTP","1400 BRANDER ST","RICHMOND","VA",75,NA,NA,NA,c(-77.389722, 37.538611)
"6082","RICHMOND WWTP","1400 BRANDER ST","RICHMOND","VA",75,NA,NA,NA,c(-77.476389, 37.5375)
"6083","RICHMOND WWTP","1400 BRANDER ST","RICHMOND","VA",75,NA,NA,NA,c(-77.427778, 37.530833)
"6084","RICHMOND WWTP","1400 BRANDER ST","RICHMOND","VA",75,NA,NA,NA,c(-77.4225, 37.527778)
"6085","RICHMOND WWTP","1400 BRANDER ST","RICHMOND","VA",75,NA,"Virginia",1,c(-77.404167, 37.522778)
"6086","RICHMOND WWTP","1400 BRANDER ST","RICHMOND","VA",75,NA,"Virginia",1,c(-77.440833, 37.528333)
"6087","HARDWICK","107 TREATMENT PLANT RD","HARDWICK","VT",NA,NA,NA,NA,c(-72.376278, 44.51525)
"6088","HARDWICK","107 TREATMENT PLANT RD","HARDWICK","VT",NA,NA,NA,NA,c(-72.376278, 44.51525)
"6089","BURLINGTON MAIN","53 LAVALLEY LANE","BURLINGTON","VT",NA,NA,"Vermont",1,c(-73.221056, 44.471)
"6090","BURLINGTON MAIN","53 LAVALLEY LANE","BURLINGTON","VT",NA,NA,"Vermont",1,c(-73.219889, 44.472028)
"6091","BURLINGTON MAIN","53 LAVALLEY LANE","BURLINGTON","VT",NA,NA,"Vermont",1,c(-73.219889, 44.472028)
"6092","MIDDLEBURY","243 INDUSTRIAL AVE","MIDDLEBURY","VT",NA,NA,NA,NA,c(-73.178833, 44.019417)
"6093","MIDDLEBURY","243 INDUSTRIAL AVE","MIDDLEBURY","VT",NA,NA,NA,NA,c(-73.173667, 44.015361)
"6094","MIDDLEBURY","243 INDUSTRIAL AVE","MIDDLEBURY","VT",NA,NA,NA,NA,c(-73.167611, 44.013028)
"6095","MIDDLEBURY","243 INDUSTRIAL AVE","MIDDLEBURY","VT",NA,NA,NA,NA,c(-73.175222, 44.017167)
"6096","MONTPELIER","949 DOG RIVER RD","MONTPELIER","VT",NA,NA,NA,NA,c(-72.600306, 44.254944)
"6097","MONTPELIER","949 DOG RIVER RD","MONTPELIER","VT",NA,NA,NA,NA,c(-72.600306, 44.254944)
"6098","MONTPELIER","949 DOG RIVER RD","MONTPELIER","VT",NA,NA,NA,NA,c(-72.600306, 44.254944)
"6099","MONTPELIER","949 DOG RIVER RD","MONTPELIER","VT",NA,NA,NA,NA,c(-72.600306, 44.254944)
"6100","MONTPELIER","949 DOG RIVER RD","MONTPELIER","VT",NA,NA,NA,NA,c(-72.600306, 44.254944)
"6101","MONTPELIER","949 DOG RIVER RD","MONTPELIER","VT",NA,NA,NA,NA,c(-72.600306, 44.254944)
"6102","MONTPELIER","949 DOG RIVER RD","MONTPELIER","VT",NA,NA,NA,NA,c(-72.600306, 44.254944)
"6103","MONTPELIER","949 DOG RIVER RD","MONTPELIER","VT",NA,NA,NA,NA,c(-72.600306, 44.254944)
"6104","MONTPELIER","949 DOG RIVER RD","MONTPELIER","VT",NA,NA,NA,NA,c(-72.600306, 44.254944)
"6105","NEWPORT CITY","94 TREATMENT PLANT LANE","NEWPORT","VT",NA,NA,NA,NA,c(-72.197944, 44.940917)
"6106","NEWPORT CITY","94 TREATMENT PLANT LANE","NEWPORT","VT",NA,NA,NA,NA,c(-72.1895, 44.940056)
"6107","NEWPORT CITY","94 TREATMENT PLANT LANE","NEWPORT","VT",NA,NA,NA,NA,c(-72.202472, 44.937361)
"6108","NEWPORT CITY","94 TREATMENT PLANT LANE","NEWPORT","VT",NA,NA,"Vermont",1,c(-72.216778, 44.934028)
"6109","NEWPORT CITY","94 TREATMENT PLANT LANE","NEWPORT","VT",NA,NA,"Vermont",1,c(-72.211639, 44.937028)
"6110","NEWPORT CITY","94 TREATMENT PLANT LANE","NEWPORT","VT",NA,NA,NA,NA,c(-72.196083, 44.951972)
"6111","BURLINGTON NORTH","3000 NORTH AVENUE","BURLINGTON","VT",NA,NA,NA,NA,c(-73.2685, 44.528472)
"6112","NORTHFIELD","242 DOG RIVER RD","NORTHFIELD","VT",NA,NA,NA,NA,c(-72.654861, 44.148972)
"6113","RANDOLPH","18 HEDDING DR","RANDOLPH","VT",NA,NA,NA,NA,c(-72.657167, 43.927278)
"6114","RANDOLPH","18 HEDDING DR","RANDOLPH","VT",NA,NA,NA,NA,c(-72.657167, 43.927278)
"6115","SPRINGFIELD","325 CLINTON ST","SPRINGFIELD","VT",NA,NA,NA,NA,c(-72.469139, 43.279722)
"6116","SPRINGFIELD","325 CLINTON ST","SPRINGFIELD","VT",NA,NA,NA,NA,c(-72.469139, 43.279722)
"6117","SPRINGFIELD","325 CLINTON ST","SPRINGFIELD","VT",NA,NA,NA,NA,c(-72.469139, 43.279722)
"6118","SPRINGFIELD","325 CLINTON ST","SPRINGFIELD","VT",NA,NA,NA,NA,c(-72.469139, 43.279722)
"6119","SPRINGFIELD","325 CLINTON ST","SPRINGFIELD","VT",NA,NA,NA,NA,c(-72.469139, 43.279722)
"6120","SPRINGFIELD","325 CLINTON ST","SPRINGFIELD","VT",NA,NA,NA,NA,c(-72.469139, 43.279722)
"6121","SPRINGFIELD","325 CLINTON ST","SPRINGFIELD","VT",NA,NA,NA,NA,c(-72.469139, 43.279722)
"6122","SPRINGFIELD","325 CLINTON ST","SPRINGFIELD","VT",NA,NA,NA,NA,c(-72.469139, 43.279722)
"6123","SPRINGFIELD","325 CLINTON ST","SPRINGFIELD","VT",NA,NA,NA,NA,c(-72.469139, 43.279722)
"6124","SPRINGFIELD","325 CLINTON ST","SPRINGFIELD","VT",NA,NA,NA,NA,c(-72.469139, 43.279722)
"6125","SPRINGFIELD","325 CLINTON ST","SPRINGFIELD","VT",NA,NA,NA,NA,c(-72.469139, 43.279722)
"6126","SPRINGFIELD","325 CLINTON ST","SPRINGFIELD","VT",NA,NA,NA,NA,c(-72.469139, 43.279722)
"6127","SPRINGFIELD","325 CLINTON ST","SPRINGFIELD","VT",NA,NA,NA,NA,c(-72.469139, 43.279722)
"6128","SPRINGFIELD","325 CLINTON ST","SPRINGFIELD","VT",NA,NA,NA,NA,c(-72.469139, 43.279722)
"6129","SPRINGFIELD","325 CLINTON ST","SPRINGFIELD","VT",NA,NA,NA,NA,c(-72.469139, 43.279722)
"6130","SPRINGFIELD","325 CLINTON ST","SPRINGFIELD","VT",NA,NA,NA,NA,c(-72.469139, 43.279722)
"6131","SPRINGFIELD","325 CLINTON ST","SPRINGFIELD","VT",NA,NA,NA,NA,c(-72.469139, 43.279722)
"6132","SPRINGFIELD","325 CLINTON ST","SPRINGFIELD","VT",NA,NA,NA,NA,c(-72.469139, 43.279722)
"6133","SPRINGFIELD","325 CLINTON ST","SPRINGFIELD","VT",NA,NA,NA,NA,c(-72.469139, 43.279722)
"6134","SPRINGFIELD","325 CLINTON ST","SPRINGFIELD","VT",NA,NA,NA,NA,c(-72.469139, 43.279722)
"6135","SPRINGFIELD","325 CLINTON ST","SPRINGFIELD","VT",NA,NA,NA,NA,c(-72.469139, 43.279722)
"6136","SPRINGFIELD","325 CLINTON ST","SPRINGFIELD","VT",NA,NA,NA,NA,c(-72.469139, 43.279722)
"6137","SPRINGFIELD","325 CLINTON ST","SPRINGFIELD","VT",NA,NA,NA,NA,c(-72.469139, 43.279722)
"6138","SPRINGFIELD","325 CLINTON ST","SPRINGFIELD","VT",NA,NA,NA,NA,c(-72.469139, 43.279722)
"6139","SPRINGFIELD","325 CLINTON ST","SPRINGFIELD","VT",NA,NA,NA,NA,c(-72.469139, 43.279722)
"6140","SWANTON","33 NORTH ST","SWANTON","VT",NA,NA,NA,NA,c(-73.136917, 44.924194)
"6141","SWANTON","33 NORTH ST","SWANTON","VT",NA,NA,NA,NA,c(-73.136917, 44.924194)
"6142","SWANTON","33 NORTH ST","SWANTON","VT",NA,NA,NA,NA,c(-73.136917, 44.924194)
"6143","SWANTON","33 NORTH ST","SWANTON","VT",NA,NA,NA,NA,c(-73.136917, 44.924194)
"6144","ST JOHNSBURY","799 BAY ST","ST JOHNSBURY","VT",NA,NA,"Vermont",1,c(-72.01825, 44.4105)
"6145","ST JOHNSBURY","799 BAY ST","ST JOHNSBURY","VT",NA,NA,"Vermont",1,c(-72.01825, 44.4105)
"6146","ST JOHNSBURY","799 BAY ST","ST JOHNSBURY","VT",NA,NA,"Vermont",1,c(-72.01825, 44.4105)
"6147","ST JOHNSBURY","799 BAY ST","ST JOHNSBURY","VT",NA,NA,"Vermont",1,c(-72.01825, 44.4105)
"6148","ST JOHNSBURY","799 BAY ST","ST JOHNSBURY","VT",NA,NA,"Vermont",1,c(-72.014028, 44.414)
"6149","ST JOHNSBURY","799 BAY ST","ST JOHNSBURY","VT",NA,NA,"Vermont",1,c(-72.012556, 44.419722)
"6150","ST JOHNSBURY","799 BAY ST","ST JOHNSBURY","VT",NA,NA,"Vermont",1,c(-72.013361, 44.417222)
"6151","ST JOHNSBURY","799 BAY ST","ST JOHNSBURY","VT",NA,NA,"Vermont",1,c(-72.01325, 44.418972)
"6152","ST JOHNSBURY","799 BAY ST","ST JOHNSBURY","VT",NA,NA,"Vermont",1,c(-72.0135, 44.420917)
"6153","ST JOHNSBURY","799 BAY ST","ST JOHNSBURY","VT",NA,NA,"Vermont",1,c(-72.010528, 44.422417)
"6154","ST JOHNSBURY","799 BAY ST","ST JOHNSBURY","VT",NA,NA,"Vermont",1,c(-72.013556, 44.416472)
"6155","ST JOHNSBURY","799 BAY ST","ST JOHNSBURY","VT",NA,NA,"Vermont",1,c(-72.01275, 44.421972)
"6156","ST JOHNSBURY","799 BAY ST","ST JOHNSBURY","VT",NA,NA,"Vermont",1,c(-72.01825, 44.4105)
"6157","ST JOHNSBURY","799 BAY ST","ST JOHNSBURY","VT",NA,NA,"Vermont",1,c(-72.01825, 44.4105)
"6158","ST JOHNSBURY","799 BAY ST","ST JOHNSBURY","VT",NA,NA,"Vermont",1,c(-72.011222, 44.424667)
"6159","ST JOHNSBURY","799 BAY ST","ST JOHNSBURY","VT",NA,NA,"Vermont",1,c(-72.01825, 44.4105)
"6160","ST JOHNSBURY","799 BAY ST","ST JOHNSBURY","VT",NA,NA,"Vermont",1,c(-72.0165, 44.4285)
"6161","ST JOHNSBURY","799 BAY ST","ST JOHNSBURY","VT",NA,NA,"Vermont",1,c(-72.017528, 44.431583)
"6162","ST JOHNSBURY","799 BAY ST","ST JOHNSBURY","VT",NA,NA,"Vermont",1,c(-72.026944, 44.416333)
"6163","ST JOHNSBURY","799 BAY ST","ST JOHNSBURY","VT",NA,NA,"Vermont",1,c(-72.026444, 44.415361)
"6164","ST JOHNSBURY","799 BAY ST","ST JOHNSBURY","VT",NA,NA,"Vermont",1,c(-72.01825, 44.4105)
"6165","ST JOHNSBURY","799 BAY ST","ST JOHNSBURY","VT",NA,NA,"Vermont",1,c(-72.01825, 44.4105)
"6166","ST JOHNSBURY","799 BAY ST","ST JOHNSBURY","VT",NA,NA,"Vermont",1,c(-72.028389, 44.417667)
"6167","BARTON","112 MUNICIPAL LANE","BARTON","VT",NA,NA,"Vermont",1,c(-72.189, 44.751361)
"6168","BARTON","112 MUNICIPAL LANE","BARTON","VT",NA,NA,"Vermont",1,c(-72.189, 44.751361)
"6169","BARTON","112 MUNICIPAL LANE","BARTON","VT",NA,NA,"Vermont",1,c(-72.189, 44.751361)
"6170","BARTON","112 MUNICIPAL LANE","BARTON","VT",NA,NA,"Vermont",1,c(-72.189, 44.751361)
"6171","BARTON","112 MUNICIPAL LANE","BARTON","VT",NA,NA,"Vermont",1,c(-72.189, 44.751361)
"6172","BARTON","112 MUNICIPAL LANE","BARTON","VT",NA,NA,"Vermont",1,c(-72.189, 44.751361)
"6173","BARTON","112 MUNICIPAL LANE","BARTON","VT",NA,NA,"Vermont",1,c(-72.189, 44.751361)
"6174","BARTON","112 MUNICIPAL LANE","BARTON","VT",NA,NA,"Vermont",1,c(-72.189, 44.751361)
"6175","WOODSTOCK","21705 MAXHAM MEADOW WAY","WOODSTOCK","VT",NA,NA,NA,NA,c(-72.506944, 43.63025)
"6176","WOODSTOCK","21705 MAXHAM MEADOW WAY","WOODSTOCK","VT",NA,NA,NA,NA,c(-72.506944, 43.63025)
"6177","WOODSTOCK","21705 MAXHAM MEADOW WAY","WOODSTOCK","VT",NA,NA,NA,NA,c(-72.506944, 43.63025)
"6178","WOODSTOCK","21705 MAXHAM MEADOW WAY","WOODSTOCK","VT",NA,NA,NA,NA,c(-72.506944, 43.63025)
"6179","WOODSTOCK","21705 MAXHAM MEADOW WAY","WOODSTOCK","VT",NA,NA,NA,NA,c(-72.506944, 43.63025)
"6180","RICHFORD","1 SEWER PLANT RD","RICHFORD","VT",NA,NA,"Vermont",1,c(-72.680417, 44.989861)
"6181","RICHFORD","1 SEWER PLANT RD","RICHFORD","VT",NA,NA,"Vermont",1,c(-72.680417, 44.989861)
"6182","RUTLAND","10 GREENS HILL LANE","RUTLAND","VT",NA,NA,"Vermont",1,c(-72.987028, 43.595583)
"6183","RUTLAND","10 GREENS HILL LANE","RUTLAND","VT",NA,NA,"Vermont",1,c(-72.989944, 43.603278)
"6184","RUTLAND","10 GREENS HILL LANE","RUTLAND","VT",NA,NA,NA,NA,c(-72.993833, 43.603889)
"6185","RUTLAND","10 GREENS HILL LANE","RUTLAND","VT",NA,NA,NA,NA,c(-72.993833, 43.603889)
"6186","RUTLAND","10 GREENS HILL LANE","RUTLAND","VT",NA,NA,NA,NA,c(-72.993833, 43.603889)
"6187","RUTLAND","10 GREENS HILL LANE","RUTLAND","VT",NA,NA,NA,NA,c(-72.993833, 43.603889)
"6188","RUTLAND","10 GREENS HILL LANE","RUTLAND","VT",NA,NA,"Vermont",1,c(-72.988722, 43.604861)
"6189","RUTLAND","10 GREENS HILL LANE","RUTLAND","VT",NA,NA,NA,NA,c(-72.988167, 43.6065)
"6190","HARTFORD - WRJ","319 LATHAM WORKS LANE","WHITE RIVER JCT","VT",NA,NA,NA,NA,c(-72.302861, 43.678472)
"6191","HARTFORD - WRJ","319 LATHAM WORKS LANE","WHITE RIVER JCT","VT",NA,NA,NA,NA,c(-72.307194, 43.670806)
"6192","HARTFORD - WRJ","319 LATHAM WORKS LANE","WHITE RIVER JCT","VT",NA,NA,NA,NA,c(-72.317528, 43.642444)
"6193","HARTFORD - WRJ","319 LATHAM WORKS LANE","WHITE RIVER JCT","VT",NA,NA,NA,NA,c(-72.31475, 43.646389)
"6194","HARTFORD - WRJ","319 LATHAM WORKS LANE","WHITE RIVER JCT","VT",NA,NA,NA,NA,c(-72.316722, 43.650028)
"6195","HARTFORD - WRJ","319 LATHAM WORKS LANE","WHITE RIVER JCT","VT",NA,NA,NA,NA,c(-72.316417, 43.651167)
"6196","ANACORTES WWTP","500 T AVE","ANACORTES","WA",NA,NA,NA,NA,c(-122.634171, 48.5152779)
"6197","ANACORTES WWTP","500 T AVE","ANACORTES","WA",NA,NA,"Washington",1,c(-122.609444, 48.5216675)
"6198","BELLINGHAM STP","200 MCKENZIE AVE","BELLINGHAM","WA",NA,NA,NA,NA,c(-122.489777, 48.7507706)
"6199","PORT ANGELES STP","1509 E COLUMBIA ST","PORT ANGELES","WA",21.6,NA,NA,NA,c(-123.379349, 48.1282616)
"6200","PORT ANGELES STP","1509 E COLUMBIA ST","PORT ANGELES","WA",21.6,NA,"Washington",1,c(-123.43389, 48.12167)
"6201","PORT ANGELES STP","1509 E COLUMBIA ST","PORT ANGELES","WA",21.6,NA,"Washington",1,c(-123.43139, 48.12111)
"6202","PORT ANGELES STP","1509 E COLUMBIA ST","PORT ANGELES","WA",21.6,NA,"Washington",1,c(-123.43, 48.12028)
"6203","PORT ANGELES STP","1509 E COLUMBIA ST","PORT ANGELES","WA",21.6,NA,NA,NA,c(-123.41694, 48.11722)
"6204","MT VERNON WWTP","1401 BRITT RD","MOUNT VERNON","WA",15,NA,"Washington",1,c(-122.349487, 48.4130707)
"6205","MT VERNON WWTP","1401 BRITT RD","MOUNT VERNON","WA",15,NA,"Washington",1,c(-122.349487, 48.4130707)
"6206","SPOKANE RIVERSIDE PARK WATER RECLAMATION FACILITY","4401 N AUBREY L WHITE PKWY","SPOKANE","WA",NA,NA,NA,NA,c(-117.472389, 47.6934166)
"6207","SPOKANE RIVERSIDE PARK WATER RECLAMATION FACILITY","4401 N AUBREY L WHITE PKWY","SPOKANE","WA",NA,NA,NA,NA,c(-117.472389, 47.6934166)
"6208","SPOKANE RIVERSIDE PARK WATER RECLAMATION FACILITY","4401 N AUBREY L WHITE PKWY","SPOKANE","WA",NA,NA,NA,NA,c(-117.472389, 47.6934166)
"6209","SPOKANE RIVERSIDE PARK WATER RECLAMATION FACILITY","4401 N AUBREY L WHITE PKWY","SPOKANE","WA",NA,NA,NA,NA,c(-117.472389, 47.6934166)
"6210","SPOKANE RIVERSIDE PARK WATER RECLAMATION FACILITY","4401 N AUBREY L WHITE PKWY","SPOKANE","WA",NA,NA,NA,NA,c(-117.483194, 47.696556)
"6211","SPOKANE RIVERSIDE PARK WATER RECLAMATION FACILITY","4401 N AUBREY L WHITE PKWY","SPOKANE","WA",NA,NA,NA,NA,c(-117.43135, 47.61977)
"6212","SPOKANE RIVERSIDE PARK WATER RECLAMATION FACILITY","4401 N AUBREY L WHITE PKWY","SPOKANE","WA",NA,NA,"Washington",1,c(-117.37389, 47.67845)
"6213","SPOKANE RIVERSIDE PARK WATER RECLAMATION FACILITY","4401 N AUBREY L WHITE PKWY","SPOKANE","WA",NA,NA,"Washington",1,c(-117.35912, 47.67682)
"6214","SPOKANE RIVERSIDE PARK WATER RECLAMATION FACILITY","4401 N AUBREY L WHITE PKWY","SPOKANE","WA",NA,NA,NA,NA,c(-117.467306, 47.690806)
"6215","SPOKANE RIVERSIDE PARK WATER RECLAMATION FACILITY","4401 N AUBREY L WHITE PKWY","SPOKANE","WA",NA,NA,NA,NA,c(-117.468278, 47.688861)
"6216","SPOKANE RIVERSIDE PARK WATER RECLAMATION FACILITY","4401 N AUBREY L WHITE PKWY","SPOKANE","WA",NA,NA,NA,NA,c(-117.454083, 47.680611)
"6217","SPOKANE RIVERSIDE PARK WATER RECLAMATION FACILITY","4401 N AUBREY L WHITE PKWY","SPOKANE","WA",NA,NA,"Washington",1,c(-117.447778, 47.674917)
"6218","SPOKANE RIVERSIDE PARK WATER RECLAMATION FACILITY","4401 N AUBREY L WHITE PKWY","SPOKANE","WA",NA,NA,NA,NA,c(-117.462139, 47.665472)
"6219","SPOKANE RIVERSIDE PARK WATER RECLAMATION FACILITY","4401 N AUBREY L WHITE PKWY","SPOKANE","WA",NA,NA,"Washington",1,c(-117.456111, 47.659917)
"6220","SPOKANE RIVERSIDE PARK WATER RECLAMATION FACILITY","4401 N AUBREY L WHITE PKWY","SPOKANE","WA",NA,NA,"Washington",1,c(-117.454278, 47.65675)
"6221","SPOKANE RIVERSIDE PARK WATER RECLAMATION FACILITY","4401 N AUBREY L WHITE PKWY","SPOKANE","WA",NA,NA,NA,NA,c(-117.446389, 47.649278)
"6222","SPOKANE RIVERSIDE PARK WATER RECLAMATION FACILITY","4401 N AUBREY L WHITE PKWY","SPOKANE","WA",NA,NA,NA,NA,c(-117.431361, 47.619778)
"6223","SPOKANE RIVERSIDE PARK WATER RECLAMATION FACILITY","4401 N AUBREY L WHITE PKWY","SPOKANE","WA",NA,NA,NA,NA,c(-117.43975, 47.659139)
"6224","SPOKANE RIVERSIDE PARK WATER RECLAMATION FACILITY","4401 N AUBREY L WHITE PKWY","SPOKANE","WA",NA,NA,"Washington",1,c(-117.433722, 47.660667)
"6225","SPOKANE RIVERSIDE PARK WATER RECLAMATION FACILITY","4401 N AUBREY L WHITE PKWY","SPOKANE","WA",NA,NA,"Washington",1,c(-117.43325, 47.660528)
"6226","SPOKANE RIVERSIDE PARK WATER RECLAMATION FACILITY","4401 N AUBREY L WHITE PKWY","SPOKANE","WA",NA,NA,"Washington",1,c(-117.433417, 47.660583)
"6227","SPOKANE RIVERSIDE PARK WATER RECLAMATION FACILITY","4401 N AUBREY L WHITE PKWY","SPOKANE","WA",NA,NA,"Washington",1,c(-117.426611, 47.66075)
"6228","SPOKANE RIVERSIDE PARK WATER RECLAMATION FACILITY","4401 N AUBREY L WHITE PKWY","SPOKANE","WA",NA,NA,"Washington",1,c(-117.395222, 47.660611)
"6229","SPOKANE RIVERSIDE PARK WATER RECLAMATION FACILITY","4401 N AUBREY L WHITE PKWY","SPOKANE","WA",NA,NA,"Washington",1,c(-117.394222, 47.661528)
"6230","SPOKANE RIVERSIDE PARK WATER RECLAMATION FACILITY","4401 N AUBREY L WHITE PKWY","SPOKANE","WA",NA,NA,"Washington",1,c(-117.384861, 47.674889)
"6231","SPOKANE RIVERSIDE PARK WATER RECLAMATION FACILITY","4401 N AUBREY L WHITE PKWY","SPOKANE","WA",NA,NA,"Washington",1,c(-117.35912, 47.67682)
"6232","SPOKANE RIVERSIDE PARK WATER RECLAMATION FACILITY","4401 N AUBREY L WHITE PKWY","SPOKANE","WA",NA,NA,"Washington",1,c(-117.38875, 47.676667)
"6233","SPOKANE RIVERSIDE PARK WATER RECLAMATION FACILITY","4401 N AUBREY L WHITE PKWY","SPOKANE","WA",NA,NA,NA,NA,c(-117.339611, 47.677306)
"6234","EVERETT WATER POLLUTION CONTROL FACILITY","4027 4TH ST SE","EVERETT","WA",NA,NA,NA,NA,c(-122.22379, 48.00188)
"6235","EVERETT WATER POLLUTION CONTROL FACILITY","4027 4TH ST SE","EVERETT","WA",NA,NA,NA,NA,c(-122.22446, 47.97939)
"6236","EVERETT WATER POLLUTION CONTROL FACILITY","4027 4TH ST SE","EVERETT","WA",NA,NA,NA,NA,c(-122.2211, 47.97982)
"6237","EVERETT WATER POLLUTION CONTROL FACILITY","4027 4TH ST SE","EVERETT","WA",NA,NA,NA,NA,c(-122.21905, 47.98295)
"6238","EVERETT WATER POLLUTION CONTROL FACILITY","4027 4TH ST SE","EVERETT","WA",NA,NA,NA,NA,c(-122.21968, 47.9852)
"6239","EVERETT WATER POLLUTION CONTROL FACILITY","4027 4TH ST SE","EVERETT","WA",NA,NA,NA,NA,c(-122.21413, 47.99731)
"6240","EVERETT WATER POLLUTION CONTROL FACILITY","4027 4TH ST SE","EVERETT","WA",NA,NA,NA,NA,c(-122.21612, 47.99913)
"6241","EVERETT WATER POLLUTION CONTROL FACILITY","4027 4TH ST SE","EVERETT","WA",NA,NA,"Washington",1,c(-122.18133, 47.99529)
"6242","EVERETT WATER POLLUTION CONTROL FACILITY","4027 4TH ST SE","EVERETT","WA",NA,NA,"Washington",1,c(-122.18133, 47.99529)
"6243","EVERETT WATER POLLUTION CONTROL FACILITY","4027 4TH ST SE","EVERETT","WA",NA,NA,"Washington",1,c(-122.18133, 47.99529)
"6244","EVERETT WATER POLLUTION CONTROL FACILITY","4027 4TH ST SE","EVERETT","WA",NA,NA,NA,NA,c(-122.18156, 47.97999)
"6245","EVERETT WATER POLLUTION CONTROL FACILITY","4027 4TH ST SE","EVERETT","WA",NA,NA,NA,NA,c(-122.18697, 47.97688)
"6246","EVERETT WATER POLLUTION CONTROL FACILITY","4027 4TH ST SE","EVERETT","WA",NA,NA,"Washington",1,c(-122.18909, 47.97015)
"6247","BREMERTON STP","1600 OYSTER BAY AVE S","BREMERTON","WA",46.5,NA,"Washington",1,c(-122.669907, 47.5446701)
"6248","BREMERTON STP","1600 OYSTER BAY AVE S","BREMERTON","WA",46.5,NA,"Washington",1,c(-122.637978, 47.5816078)
"6249","BREMERTON STP","1600 OYSTER BAY AVE S","BREMERTON","WA",46.5,NA,"Washington",1,c(-122.6242, 47.5792)
"6250","BREMERTON STP","1600 OYSTER BAY AVE S","BREMERTON","WA",46.5,NA,"Washington",1,c(-122.6161, 47.5747)
"6251","BREMERTON STP","1600 OYSTER BAY AVE S","BREMERTON","WA",46.5,NA,"Washington",1,c(-122.6442, 47.5861)
"6252","BREMERTON STP","1600 OYSTER BAY AVE S","BREMERTON","WA",46.5,NA,NA,NA,c(-122.6072, 47.5689)
"6253","BREMERTON STP","1600 OYSTER BAY AVE S","BREMERTON","WA",46.5,NA,NA,NA,c(-122.6072, 47.5689)
"6254","BREMERTON STP","1600 OYSTER BAY AVE S","BREMERTON","WA",46.5,NA,NA,NA,c(-122.65, 47.5847)
"6255","BREMERTON STP","1600 OYSTER BAY AVE S","BREMERTON","WA",46.5,NA,NA,NA,c(-122.6464, 47.5792)
"6256","BREMERTON STP","1600 OYSTER BAY AVE S","BREMERTON","WA",46.5,NA,NA,NA,c(-122.6406, 47.5789)
"6257","BREMERTON STP","1600 OYSTER BAY AVE S","BREMERTON","WA",46.5,NA,NA,NA,c(-122.6394, 47.5789)
"6258","BREMERTON STP","1600 OYSTER BAY AVE S","BREMERTON","WA",46.5,NA,NA,NA,c(-122.6364, 47.5786)
"6259","BREMERTON STP","1600 OYSTER BAY AVE S","BREMERTON","WA",46.5,NA,"Washington",1,c(-122.6292, 47.5944)
"6260","BREMERTON STP","1600 OYSTER BAY AVE S","BREMERTON","WA",46.5,NA,"Washington",1,c(-122.6286, 47.5606)
"6261","BREMERTON STP","1600 OYSTER BAY AVE S","BREMERTON","WA",46.5,NA,"Washington",1,c(-122.6511, 47.5542)
"6262","SNOHOMISH STP","2115 2ND STREET","SNOHOMISH","WA",5.6,NA,NA,NA,c(-122.103, 47.9119)
"6263","SNOHOMISH STP","2115 2ND STREET","SNOHOMISH","WA",5.6,NA,NA,NA,c(-122.09968, 47.91145)
"6264","SEATTLE CSO","UNSPECIFIED","SEATTLE","WA",NA,NA,NA,NA,c(-122.25295, 47.67108)
"6265","SEATTLE CSO","UNSPECIFIED","SEATTLE","WA",NA,NA,NA,NA,c(-122.26522, 47.66382)
"6266","SEATTLE CSO","UNSPECIFIED","SEATTLE","WA",NA,NA,NA,NA,c(-122.26799, 47.65925)
"6267","SEATTLE CSO","UNSPECIFIED","SEATTLE","WA",NA,NA,NA,NA,c(-122.27129, 47.65523)
"6268","SEATTLE CSO","UNSPECIFIED","SEATTLE","WA",NA,NA,NA,NA,c(-122.278163, 47.6484495)
"6269","SEATTLE CSO","UNSPECIFIED","SEATTLE","WA",NA,NA,"Washington",1,c(-122.28764, 47.65672)
"6270","SEATTLE CSO","UNSPECIFIED","SEATTLE","WA",NA,NA,"Washington",1,c(-122.29782, 47.66103)
"6271","SEATTLE CSO","UNSPECIFIED","SEATTLE","WA",NA,NA,NA,NA,c(-122.30074, 47.64696)
"6272","SEATTLE CSO","UNSPECIFIED","SEATTLE","WA",NA,NA,NA,NA,c(-122.28285, 47.64246)
"6273","SEATTLE CSO","UNSPECIFIED","SEATTLE","WA",NA,NA,NA,NA,c(-122.27623, 47.63093)
"6274","SEATTLE CSO","UNSPECIFIED","SEATTLE","WA",NA,NA,NA,NA,c(-122.27532, 47.6308758)
"6275","SEATTLE CSO","UNSPECIFIED","SEATTLE","WA",NA,NA,NA,NA,c(-122.279966, 47.6149669)
"6276","SEATTLE CSO","UNSPECIFIED","SEATTLE","WA",NA,NA,NA,NA,c(-122.28017, 47.61385)
"6277","SEATTLE CSO","UNSPECIFIED","SEATTLE","WA",NA,NA,NA,NA,c(-122.2821, 47.60683)
"6278","SEATTLE CSO","UNSPECIFIED","SEATTLE","WA",NA,NA,NA,NA,c(-122.28262, 47.60577)
"6279","SEATTLE CSO","UNSPECIFIED","SEATTLE","WA",NA,NA,NA,NA,c(-122.28498, 47.60013)
"6280","SEATTLE CSO","UNSPECIFIED","SEATTLE","WA",NA,NA,NA,NA,c(-122.28621, 47.59572)
"6281","SEATTLE CSO","UNSPECIFIED","SEATTLE","WA",NA,NA,NA,NA,c(-122.28668, 47.59456)
"6282","SEATTLE CSO","UNSPECIFIED","SEATTLE","WA",NA,NA,NA,NA,c(-122.28666, 47.59451)
"6283","SEATTLE CSO","UNSPECIFIED","SEATTLE","WA",NA,NA,NA,NA,c(-122.28456, 47.58756)
"6284","SEATTLE CSO","UNSPECIFIED","SEATTLE","WA",NA,NA,NA,NA,c(-122.28612, 47.58261)
"6285","SEATTLE CSO","UNSPECIFIED","SEATTLE","WA",NA,NA,NA,NA,c(-122.27555, 47.57139)
"6286","SEATTLE CSO","UNSPECIFIED","SEATTLE","WA",NA,NA,NA,NA,c(-122.27192, 47.5684)
"6287","SEATTLE CSO","UNSPECIFIED","SEATTLE","WA",NA,NA,NA,NA,c(-122.26983, 47.56824)
"6288","SEATTLE CSO","UNSPECIFIED","SEATTLE","WA",NA,NA,NA,NA,c(-122.26664, 47.56234)
"6289","SEATTLE CSO","UNSPECIFIED","SEATTLE","WA",NA,NA,NA,NA,c(-122.26389, 47.56062)
"6290","SEATTLE CSO","UNSPECIFIED","SEATTLE","WA",NA,NA,NA,NA,c(-122.25531, 47.54735)
"6291","SEATTLE CSO","UNSPECIFIED","SEATTLE","WA",NA,NA,NA,NA,c(-122.25961, 47.5415)
"6292","SEATTLE CSO","UNSPECIFIED","SEATTLE","WA",NA,NA,NA,NA,c(-122.26177, 47.52946)
"6293","SEATTLE CSO","UNSPECIFIED","SEATTLE","WA",NA,NA,NA,NA,c(-122.26287, 47.52329)
"6294","SEATTLE CSO","UNSPECIFIED","SEATTLE","WA",NA,NA,NA,NA,c(-122.25318, 47.51601)
"6295","SEATTLE CSO","UNSPECIFIED","SEATTLE","WA",NA,NA,NA,NA,c(-122.25029, 47.51341)
"6296","SEATTLE CSO","UNSPECIFIED","SEATTLE","WA",NA,NA,NA,NA,c(-122.40693, 47.67843)
"6297","SEATTLE CSO","UNSPECIFIED","SEATTLE","WA",NA,NA,NA,NA,c(-122.4059, 47.67029)
"6298","SEATTLE CSO","UNSPECIFIED","SEATTLE","WA",NA,NA,NA,NA,c(-122.4074, 47.66782)
"6299","SEATTLE CSO","UNSPECIFIED","SEATTLE","WA",NA,NA,NA,NA,c(-122.41871, 47.64315)
"6300","SEATTLE CSO","UNSPECIFIED","SEATTLE","WA",NA,NA,NA,NA,c(-122.41774, 47.642)
"6301","SEATTLE CSO","UNSPECIFIED","SEATTLE","WA",NA,NA,NA,NA,c(-122.39925, 47.63158)
"6302","SEATTLE CSO","UNSPECIFIED","SEATTLE","WA",NA,NA,NA,NA,c(-122.37919, 47.63307)
"6303","SEATTLE CSO","UNSPECIFIED","SEATTLE","WA",NA,NA,NA,NA,c(-122.35232, 47.61321)
"6304","SEATTLE CSO","UNSPECIFIED","SEATTLE","WA",NA,NA,NA,NA,c(-122.34053, 47.60581)
"6305","SEATTLE CSO","UNSPECIFIED","SEATTLE","WA",NA,NA,NA,NA,c(-122.33858, 47.6037)
"6306","SEATTLE CSO","UNSPECIFIED","SEATTLE","WA",NA,NA,"Washington",1,c(-122.33671, 47.6009)
"6307","SEATTLE CSO","UNSPECIFIED","SEATTLE","WA",NA,NA,NA,NA,c(-122.37723, 47.58752)
"6308","SEATTLE CSO","UNSPECIFIED","SEATTLE","WA",NA,NA,NA,NA,c(-122.38206, 47.59327)
"6309","SEATTLE CSO","UNSPECIFIED","SEATTLE","WA",NA,NA,NA,NA,c(-122.39415, 47.59125)
"6310","SEATTLE CSO","UNSPECIFIED","SEATTLE","WA",NA,NA,NA,NA,c(-122.42008, 47.57676)
"6311","SEATTLE CSO","UNSPECIFIED","SEATTLE","WA",NA,NA,NA,NA,c(-122.40025, 47.55567)
"6312","SEATTLE CSO","UNSPECIFIED","SEATTLE","WA",NA,NA,NA,NA,c(-122.39988, 47.53994)
"6313","SEATTLE CSO","UNSPECIFIED","SEATTLE","WA",NA,NA,NA,NA,c(-122.39549, 47.52569)
"6314","SEATTLE CSO","UNSPECIFIED","SEATTLE","WA",NA,NA,NA,NA,c(-122.39673, 47.52372)
"6315","SEATTLE CSO","UNSPECIFIED","SEATTLE","WA",NA,NA,NA,NA,c(-122.39578, 47.5205)
"6316","SEATTLE CSO","UNSPECIFIED","SEATTLE","WA",NA,NA,NA,NA,c(-122.3612, 47.57367)
"6317","SEATTLE CSO","UNSPECIFIED","SEATTLE","WA",NA,NA,NA,NA,c(-122.34269, 47.57367)
"6318","SEATTLE CSO","UNSPECIFIED","SEATTLE","WA",NA,NA,NA,NA,c(-122.34531, 47.56314)
"6319","SEATTLE CSO","UNSPECIFIED","SEATTLE","WA",NA,NA,NA,NA,c(-122.34706, 47.64541)
"6320","SEATTLE CSO","UNSPECIFIED","SEATTLE","WA",NA,NA,NA,NA,c(-122.34026, 47.63811)
"6321","SEATTLE CSO","UNSPECIFIED","SEATTLE","WA",NA,NA,NA,NA,c(-122.33868, 47.62663)
"6322","SEATTLE CSO","UNSPECIFIED","SEATTLE","WA",NA,NA,NA,NA,c(-122.33123, 47.62965)
"6323","SEATTLE CSO","UNSPECIFIED","SEATTLE","WA",NA,NA,NA,NA,c(-122.3295, 47.63681)
"6324","SEATTLE CSO","UNSPECIFIED","SEATTLE","WA",NA,NA,NA,NA,c(-122.33037, 47.63959)
"6325","SEATTLE CSO","UNSPECIFIED","SEATTLE","WA",NA,NA,NA,NA,c(-122.33001, 47.64209)
"6326","SEATTLE CSO","UNSPECIFIED","SEATTLE","WA",NA,NA,NA,NA,c(-122.32883, 47.64331)
"6327","SEATTLE CSO","UNSPECIFIED","SEATTLE","WA",NA,NA,NA,NA,c(-122.32501, 47.64924)
"6328","SEATTLE CSO","UNSPECIFIED","SEATTLE","WA",NA,NA,NA,NA,c(-122.32092, 47.65208)
"6329","SEATTLE CSO","UNSPECIFIED","SEATTLE","WA",NA,NA,NA,NA,c(-122.31769, 47.64885)
"6330","SEATTLE CSO","UNSPECIFIED","SEATTLE","WA",NA,NA,NA,NA,c(-122.31604, 47.64693)
"6331","SEATTLE CSO","UNSPECIFIED","SEATTLE","WA",NA,NA,NA,NA,c(-122.31077, 47.64268)
"6332","SEATTLE CSO","UNSPECIFIED","SEATTLE","WA",NA,NA,NA,NA,c(-122.30952, 47.64693)
"6333","SEATTLE CSO","UNSPECIFIED","SEATTLE","WA",NA,NA,"Washington",1,c(-122.31563, 47.65086)
"6334","SEATTLE CSO","UNSPECIFIED","SEATTLE","WA",NA,NA,NA,NA,c(-122.32556, 47.65313)
"6335","SEATTLE CSO","UNSPECIFIED","SEATTLE","WA",NA,NA,NA,NA,c(-122.33048, 47.65009)
"6336","SEATTLE CSO","UNSPECIFIED","SEATTLE","WA",NA,NA,NA,NA,c(-122.33962, 47.64722)
"6337","SEATTLE CSO","UNSPECIFIED","SEATTLE","WA",NA,NA,NA,NA,c(-122.34285, 47.64801)
"6338","SEATTLE CSO","UNSPECIFIED","SEATTLE","WA",NA,NA,NA,NA,c(-122.36679, 47.65653)
"6339","SEATTLE CSO","UNSPECIFIED","SEATTLE","WA",NA,NA,NA,NA,c(-122.38801, 47.66677)
"6340","SEATTLE CSO","UNSPECIFIED","SEATTLE","WA",NA,NA,NA,NA,c(-122.38821, 47.6668)
"6341","SEATTLE CSO","UNSPECIFIED","SEATTLE","WA",NA,NA,NA,NA,c(-122.39284, 47.66728)
"6342","SEATTLE CSO","UNSPECIFIED","SEATTLE","WA",NA,NA,NA,NA,c(-122.24909, 47.67713)
"6343","SEATTLE CSO","UNSPECIFIED","SEATTLE","WA",NA,NA,NA,NA,c(-122.26401, 47.56061)
"6344","SEATTLE CSO","UNSPECIFIED","SEATTLE","WA",NA,NA,NA,NA,c(-122.36241, 47.5392)
"6345","SEATTLE CSO","UNSPECIFIED","SEATTLE","WA",NA,NA,NA,NA,c(-122.3638, 47.52916)
"6346","SEATTLE CSO","UNSPECIFIED","SEATTLE","WA",NA,NA,NA,NA,c(-122.63242, 47.53919)
"6347","SEATTLE CSO","UNSPECIFIED","SEATTLE","WA",NA,NA,NA,NA,c(-122.25972, 47.52062)
"6348","SEATTLE CSO","UNSPECIFIED","SEATTLE","WA",NA,NA,NA,NA,c(-122.3598, 47.65276)
"6349","SEATTLE CSO","UNSPECIFIED","SEATTLE","WA",NA,NA,NA,NA,c(-122.32722, 47.63389)
"6350","LOTT BUDD INLET WATER RECLAMATION FACILITY","500 ADAMS ST NE","OLYMPIA","WA",85.5,NA,NA,NA,c(-122.905701, 47.0510292)
"6351","SUPERIOR SEWAGE DISPOSAL SYSTEM","AVENUE E","SUPERIOR","WI",5,7.6,"Wisconsin",1,c(-92.073778, 46.728833)
"6352","SUPERIOR SEWAGE DISPOSAL SYSTEM","AVENUE E","SUPERIOR","WI",5,7.6,NA,NA,c(-92.085278, 46.664639)
"6353","SUPERIOR SEWAGE DISPOSAL SYSTEM","AVENUE E","SUPERIOR","WI",5,7.6,NA,NA,c(-92.138556, 46.717333)
"6354","MILWAUKEE METRO SEW DIST COMBI","8500 SOUTH FIFTH ST","MILWAUKEE","WI",123,NA,"Wisconsin",1,c(-87.9217891, 43.0319012)
"6355","MILWAUKEE METRO SEW DIST COMBI","8500 SOUTH FIFTH ST","MILWAUKEE","WI",123,NA,NA,NA,c(-87.9011471, 43.0561692)
"6356","MILWAUKEE METRO SEW DIST COMBI","8500 SOUTH FIFTH ST","MILWAUKEE","WI",123,NA,NA,NA,c(-87.9130528, 43.0478177)
"6357","MILWAUKEE METRO SEW DIST COMBI","8500 SOUTH FIFTH ST","MILWAUKEE","WI",123,NA,NA,NA,c(-87.9056693, 43.053071)
"6358","MILWAUKEE METRO SEW DIST COMBI","8500 SOUTH FIFTH ST","MILWAUKEE","WI",123,NA,"Wisconsin",1,c(-87.9037657, 43.0253414)
"6359","MILWAUKEE METRO SEW DIST COMBI","8500 SOUTH FIFTH ST","MILWAUKEE","WI",123,NA,"Wisconsin",1,c(-87.9109083, 43.008055)
"6360","MILWAUKEE METRO SEW DIST COMBI","8500 SOUTH FIFTH ST","MILWAUKEE","WI",123,NA,NA,NA,c(-87.8991748, 43.0571858)
"6361","MILWAUKEE METRO SEW DIST COMBI","8500 SOUTH FIFTH ST","MILWAUKEE","WI",123,NA,NA,NA,c(-87.9149769, 43.0312785)
"6362","MILWAUKEE METRO SEW DIST COMBI","8500 SOUTH FIFTH ST","MILWAUKEE","WI",123,NA,"Wisconsin",1,c(-87.8991024, 43.089315)
"6363","MILWAUKEE METRO SEW DIST COMBI","8500 SOUTH FIFTH ST","MILWAUKEE","WI",123,NA,NA,NA,c(-87.8925048, 43.0819848)
"6364","MILWAUKEE METRO SEW DIST COMBI","8500 SOUTH FIFTH ST","MILWAUKEE","WI",123,NA,NA,NA,c(-87.8914992, 43.0819155)
"6365","MILWAUKEE METRO SEW DIST COMBI","8500 SOUTH FIFTH ST","MILWAUKEE","WI",123,NA,"Wisconsin",1,c(-87.8931828, 43.0765233)
"6366","MILWAUKEE METRO SEW DIST COMBI","8500 SOUTH FIFTH ST","MILWAUKEE","WI",123,NA,"Wisconsin",1,c(-87.8929533, 43.0746663)
"6367","MILWAUKEE METRO SEW DIST COMBI","8500 SOUTH FIFTH ST","MILWAUKEE","WI",123,NA,NA,NA,c(-87.8939422, 43.0711011)
"6368","MILWAUKEE METRO SEW DIST COMBI","8500 SOUTH FIFTH ST","MILWAUKEE","WI",123,NA,NA,NA,c(-87.894435, 43.0673598)
"6369","MILWAUKEE METRO SEW DIST COMBI","8500 SOUTH FIFTH ST","MILWAUKEE","WI",123,NA,NA,NA,c(-87.8923407, 43.063746)
"6370","MILWAUKEE METRO SEW DIST COMBI","8500 SOUTH FIFTH ST","MILWAUKEE","WI",123,NA,NA,NA,c(-87.8941993, 43.0573981)
"6371","MILWAUKEE METRO SEW DIST COMBI","8500 SOUTH FIFTH ST","MILWAUKEE","WI",123,NA,NA,NA,c(-87.8975039, 43.0567683)
"6372","MILWAUKEE METRO SEW DIST COMBI","8500 SOUTH FIFTH ST","MILWAUKEE","WI",123,NA,NA,NA,c(-87.897727, 43.0573613)
"6373","MILWAUKEE METRO SEW DIST COMBI","8500 SOUTH FIFTH ST","MILWAUKEE","WI",123,NA,NA,NA,c(-87.9011966, 43.0561444)
"6374","MILWAUKEE METRO SEW DIST COMBI","8500 SOUTH FIFTH ST","MILWAUKEE","WI",123,NA,NA,NA,c(-87.9012109, 43.0567764)
"6375","MILWAUKEE METRO SEW DIST COMBI","8500 SOUTH FIFTH ST","MILWAUKEE","WI",123,NA,NA,NA,c(-87.9046317, 43.0545572)
"6376","MILWAUKEE METRO SEW DIST COMBI","8500 SOUTH FIFTH ST","MILWAUKEE","WI",123,NA,NA,NA,c(-87.9074393, 43.0522207)
"6377","MILWAUKEE METRO SEW DIST COMBI","8500 SOUTH FIFTH ST","MILWAUKEE","WI",123,NA,NA,NA,c(-87.9078665, 43.0516703)
"6378","MILWAUKEE METRO SEW DIST COMBI","8500 SOUTH FIFTH ST","MILWAUKEE","WI",123,NA,NA,NA,c(-87.9072459, 43.0515396)
"6379","MILWAUKEE METRO SEW DIST COMBI","8500 SOUTH FIFTH ST","MILWAUKEE","WI",123,NA,NA,NA,c(-87.9094954, 43.0501832)
"6380","MILWAUKEE METRO SEW DIST COMBI","8500 SOUTH FIFTH ST","MILWAUKEE","WI",123,NA,NA,NA,c(-87.9121571, 43.0490832)
"6381","MILWAUKEE METRO SEW DIST COMBI","8500 SOUTH FIFTH ST","MILWAUKEE","WI",123,NA,NA,NA,c(-87.9088364, 43.0496557)
"6382","MILWAUKEE METRO SEW DIST COMBI","8500 SOUTH FIFTH ST","MILWAUKEE","WI",123,NA,NA,NA,c(-87.9112759, 43.0483662)
"6383","MILWAUKEE METRO SEW DIST COMBI","8500 SOUTH FIFTH ST","MILWAUKEE","WI",123,NA,NA,NA,c(-87.9135406, 43.046962)
"6384","MILWAUKEE METRO SEW DIST COMBI","8500 SOUTH FIFTH ST","MILWAUKEE","WI",123,NA,NA,NA,c(-87.9135722, 43.0464129)
"6385","MILWAUKEE METRO SEW DIST COMBI","8500 SOUTH FIFTH ST","MILWAUKEE","WI",123,NA,NA,NA,c(-87.9135827, 43.0455046)
"6386","MILWAUKEE METRO SEW DIST COMBI","8500 SOUTH FIFTH ST","MILWAUKEE","WI",123,NA,NA,NA,c(-87.9136092, 43.0442659)
"6387","MILWAUKEE METRO SEW DIST COMBI","8500 SOUTH FIFTH ST","MILWAUKEE","WI",123,NA,NA,NA,c(-87.9128268, 43.0442376)
"6388","MILWAUKEE METRO SEW DIST COMBI","8500 SOUTH FIFTH ST","MILWAUKEE","WI",123,NA,NA,NA,c(-87.913635, 43.0428927)
"6389","MILWAUKEE METRO SEW DIST COMBI","8500 SOUTH FIFTH ST","MILWAUKEE","WI",123,NA,NA,NA,c(-87.9125908, 43.0429033)
"6390","MILWAUKEE METRO SEW DIST COMBI","8500 SOUTH FIFTH ST","MILWAUKEE","WI",123,NA,NA,NA,c(-87.9128148, 43.0416272)
"6391","MILWAUKEE METRO SEW DIST COMBI","8500 SOUTH FIFTH ST","MILWAUKEE","WI",123,NA,NA,NA,c(-87.9119922, 43.0417737)
"6392","MILWAUKEE METRO SEW DIST COMBI","8500 SOUTH FIFTH ST","MILWAUKEE","WI",123,NA,NA,NA,c(-87.9125839, 43.0412734)
"6393","MILWAUKEE METRO SEW DIST COMBI","8500 SOUTH FIFTH ST","MILWAUKEE","WI",123,NA,NA,NA,c(-87.9117262, 43.0403727)
"6394","MILWAUKEE METRO SEW DIST COMBI","8500 SOUTH FIFTH ST","MILWAUKEE","WI",123,NA,NA,NA,c(-87.9112223, 43.0406102)
"6395","MILWAUKEE METRO SEW DIST COMBI","8500 SOUTH FIFTH ST","MILWAUKEE","WI",123,NA,NA,NA,c(-87.9113325, 43.039887)
"6396","MILWAUKEE METRO SEW DIST COMBI","8500 SOUTH FIFTH ST","MILWAUKEE","WI",123,NA,NA,NA,c(-87.9103552, 43.0387478)
"6397","MILWAUKEE METRO SEW DIST COMBI","8500 SOUTH FIFTH ST","MILWAUKEE","WI",123,NA,NA,NA,c(-87.9096428, 43.0385247)
"6398","MILWAUKEE METRO SEW DIST COMBI","8500 SOUTH FIFTH ST","MILWAUKEE","WI",123,NA,NA,NA,c(-87.910124, 43.0373733)
"6399","MILWAUKEE METRO SEW DIST COMBI","8500 SOUTH FIFTH ST","MILWAUKEE","WI",123,NA,NA,NA,c(-87.9094837, 43.0373549)
"6400","MILWAUKEE METRO SEW DIST COMBI","8500 SOUTH FIFTH ST","MILWAUKEE","WI",123,NA,NA,NA,c(-87.9101054, 43.0367049)
"6401","MILWAUKEE METRO SEW DIST COMBI","8500 SOUTH FIFTH ST","MILWAUKEE","WI",123,NA,NA,NA,c(-87.910165, 43.0360599)
"6402","MILWAUKEE METRO SEW DIST COMBI","8500 SOUTH FIFTH ST","MILWAUKEE","WI",123,NA,NA,NA,c(-87.9093805, 43.036152)
"6403","MILWAUKEE METRO SEW DIST COMBI","8500 SOUTH FIFTH ST","MILWAUKEE","WI",123,NA,NA,NA,c(-87.9104605, 43.0346219)
"6404","MILWAUKEE METRO SEW DIST COMBI","8500 SOUTH FIFTH ST","MILWAUKEE","WI",123,NA,NA,NA,c(-87.9094805, 43.0350189)
"6405","MILWAUKEE METRO SEW DIST COMBI","8500 SOUTH FIFTH ST","MILWAUKEE","WI",123,NA,NA,NA,c(-87.9096897, 43.0337959)
"6406","MILWAUKEE METRO SEW DIST COMBI","8500 SOUTH FIFTH ST","MILWAUKEE","WI",123,NA,NA,NA,c(-87.9099571, 43.0325566)
"6407","MILWAUKEE METRO SEW DIST COMBI","8500 SOUTH FIFTH ST","MILWAUKEE","WI",123,NA,NA,NA,c(-87.9109988, 43.0308891)
"6408","MILWAUKEE METRO SEW DIST COMBI","8500 SOUTH FIFTH ST","MILWAUKEE","WI",123,NA,NA,NA,c(-87.9076523, 43.0297767)
"6409","MILWAUKEE METRO SEW DIST COMBI","8500 SOUTH FIFTH ST","MILWAUKEE","WI",123,NA,NA,NA,c(-87.907159, 43.0303823)
"6410","MILWAUKEE METRO SEW DIST COMBI","8500 SOUTH FIFTH ST","MILWAUKEE","WI",123,NA,NA,NA,c(-87.9053704, 43.0277335)
"6411","MILWAUKEE METRO SEW DIST COMBI","8500 SOUTH FIFTH ST","MILWAUKEE","WI",123,NA,NA,NA,c(-87.9044123, 43.0285001)
"6412","MILWAUKEE METRO SEW DIST COMBI","8500 SOUTH FIFTH ST","MILWAUKEE","WI",123,NA,"Wisconsin",1,c(-87.9037624, 43.0252158)
"6413","MILWAUKEE METRO SEW DIST COMBI","8500 SOUTH FIFTH ST","MILWAUKEE","WI",123,NA,NA,NA,c(-87.9087853, 43.0496945)
"6414","MILWAUKEE METRO SEW DIST COMBI","8500 SOUTH FIFTH ST","MILWAUKEE","WI",123,NA,"Wisconsin",1,c(-87.9563376, 43.0968051)
"6415","MILWAUKEE METRO SEW DIST COMBI","8500 SOUTH FIFTH ST","MILWAUKEE","WI",123,NA,NA,NA,c(-87.8954166, 43.0569619)
"6416","MILWAUKEE METRO SEW DIST COMBI","8500 SOUTH FIFTH ST","MILWAUKEE","WI",123,NA,NA,NA,c(-87.9128806, 43.0457958)
"6417","MILWAUKEE METRO SEW DIST COMBI","8500 SOUTH FIFTH ST","MILWAUKEE","WI",123,NA,"Wisconsin",1,c(-87.9055892, 43.0229464)
"6418","MILWAUKEE METRO SEW DIST COMBI","8500 SOUTH FIFTH ST","MILWAUKEE","WI",123,NA,"Wisconsin",1,c(-87.9059628, 43.0213969)
"6419","MILWAUKEE METRO SEW DIST COMBI","8500 SOUTH FIFTH ST","MILWAUKEE","WI",123,NA,"Wisconsin",1,c(-87.9028172, 43.0170415)
"6420","MILWAUKEE METRO SEW DIST COMBI","8500 SOUTH FIFTH ST","MILWAUKEE","WI",123,NA,"Wisconsin",1,c(-87.9082529, 43.0086427)
"6421","MILWAUKEE METRO SEW DIST COMBI","8500 SOUTH FIFTH ST","MILWAUKEE","WI",123,NA,"Wisconsin",1,c(-87.9080527, 43.0081248)
"6422","MILWAUKEE METRO SEW DIST COMBI","8500 SOUTH FIFTH ST","MILWAUKEE","WI",123,NA,"Wisconsin",1,c(-87.9110859, 43.0085592)
"6423","MILWAUKEE METRO SEW DIST COMBI","8500 SOUTH FIFTH ST","MILWAUKEE","WI",123,NA,"Wisconsin",1,c(-87.9112674, 43.0080575)
"6424","MILWAUKEE METRO SEW DIST COMBI","8500 SOUTH FIFTH ST","MILWAUKEE","WI",123,NA,"Wisconsin",1,c(-87.9124922, 43.0084434)
"6425","MILWAUKEE METRO SEW DIST COMBI","8500 SOUTH FIFTH ST","MILWAUKEE","WI",123,NA,"Wisconsin",1,c(-87.9141844, 43.0082359)
"6426","MILWAUKEE METRO SEW DIST COMBI","8500 SOUTH FIFTH ST","MILWAUKEE","WI",123,NA,"Wisconsin",1,c(-87.9142316, 43.0067321)
"6427","MILWAUKEE METRO SEW DIST COMBI","8500 SOUTH FIFTH ST","MILWAUKEE","WI",123,NA,"Wisconsin",1,c(-87.9140906, 43.0066236)
"6428","MILWAUKEE METRO SEW DIST COMBI","8500 SOUTH FIFTH ST","MILWAUKEE","WI",123,NA,"Wisconsin",1,c(-87.9114987, 43.002599)
"6429","MILWAUKEE METRO SEW DIST COMBI","8500 SOUTH FIFTH ST","MILWAUKEE","WI",123,NA,"Wisconsin",1,c(-87.9121859, 43.0028444)
"6430","MILWAUKEE METRO SEW DIST COMBI","8500 SOUTH FIFTH ST","MILWAUKEE","WI",123,NA,"Wisconsin",1,c(-87.9117618, 43.002857)
"6431","MILWAUKEE METRO SEW DIST COMBI","8500 SOUTH FIFTH ST","MILWAUKEE","WI",123,NA,"Wisconsin",1,c(-87.9122121, 42.9972957)
"6432","MILWAUKEE METRO SEW DIST COMBI","8500 SOUTH FIFTH ST","MILWAUKEE","WI",123,NA,"Wisconsin",1,c(-87.9122148, 42.9970394)
"6433","MILWAUKEE METRO SEW DIST COMBI","8500 SOUTH FIFTH ST","MILWAUKEE","WI",123,NA,"Wisconsin",1,c(-87.91841, 42.9955284)
"6434","MILWAUKEE METRO SEW DIST COMBI","8500 SOUTH FIFTH ST","MILWAUKEE","WI",123,NA,"Wisconsin",1,c(-87.9184095, 42.9955511)
"6435","MILWAUKEE METRO SEW DIST COMBI","8500 SOUTH FIFTH ST","MILWAUKEE","WI",123,NA,"Wisconsin",1,c(-87.9183856, 42.995491)
"6436","MILWAUKEE METRO SEW DIST COMBI","8500 SOUTH FIFTH ST","MILWAUKEE","WI",123,NA,"Wisconsin",1,c(-87.9211842, 42.9969468)
"6437","MILWAUKEE METRO SEW DIST COMBI","8500 SOUTH FIFTH ST","MILWAUKEE","WI",123,NA,"Wisconsin",1,c(-87.929822, 42.9971464)
"6438","MILWAUKEE METRO SEW DIST COMBI","8500 SOUTH FIFTH ST","MILWAUKEE","WI",123,NA,"Wisconsin",1,c(-87.9479935, 42.9916821)
"6439","MILWAUKEE METRO SEW DIST COMBI","8500 SOUTH FIFTH ST","MILWAUKEE","WI",123,NA,NA,NA,c(-87.9123478, 43.032273)
"6440","MILWAUKEE METRO SEW DIST COMBI","8500 SOUTH FIFTH ST","MILWAUKEE","WI",123,NA,"Wisconsin",1,c(-87.9288581, 43.0325481)
"6441","MILWAUKEE METRO SEW DIST COMBI","8500 SOUTH FIFTH ST","MILWAUKEE","WI",123,NA,"Wisconsin",1,c(-87.9315226, 43.0329289)
"6442","MILWAUKEE METRO SEW DIST COMBI","8500 SOUTH FIFTH ST","MILWAUKEE","WI",123,NA,"Wisconsin",1,c(-87.9316168, 43.0329321)
"6443","MILWAUKEE METRO SEW DIST COMBI","8500 SOUTH FIFTH ST","MILWAUKEE","WI",123,NA,"Wisconsin",1,c(-87.9341379, 43.0329359)
"6444","MILWAUKEE METRO SEW DIST COMBI","8500 SOUTH FIFTH ST","MILWAUKEE","WI",123,NA,"Wisconsin",1,c(-87.9449788, 43.0327102)
"6445","MILWAUKEE METRO SEW DIST COMBI","8500 SOUTH FIFTH ST","MILWAUKEE","WI",123,NA,"Wisconsin",1,c(-87.9457293, 43.0325237)
"6446","MILWAUKEE METRO SEW DIST COMBI","8500 SOUTH FIFTH ST","MILWAUKEE","WI",123,NA,"Wisconsin",1,c(-87.9455748, 43.032187)
"6447","MILWAUKEE METRO SEW DIST COMBI","8500 SOUTH FIFTH ST","MILWAUKEE","WI",123,NA,"Wisconsin",1,c(-87.9479312, 43.0279159)
"6448","MILWAUKEE METRO SEW DIST COMBI","8500 SOUTH FIFTH ST","MILWAUKEE","WI",123,NA,"Wisconsin",1,c(-87.9576202, 43.0250633)
"6449","MILWAUKEE METRO SEW DIST COMBI","8500 SOUTH FIFTH ST","MILWAUKEE","WI",123,NA,NA,NA,c(-87.9652677, 43.0389195)
"6450","MILWAUKEE METRO SEW DIST COMBI","8500 SOUTH FIFTH ST","MILWAUKEE","WI",123,NA,"Wisconsin",1,c(-87.9675224, 43.0411616)
"6451","MILWAUKEE METRO SEW DIST COMBI","8500 SOUTH FIFTH ST","MILWAUKEE","WI",123,NA,"Wisconsin",1,c(-87.9675798, 43.0413143)
"6452","MILWAUKEE METRO SEW DIST COMBI","8500 SOUTH FIFTH ST","MILWAUKEE","WI",123,NA,NA,NA,c(-87.9730332, 43.0415867)
"6453","MILWAUKEE METRO SEW DIST COMBI","8500 SOUTH FIFTH ST","MILWAUKEE","WI",123,NA,"Wisconsin",1,c(-87.9828573, 43.0425998)
"6454","MILWAUKEE METRO SEW DIST COMBI","8500 SOUTH FIFTH ST","MILWAUKEE","WI",123,NA,"Wisconsin",1,c(-87.9228701, 43.0322895)
"6455","MILWAUKEE METRO SEW DIST COMBI","8500 SOUTH FIFTH ST","MILWAUKEE","WI",123,NA,NA,NA,c(-87.9149936, 43.0298621)
"6456","MILWAUKEE METRO SEW DIST COMBI","8500 SOUTH FIFTH ST","MILWAUKEE","WI",123,NA,"Wisconsin",1,c(-87.9183335, 43.0292231)
"6457","MILWAUKEE METRO SEW DIST COMBI","8500 SOUTH FIFTH ST","MILWAUKEE","WI",123,NA,"Wisconsin",1,c(-87.9224293, 43.026208)
"6458","MILWAUKEE METRO SEW DIST COMBI","8500 SOUTH FIFTH ST","MILWAUKEE","WI",123,NA,"Wisconsin",1,c(-87.9224841, 43.0261882)
"6459","MILWAUKEE METRO SEW DIST COMBI","8500 SOUTH FIFTH ST","MILWAUKEE","WI",123,NA,"Wisconsin",1,c(-87.9252297, 43.0261989)
"6460","MILWAUKEE METRO SEW DIST COMBI","8500 SOUTH FIFTH ST","MILWAUKEE","WI",123,NA,"Wisconsin",1,c(-87.9278789, 43.0262281)
"6461","MILWAUKEE METRO SEW DIST COMBI","8500 SOUTH FIFTH ST","MILWAUKEE","WI",123,NA,"Wisconsin",1,c(-87.9309423, 43.0264751)
"6462","MILWAUKEE METRO SEW DIST COMBI","8500 SOUTH FIFTH ST","MILWAUKEE","WI",123,NA,"Wisconsin",1,c(-87.8919836, 43.0082456)
"6463","MILWAUKEE METRO SEW DIST COMBI","8500 SOUTH FIFTH ST","MILWAUKEE","WI",123,NA,NA,NA,c(-87.8874458, 43.0005244)
"6464","MILWAUKEE METRO SEW DIST COMBI","8500 SOUTH FIFTH ST","MILWAUKEE","WI",123,NA,"Wisconsin",1,c(-87.9522541, 43.1050854)
"6465","MILWAUKEE METRO SEW DIST COMBI","8500 SOUTH FIFTH ST","MILWAUKEE","WI",123,NA,"Wisconsin",1,c(-87.9070156, 43.0965371)
"6466","MILWAUKEE METRO SEW DIST COMBI","8500 SOUTH FIFTH ST","MILWAUKEE","WI",123,NA,"Wisconsin",1,c(-87.917594, 42.995012)
"6467","MILWAUKEE METRO SEW DIST COMBI","8500 SOUTH FIFTH ST","MILWAUKEE","WI",123,NA,"Wisconsin",1,c(-87.9866094, 43.0422937)
"6468","ELKINS CITY OF","5 RIVERBEND RD","ELKINS","WV",4.99,NA,NA,NA,c(-79.8461, 38.9167)
"6469","ELKINS CITY OF","5 RIVERBEND RD","ELKINS","WV",4.99,NA,"West Virginia",1,c(-79.8414, 38.9344)
"6470","ELKINS CITY OF","5 RIVERBEND RD","ELKINS","WV",4.99,NA,"West Virginia",1,c(-79.8469, 38.9231)
"6471","ELKINS CITY OF","5 RIVERBEND RD","ELKINS","WV",4.99,NA,"West Virginia",1,c(-79.8483, 38.9236)
"6472","ELKINS CITY OF","5 RIVERBEND RD","ELKINS","WV",4.99,NA,"West Virginia",1,c(-79.8497, 38.9244)
"6473","ELKINS CITY OF","5 RIVERBEND RD","ELKINS","WV",4.99,NA,"West Virginia",1,c(-79.8517, 38.9244)
"6474","ELKINS CITY OF","5 RIVERBEND RD","ELKINS","WV",4.99,NA,"West Virginia",1,c(-79.8578, 38.9256)
"6475","ELKINS CITY OF","5 RIVERBEND RD","ELKINS","WV",4.99,NA,NA,NA,c(-79.86, 38.9439)
"6476","ELKINS CITY OF","5 RIVERBEND RD","ELKINS","WV",4.99,NA,NA,NA,c(-79.8722, 38.9264)
"6477","ELKINS CITY OF","5 RIVERBEND RD","ELKINS","WV",4.99,NA,"West Virginia",1,c(-79.8506, 38.9231)
"6478","ELKINS CITY OF","5 RIVERBEND RD","ELKINS","WV",4.99,NA,"West Virginia",1,c(-79.8492, 38.9228)
"6479","ELKINS CITY OF","5 RIVERBEND RD","ELKINS","WV",4.99,NA,"West Virginia",1,c(-79.8478, 38.9228)
"6480","ELKINS CITY OF","5 RIVERBEND RD","ELKINS","WV",4.99,NA,"West Virginia",1,c(-79.8467, 38.9222)
"6481","ELKINS CITY OF","5 RIVERBEND RD","ELKINS","WV",4.99,NA,NA,NA,c(-79.8664, 38.9242)
"6482","TOWN OF WEST UNION","103 EDMOND STREET","WEST UNION","WV",0.2,NA,"West Virginia",1,c(-80.7819, 39.2967)
"6483","CAMERON, CITY OF","150 A LOUDENVILLE RD.","CAMERON","WV",0.21,NA,NA,NA,c(-80.5861, 39.8292)
"6484","MCMECHEN CITY OF","1501-WEST BALTIMORE AVE. (AKA-16TH AND ROUTE 2)","MCMECHEN","WV",0.3,NA,"West Virginia",1,c(-80.7347, 39.9853)
"6485","MCMECHEN CITY OF","1501-WEST BALTIMORE AVE. (AKA-16TH AND ROUTE 2)","MCMECHEN","WV",0.3,NA,"West Virginia",1,c(-80.7317, 39.9786)
"6486","MCMECHEN CITY OF","1501-WEST BALTIMORE AVE. (AKA-16TH AND ROUTE 2)","MCMECHEN","WV",0.3,NA,"West Virginia",1,c(-80.7358, 39.9825)
"6487","MOOREFIELD WASTEWATER COLLECTION SYSTEM","206 WINCHESTER AVE.","MOOREFIELD","WV",NA,NA,NA,NA,c(-78.9742, 39.0658)
"6488","MOOREFIELD WASTEWATER COLLECTION SYSTEM","206 WINCHESTER AVE.","MOOREFIELD","WV",NA,NA,NA,NA,c(-78.9742, 39.0647)
"6489","FOLLANSBEE CITY OF","RIVER ROAD","FOLLANSBEE","WV",1.6,NA,"West Virginia",1,c(-80.5972, 40.3303)
"6490","FOLLANSBEE CITY OF","RIVER ROAD","FOLLANSBEE","WV",1.6,NA,"West Virginia",1,c(-80.5972, 40.3283)
"6491","FOLLANSBEE CITY OF","RIVER ROAD","FOLLANSBEE","WV",1.6,NA,"West Virginia",1,c(-80.5983, 40.3228)
"6492","FOLLANSBEE CITY OF","RIVER ROAD","FOLLANSBEE","WV",1.6,NA,"West Virginia",1,c(-80.5975, 40.3181)
"6493","FOLLANSBEE CITY OF","RIVER ROAD","FOLLANSBEE","WV",1.6,NA,"West Virginia",1,c(-80.5972, 40.3239)
"6494","MONTGOMERY CITY OF","1422 3RD AVE, WEST","MONTGOMERY","WV",0.5,NA,"West Virginia",1,c(-81.33, 38.1814)
"6495","MONTGOMERY CITY OF","1422 3RD AVE, WEST","MONTGOMERY","WV",0.5,NA,"West Virginia",1,c(-81.3283, 38.1828)
"6496","MONTGOMERY CITY OF","1422 3RD AVE, WEST","MONTGOMERY","WV",0.5,NA,"West Virginia",1,c(-81.3267, 38.1819)
"6497","MONTGOMERY CITY OF","1422 3RD AVE, WEST","MONTGOMERY","WV",0.5,NA,"West Virginia",1,c(-81.3344, 38.1806)
"6498","CITY OF BENWOOD","430 MAIN STREET","BENWOOD","WV",NA,NA,"West Virginia",1,c(-80.7356, 40.0011)
"6499","CITY OF BENWOOD","430 MAIN STREET","BENWOOD","WV",NA,NA,"West Virginia",1,c(-80.7378, 40.0117)
"6500","CITY OF BENWOOD","430 MAIN STREET","BENWOOD","WV",NA,NA,"West Virginia",1,c(-80.7353, 40.0017)
"6501","CITY OF MULLENS SANITERY BOARD","601 GUYANDOTTE AVE","MULLENS","WV",0.33,NA,"West Virginia",1,c(-81.3889, 37.5778)
"6502","CITY OF MULLENS SANITERY BOARD","601 GUYANDOTTE AVE","MULLENS","WV",0.33,NA,"West Virginia",1,c(-81.395, 37.5719)
"6503","CITY OF MULLENS SANITERY BOARD","601 GUYANDOTTE AVE","MULLENS","WV",0.33,NA,"West Virginia",1,c(-81.3997, 37.5725)
"6504","SMITHERS CITY OF","518 MICHIGAN AVE","SMITHERS","WV",NA,NA,"West Virginia",1,c(-81.3061, 38.1697)
"6505","SMITHERS CITY OF","518 MICHIGAN AVE","SMITHERS","WV",NA,NA,"West Virginia",1,c(-81.3064, 38.175)
"6506","SMITHERS CITY OF","518 MICHIGAN AVE","SMITHERS","WV",NA,NA,"West Virginia",1,c(-81.3108, 38.1806)
"6507","TOWN OF MARMET","WV RT. 61 ON EASTERN BANK OF LENS CREEK","MARMET","WV",0.5,NA,NA,NA,c(-81.5717, 38.2533)
"6508","TOWN OF MARMET","WV RT. 61 ON EASTERN BANK OF LENS CREEK","MARMET","WV",0.5,NA,NA,NA,c(-81.5689, 38.2506)
"6509","TOWN OF MARMET","WV RT. 61 ON EASTERN BANK OF LENS CREEK","MARMET","WV",0.5,NA,NA,NA,c(-81.5625, 38.2461)
"6510","CITY OF SISTERSVILLE","300 CLAY STREET","SISTERSVILLE","WV",0.3,NA,NA,NA,c(-81.0053, 39.5603)
"6511","CITY OF SISTERSVILLE","300 CLAY STREET","SISTERSVILLE","WV",0.3,NA,NA,NA,c(-81.005, 39.5586)
"6512","CITY OF SISTERSVILLE","300 CLAY STREET","SISTERSVILLE","WV",0.3,NA,NA,NA,c(-81.0144, 39.5636)
"6513","CITY OF GRAFTON","466 GEORGE WASHINGTON HIGHWAY","GRAFTON","WV",2.3,NA,"West Virginia",1,c(-80.0319, 39.3411)
"6514","CITY OF GRAFTON","466 GEORGE WASHINGTON HIGHWAY","GRAFTON","WV",2.3,NA,"West Virginia",1,c(-80.0306, 39.34)
"6515","CITY OF GRAFTON","466 GEORGE WASHINGTON HIGHWAY","GRAFTON","WV",2.3,NA,"West Virginia",1,c(-80.0303, 39.34)
"6516","CITY OF GRAFTON","466 GEORGE WASHINGTON HIGHWAY","GRAFTON","WV",2.3,NA,"West Virginia",1,c(-80.025, 39.3403)
"6517","CITY OF GRAFTON","466 GEORGE WASHINGTON HIGHWAY","GRAFTON","WV",2.3,NA,"West Virginia",1,c(-80.0242, 39.34)
"6518","CITY OF GRAFTON","466 GEORGE WASHINGTON HIGHWAY","GRAFTON","WV",2.3,NA,"West Virginia",1,c(-80.0239, 39.3378)
"6519","CITY OF GRAFTON","466 GEORGE WASHINGTON HIGHWAY","GRAFTON","WV",2.3,NA,"West Virginia",1,c(-80.0194, 39.3317)
"6520","CITY OF GRAFTON","466 GEORGE WASHINGTON HIGHWAY","GRAFTON","WV",2.3,NA,"West Virginia",1,c(-80.02, 39.3389)
"6521","CITY OF GRAFTON","466 GEORGE WASHINGTON HIGHWAY","GRAFTON","WV",2.3,NA,"West Virginia",1,c(-80.02, 39.3394)
"6522","CITY OF GRAFTON","466 GEORGE WASHINGTON HIGHWAY","GRAFTON","WV",2.3,NA,"West Virginia",1,c(-80.0172, 39.3425)
"6523","CITY OF GRAFTON","466 GEORGE WASHINGTON HIGHWAY","GRAFTON","WV",2.3,NA,"West Virginia",1,c(-80.0161, 39.3389)
"6524","CITY OF GRAFTON","466 GEORGE WASHINGTON HIGHWAY","GRAFTON","WV",2.3,NA,"West Virginia",1,c(-80.0242, 39.34)
"6525","CITY OF GRAFTON","466 GEORGE WASHINGTON HIGHWAY","GRAFTON","WV",2.3,NA,"West Virginia",1,c(-79.9994, 39.3464)
"6526","CITY OF GRAFTON","466 GEORGE WASHINGTON HIGHWAY","GRAFTON","WV",2.3,NA,"West Virginia",1,c(-80.0225, 39.3417)
"6527","CITY OF GRAFTON","466 GEORGE WASHINGTON HIGHWAY","GRAFTON","WV",2.3,NA,NA,NA,c(-80.0408, 39.3531)
"6528","TWON OF FARMINGTON","P.O. BOX 520","FARMINGTON","WV",0.125,NA,"West Virginia",1,c(-80.2492, 39.5114)
"6529","KINGWOOD CITY OF","102 SHOWER BATH RD","KINGWOOD","WV",0.633,NA,"West Virginia",1,c(-79.6806, 39.4792)
"6530","KINGWOOD CITY OF","102 SHOWER BATH RD","KINGWOOD","WV",0.633,NA,"West Virginia",1,c(-79.6617, 39.4592)
"6531","KINGWOOD CITY OF","102 SHOWER BATH RD","KINGWOOD","WV",0.633,NA,"West Virginia",1,c(-79.6794, 39.4475)
"6532","RICHWOOD CITY OF","STAFF DRIVE","RICHWOOD","WV",0.5,NA,"West Virginia",1,c(-80.5375, 38.2219)
"6533","RICHWOOD CITY OF","STAFF DRIVE","RICHWOOD","WV",0.5,NA,"West Virginia",1,c(-80.5617, 38.2208)
"6534","POINT PLEASANT WASTEWATER TREATMENT PLANT","SECOND AND WALNUT STREET","POINT PLEASANT","WV",0.7,NA,"West Virginia",1,c(-82.1367, 38.8564)
"6535","POINT PLEASANT WASTEWATER TREATMENT PLANT","SECOND AND WALNUT STREET","POINT PLEASANT","WV",0.7,NA,"West Virginia",1,c(-82.1364, 38.8375)
"6536","CITY OF PARSONS","450 D AND W LANE","PARSONS","WV",0.4,NA,"West Virginia",1,c(-79.6778, 39.0975)
"6537","CITY OF PARSONS","450 D AND W LANE","PARSONS","WV",0.4,NA,"West Virginia",1,c(-79.6803, 39.1014)
"6538","CITY OF PARSONS","450 D AND W LANE","PARSONS","WV",0.4,NA,"West Virginia",1,c(-79.6797, 39.0936)
"6539","CITY OF PARSONS","450 D AND W LANE","PARSONS","WV",0.4,NA,"West Virginia",1,c(-79.6825, 39.1039)
"6540","CITY OF PARSONS","450 D AND W LANE","PARSONS","WV",0.4,NA,"West Virginia",1,c(-79.6806, 39.1006)
"6541","BETHANY SANITATION BOARD","CASTLEMAN ROAD","BETHANY","WV",0.2,NA,NA,NA,c(-80.5525, 40.2042)
"6542","BETHANY SANITATION BOARD","CASTLEMAN ROAD","BETHANY","WV",0.2,NA,NA,NA,c(-80.5531, 40.2014)
"6543","BETHANY SANITATION BOARD","CASTLEMAN ROAD","BETHANY","WV",0.2,NA,NA,NA,c(-80.5597, 40.2036)
"6544","FAYETTEVILLE WTTP","275 WOOLLARD ROAD","FAYETTEVILLE","WV",0.5,0,"West Virginia",1,c(-81.1022, 38.065)
"6545","FAYETTEVILLE WTTP","275 WOOLLARD ROAD","FAYETTEVILLE","WV",0.5,0,"West Virginia",1,c(-81.0967, 38.0528)
"6546","PRINCETON SANITARY BOARD","719 ROUNDHOUSE RD","PRINCETON","WV",4.9,0,"West Virginia",1,c(-81.0853, 37.3842)
"6547","MORGANTOWN WWTP","300 FRONTIER STREET","STAR CITY","WV",20.8,NA,"West Virginia",1,c(-79.9606, 39.6281)
"6548","MORGANTOWN WWTP","300 FRONTIER STREET","STAR CITY","WV",20.8,NA,NA,NA,c(-79.9572, 39.6264)
"6549","MORGANTOWN WWTP","300 FRONTIER STREET","STAR CITY","WV",20.8,NA,NA,NA,c(-79.955, 39.6272)
"6550","MORGANTOWN WWTP","300 FRONTIER STREET","STAR CITY","WV",20.8,NA,NA,NA,c(-79.9544, 39.6275)
"6551","MORGANTOWN WWTP","300 FRONTIER STREET","STAR CITY","WV",20.8,NA,"West Virginia",1,c(-79.9517, 39.6292)
"6552","MORGANTOWN WWTP","300 FRONTIER STREET","STAR CITY","WV",20.8,NA,"West Virginia",1,c(-79.9472, 39.6275)
"6553","MORGANTOWN WWTP","300 FRONTIER STREET","STAR CITY","WV",20.8,NA,NA,NA,c(-79.9353, 39.6294)
"6554","MORGANTOWN WWTP","300 FRONTIER STREET","STAR CITY","WV",20.8,NA,NA,NA,c(-79.9344, 39.6289)
"6555","MORGANTOWN WWTP","300 FRONTIER STREET","STAR CITY","WV",20.8,NA,NA,NA,c(-79.9272, 39.625)
"6556","MORGANTOWN WWTP","300 FRONTIER STREET","STAR CITY","WV",20.8,NA,NA,NA,c(-79.9258, 39.6233)
"6557","MORGANTOWN WWTP","300 FRONTIER STREET","STAR CITY","WV",20.8,NA,NA,NA,c(-79.9258, 39.6197)
"6558","MORGANTOWN WWTP","300 FRONTIER STREET","STAR CITY","WV",20.8,NA,NA,NA,c(-79.9247, 39.6183)
"6559","MORGANTOWN WWTP","300 FRONTIER STREET","STAR CITY","WV",20.8,NA,NA,NA,c(-79.9225, 39.6153)
"6560","MORGANTOWN WWTP","300 FRONTIER STREET","STAR CITY","WV",20.8,NA,NA,NA,c(-79.97, 39.6167)
"6561","MORGANTOWN WWTP","300 FRONTIER STREET","STAR CITY","WV",20.8,NA,NA,NA,c(-79.9689, 39.6186)
"6562","MORGANTOWN WWTP","300 FRONTIER STREET","STAR CITY","WV",20.8,NA,NA,NA,c(-79.9658, 39.6228)
"6563","MORGANTOWN WWTP","300 FRONTIER STREET","STAR CITY","WV",20.8,NA,NA,NA,c(-79.9622, 39.6272)
"6564","MORGANTOWN WWTP","300 FRONTIER STREET","STAR CITY","WV",20.8,NA,NA,NA,c(-79.9614, 39.6281)
"6565","MORGANTOWN WWTP","300 FRONTIER STREET","STAR CITY","WV",20.8,NA,"West Virginia",1,c(-79.9586, 39.6314)
"6566","MORGANTOWN WWTP","300 FRONTIER STREET","STAR CITY","WV",20.8,NA,"West Virginia",1,c(-79.9578, 39.6325)
"6567","MORGANTOWN WWTP","300 FRONTIER STREET","STAR CITY","WV",20.8,NA,"West Virginia",1,c(-79.9572, 39.6342)
"6568","MORGANTOWN WWTP","300 FRONTIER STREET","STAR CITY","WV",20.8,NA,"West Virginia",1,c(-79.9572, 39.635)
"6569","MORGANTOWN WWTP","300 FRONTIER STREET","STAR CITY","WV",20.8,NA,"West Virginia",1,c(-79.9578, 39.6364)
"6570","MORGANTOWN WWTP","300 FRONTIER STREET","STAR CITY","WV",20.8,NA,"West Virginia",1,c(-79.9633, 39.6406)
"6571","MORGANTOWN WWTP","300 FRONTIER STREET","STAR CITY","WV",20.8,NA,NA,NA,c(-79.9853, 39.6569)
"6572","MORGANTOWN WWTP","300 FRONTIER STREET","STAR CITY","WV",20.8,NA,NA,NA,c(-79.9917, 39.6564)
"6573","MORGANTOWN WWTP","300 FRONTIER STREET","STAR CITY","WV",20.8,NA,NA,NA,c(-79.9875, 39.6633)
"6574","MORGANTOWN WWTP","300 FRONTIER STREET","STAR CITY","WV",20.8,NA,"West Virginia",1,c(-79.9606, 39.6283)
"6575","MORGANTOWN WWTP","300 FRONTIER STREET","STAR CITY","WV",20.8,NA,NA,NA,c(-79.9758, 39.6669)
"6576","MORGANTOWN WWTP","300 FRONTIER STREET","STAR CITY","WV",20.8,NA,"West Virginia",1,c(-79.9467, 39.6269)
"6577","MORGANTOWN WWTP","300 FRONTIER STREET","STAR CITY","WV",20.8,NA,"West Virginia",1,c(-79.9586, 39.6369)
"6578","MORGANTOWN WWTP","300 FRONTIER STREET","STAR CITY","WV",20.8,NA,NA,NA,c(-79.9592, 39.6261)
"6579","MORGANTOWN WWTP","300 FRONTIER STREET","STAR CITY","WV",20.8,NA,"West Virginia",1,c(-79.9539, 39.6286)
"6580","MORGANTOWN WWTP","300 FRONTIER STREET","STAR CITY","WV",20.8,NA,NA,NA,c(-79.9928, 39.6561)
"6581","MORGANTOWN WWTP","300 FRONTIER STREET","STAR CITY","WV",20.8,NA,NA,NA,c(-79.9564, 39.6272)
"6582","MORGANTOWN WWTP","300 FRONTIER STREET","STAR CITY","WV",20.8,NA,"West Virginia",1,c(-79.96, 39.6283)
"6583","MORGANTOWN WWTP","300 FRONTIER STREET","STAR CITY","WV",20.8,NA,NA,NA,c(-79.9572, 39.6258)
"6584","MORGANTOWN WWTP","300 FRONTIER STREET","STAR CITY","WV",20.8,NA,NA,NA,c(-79.9544, 39.6275)
"6585","MORGANTOWN WWTP","300 FRONTIER STREET","STAR CITY","WV",20.8,NA,"West Virginia",1,c(-79.935, 39.6297)
"6586","CITY OF HUNTINGTON/ HUNTINGTON SANITARY BOARD","VINSON ROAD AND FLOODWALL","HUNTINGTON","WV",17,0,"West Virginia",1,c(-82.5269, 38.4022)
"6587","CITY OF HUNTINGTON/ HUNTINGTON SANITARY BOARD","VINSON ROAD AND FLOODWALL","HUNTINGTON","WV",17,0,"West Virginia",1,c(-82.5167, 38.4042)
"6588","CITY OF HUNTINGTON/ HUNTINGTON SANITARY BOARD","VINSON ROAD AND FLOODWALL","HUNTINGTON","WV",17,0,"West Virginia",1,c(-82.5022, 38.4083)
"6589","CITY OF HUNTINGTON/ HUNTINGTON SANITARY BOARD","VINSON ROAD AND FLOODWALL","HUNTINGTON","WV",17,0,"West Virginia",1,c(-82.4931, 38.4119)
"6590","CITY OF HUNTINGTON/ HUNTINGTON SANITARY BOARD","VINSON ROAD AND FLOODWALL","HUNTINGTON","WV",17,0,"West Virginia",1,c(-82.48, 38.4133)
"6591","CITY OF HUNTINGTON/ HUNTINGTON SANITARY BOARD","VINSON ROAD AND FLOODWALL","HUNTINGTON","WV",17,0,"West Virginia",1,c(-82.4683, 38.4189)
"6592","CITY OF HUNTINGTON/ HUNTINGTON SANITARY BOARD","VINSON ROAD AND FLOODWALL","HUNTINGTON","WV",17,0,"West Virginia",1,c(-82.4583, 38.4211)
"6593","CITY OF HUNTINGTON/ HUNTINGTON SANITARY BOARD","VINSON ROAD AND FLOODWALL","HUNTINGTON","WV",17,0,"West Virginia",1,c(-82.4536, 38.4222)
"6594","CITY OF HUNTINGTON/ HUNTINGTON SANITARY BOARD","VINSON ROAD AND FLOODWALL","HUNTINGTON","WV",17,0,"West Virginia",1,c(-82.4444, 38.4242)
"6595","CITY OF HUNTINGTON/ HUNTINGTON SANITARY BOARD","VINSON ROAD AND FLOODWALL","HUNTINGTON","WV",17,0,"West Virginia",1,c(-82.4414, 38.425)
"6596","CITY OF HUNTINGTON/ HUNTINGTON SANITARY BOARD","VINSON ROAD AND FLOODWALL","HUNTINGTON","WV",17,0,"West Virginia",1,c(-82.4328, 38.4269)
"6597","CITY OF HUNTINGTON/ HUNTINGTON SANITARY BOARD","VINSON ROAD AND FLOODWALL","HUNTINGTON","WV",17,0,"West Virginia",1,c(-82.4244, 38.4297)
"6598","CITY OF HUNTINGTON/ HUNTINGTON SANITARY BOARD","VINSON ROAD AND FLOODWALL","HUNTINGTON","WV",17,0,"West Virginia",1,c(-82.4147, 38.4333)
"6599","CITY OF HUNTINGTON/ HUNTINGTON SANITARY BOARD","VINSON ROAD AND FLOODWALL","HUNTINGTON","WV",17,0,"West Virginia",1,c(-82.4064, 38.4361)
"6600","CITY OF HUNTINGTON/ HUNTINGTON SANITARY BOARD","VINSON ROAD AND FLOODWALL","HUNTINGTON","WV",17,0,"West Virginia",1,c(-82.3922, 38.4286)
"6601","CITY OF HUNTINGTON/ HUNTINGTON SANITARY BOARD","VINSON ROAD AND FLOODWALL","HUNTINGTON","WV",17,0,NA,NA,c(-82.3889, 38.4139)
"6602","CITY OF HUNTINGTON/ HUNTINGTON SANITARY BOARD","VINSON ROAD AND FLOODWALL","HUNTINGTON","WV",17,0,"West Virginia",1,c(-82.3897, 38.4169)
"6603","CITY OF HUNTINGTON/ HUNTINGTON SANITARY BOARD","VINSON ROAD AND FLOODWALL","HUNTINGTON","WV",17,0,"West Virginia",1,c(-82.3903, 38.4228)
"6604","CITY OF HUNTINGTON/ HUNTINGTON SANITARY BOARD","VINSON ROAD AND FLOODWALL","HUNTINGTON","WV",17,0,"West Virginia",1,c(-82.3869, 38.4311)
"6605","CITY OF HUNTINGTON/ HUNTINGTON SANITARY BOARD","VINSON ROAD AND FLOODWALL","HUNTINGTON","WV",17,0,"West Virginia",1,c(-82.37, 38.4317)
"6606","CITY OF HUNTINGTON/ HUNTINGTON SANITARY BOARD","VINSON ROAD AND FLOODWALL","HUNTINGTON","WV",17,0,"West Virginia",1,c(-82.4983, 38.4064)
"6607","CITY OF HUNTINGTON/ HUNTINGTON SANITARY BOARD","VINSON ROAD AND FLOODWALL","HUNTINGTON","WV",17,0,"West Virginia",1,c(-82.3897, 38.4183)
"6608","CITY OF MARTINSBURG WWTP","500 E JOHN ST","MARTINSBURG","WV",3,NA,NA,NA,c(-77.9539, 39.4514)
"6609","CITY OF ST. ALBANS MUNICIPAL UTILITY COMMISSION","1499 MACCORKLE AVE.","ST. ALBANS","WV",4,0,"West Virginia",1,c(-81.8044, 38.385)
"6610","CITY OF ST. ALBANS MUNICIPAL UTILITY COMMISSION","1499 MACCORKLE AVE.","ST. ALBANS","WV",4,0,"West Virginia",1,c(-81.8289, 38.3928)
"6611","CITY OF ST. ALBANS MUNICIPAL UTILITY COMMISSION","1499 MACCORKLE AVE.","ST. ALBANS","WV",4,0,"West Virginia",1,c(-81.8211, 38.3881)
"6612","CITY OF BECKLEY","700 PINEY CREEK RD.","BECKLEY","WV",8,0,"West Virginia",1,c(-81.1706, 37.7901)
"6613","THE SANITARY BOARD OF THE CITY OF CHARLESTON","208 26TH STREET W","CHARLESTON","WV",14,NA,"West Virginia",1,c(-81.6681, 38.3667)
"6614","THE SANITARY BOARD OF THE CITY OF CHARLESTON","208 26TH STREET W","CHARLESTON","WV",14,NA,"West Virginia",1,c(-81.6433, 38.3553)
"6615","THE SANITARY BOARD OF THE CITY OF CHARLESTON","208 26TH STREET W","CHARLESTON","WV",14,NA,"West Virginia",1,c(-81.6642, 38.3644)
"6616","THE SANITARY BOARD OF THE CITY OF CHARLESTON","208 26TH STREET W","CHARLESTON","WV",14,NA,"West Virginia",1,c(-81.6628, 38.3639)
"6617","THE SANITARY BOARD OF THE CITY OF CHARLESTON","208 26TH STREET W","CHARLESTON","WV",14,NA,"West Virginia",1,c(-81.6606, 38.3628)
"6618","THE SANITARY BOARD OF THE CITY OF CHARLESTON","208 26TH STREET W","CHARLESTON","WV",14,NA,"West Virginia",1,c(-81.6594, 38.3622)
"6619","THE SANITARY BOARD OF THE CITY OF CHARLESTON","208 26TH STREET W","CHARLESTON","WV",14,NA,"West Virginia",1,c(-81.6578, 38.3611)
"6620","THE SANITARY BOARD OF THE CITY OF CHARLESTON","208 26TH STREET W","CHARLESTON","WV",14,NA,"West Virginia",1,c(-81.6558, 38.3603)
"6621","THE SANITARY BOARD OF THE CITY OF CHARLESTON","208 26TH STREET W","CHARLESTON","WV",14,NA,"West Virginia",1,c(-81.6683, 38.3669)
"6622","THE SANITARY BOARD OF THE CITY OF CHARLESTON","208 26TH STREET W","CHARLESTON","WV",14,NA,"West Virginia",1,c(-81.6317, 38.3578)
"6623","THE SANITARY BOARD OF THE CITY OF CHARLESTON","208 26TH STREET W","CHARLESTON","WV",14,NA,"West Virginia",1,c(-81.655, 38.3597)
"6624","THE SANITARY BOARD OF THE CITY OF CHARLESTON","208 26TH STREET W","CHARLESTON","WV",14,NA,NA,NA,c(-81.6219, 38.3597)
"6625","THE SANITARY BOARD OF THE CITY OF CHARLESTON","208 26TH STREET W","CHARLESTON","WV",14,NA,"West Virginia",1,c(-81.6431, 38.3558)
"6626","THE SANITARY BOARD OF THE CITY OF CHARLESTON","208 26TH STREET W","CHARLESTON","WV",14,NA,NA,NA,c(-81.6469, 38.3519)
"6627","THE SANITARY BOARD OF THE CITY OF CHARLESTON","208 26TH STREET W","CHARLESTON","WV",14,NA,"West Virginia",1,c(-81.6372, 38.3483)
"6628","THE SANITARY BOARD OF THE CITY OF CHARLESTON","208 26TH STREET W","CHARLESTON","WV",14,NA,"West Virginia",1,c(-81.6344, 38.3458)
"6629","THE SANITARY BOARD OF THE CITY OF CHARLESTON","208 26TH STREET W","CHARLESTON","WV",14,NA,"West Virginia",1,c(-81.6331, 38.3442)
"6630","THE SANITARY BOARD OF THE CITY OF CHARLESTON","208 26TH STREET W","CHARLESTON","WV",14,NA,"West Virginia",1,c(-81.6289, 38.3417)
"6631","THE SANITARY BOARD OF THE CITY OF CHARLESTON","208 26TH STREET W","CHARLESTON","WV",14,NA,"West Virginia",1,c(-81.6267, 38.3403)
"6632","THE SANITARY BOARD OF THE CITY OF CHARLESTON","208 26TH STREET W","CHARLESTON","WV",14,NA,"West Virginia",1,c(-81.6219, 38.3383)
"6633","THE SANITARY BOARD OF THE CITY OF CHARLESTON","208 26TH STREET W","CHARLESTON","WV",14,NA,"West Virginia",1,c(-81.6028, 38.3344)
"6634","THE SANITARY BOARD OF THE CITY OF CHARLESTON","208 26TH STREET W","CHARLESTON","WV",14,NA,NA,NA,c(-81.61, 38.3331)
"6635","THE SANITARY BOARD OF THE CITY OF CHARLESTON","208 26TH STREET W","CHARLESTON","WV",14,NA,"West Virginia",1,c(-81.6822, 38.3728)
"6636","THE SANITARY BOARD OF THE CITY OF CHARLESTON","208 26TH STREET W","CHARLESTON","WV",14,NA,NA,NA,c(-81.5947, 38.3319)
"6637","THE SANITARY BOARD OF THE CITY OF CHARLESTON","208 26TH STREET W","CHARLESTON","WV",14,NA,NA,NA,c(-81.585, 38.3286)
"6638","THE SANITARY BOARD OF THE CITY OF CHARLESTON","208 26TH STREET W","CHARLESTON","WV",14,NA,NA,NA,c(-81.5739, 38.3228)
"6639","THE SANITARY BOARD OF THE CITY OF CHARLESTON","208 26TH STREET W","CHARLESTON","WV",14,NA,NA,NA,c(-81.5681, 38.3186)
"6640","THE SANITARY BOARD OF THE CITY OF CHARLESTON","208 26TH STREET W","CHARLESTON","WV",14,NA,NA,NA,c(-81.6292, 38.3397)
"6641","THE SANITARY BOARD OF THE CITY OF CHARLESTON","208 26TH STREET W","CHARLESTON","WV",14,NA,NA,NA,c(-81.6656, 38.3403)
"6642","THE SANITARY BOARD OF THE CITY OF CHARLESTON","208 26TH STREET W","CHARLESTON","WV",14,NA,NA,NA,c(-81.6764, 38.3436)
"6643","THE SANITARY BOARD OF THE CITY OF CHARLESTON","208 26TH STREET W","CHARLESTON","WV",14,NA,NA,NA,c(-81.6853, 38.3406)
"6644","THE SANITARY BOARD OF THE CITY OF CHARLESTON","208 26TH STREET W","CHARLESTON","WV",14,NA,"West Virginia",1,c(-81.5614, 38.3061)
"6645","THE SANITARY BOARD OF THE CITY OF CHARLESTON","208 26TH STREET W","CHARLESTON","WV",14,NA,NA,NA,c(-81.6583, 38.3592)
"6646","THE SANITARY BOARD OF THE CITY OF CHARLESTON","208 26TH STREET W","CHARLESTON","WV",14,NA,NA,NA,c(-81.6947, 38.3383)
"6647","THE SANITARY BOARD OF THE CITY OF CHARLESTON","208 26TH STREET W","CHARLESTON","WV",14,NA,NA,NA,c(-81.6572, 38.3244)
"6648","THE SANITARY BOARD OF THE CITY OF CHARLESTON","208 26TH STREET W","CHARLESTON","WV",14,NA,NA,NA,c(-81.6528, 38.3278)
"6649","THE SANITARY BOARD OF THE CITY OF CHARLESTON","208 26TH STREET W","CHARLESTON","WV",14,NA,"West Virginia",1,c(-81.6556, 38.3092)
"6650","THE SANITARY BOARD OF THE CITY OF CHARLESTON","208 26TH STREET W","CHARLESTON","WV",14,NA,"West Virginia",1,c(-81.6917, 38.3764)
"6651","THE SANITARY BOARD OF THE CITY OF CHARLESTON","208 26TH STREET W","CHARLESTON","WV",14,NA,"West Virginia",1,c(-81.6692, 38.3731)
"6652","THE SANITARY BOARD OF THE CITY OF CHARLESTON","208 26TH STREET W","CHARLESTON","WV",14,NA,"West Virginia",1,c(-81.6778, 38.3733)
"6653","THE SANITARY BOARD OF THE CITY OF CHARLESTON","208 26TH STREET W","CHARLESTON","WV",14,NA,"West Virginia",1,c(-81.68, 38.3722)
"6654","THE SANITARY BOARD OF THE CITY OF CHARLESTON","208 26TH STREET W","CHARLESTON","WV",14,NA,"West Virginia",1,c(-81.5622, 38.3111)
"6655","THE SANITARY BOARD OF THE CITY OF CHARLESTON","208 26TH STREET W","CHARLESTON","WV",14,NA,NA,NA,c(-81.6703, 38.3617)
"6656","THE SANITARY BOARD OF THE CITY OF CHARLESTON","208 26TH STREET W","CHARLESTON","WV",14,NA,NA,NA,c(-81.6192, 38.335)
"6657","THE SANITARY BOARD OF THE CITY OF CHARLESTON","208 26TH STREET W","CHARLESTON","WV",14,NA,NA,NA,c(-81.6144, 38.3333)
"6658","THE SANITARY BOARD OF THE CITY OF CHARLESTON","208 26TH STREET W","CHARLESTON","WV",14,NA,NA,NA,c(-81.6111, 38.3331)
"6659","THE SANITARY BOARD OF THE CITY OF CHARLESTON","208 26TH STREET W","CHARLESTON","WV",14,NA,"West Virginia",1,c(-81.5686, 38.3092)
"6660","THE SANITARY BOARD OF THE CITY OF CHARLESTON","208 26TH STREET W","CHARLESTON","WV",14,NA,"West Virginia",1,c(-81.6528, 38.3589)
"6661","THE SANITARY BOARD OF THE CITY OF CHARLESTON","208 26TH STREET W","CHARLESTON","WV",14,NA,"West Virginia",1,c(-81.6194, 38.3372)
"6662","THE SANITARY BOARD OF THE CITY OF CHARLESTON","208 26TH STREET W","CHARLESTON","WV",14,NA,"West Virginia",1,c(-81.6403, 38.3508)
"6663","THE SANITARY BOARD OF THE CITY OF CHARLESTON","208 26TH STREET W","CHARLESTON","WV",14,NA,NA,NA,c(-81.6336, 38.3583)
"6664","THE SANITARY BOARD OF THE CITY OF CHARLESTON","208 26TH STREET W","CHARLESTON","WV",14,NA,"West Virginia",1,c(-81.6167, 38.3361)
"6665","THE SANITARY BOARD OF THE CITY OF CHARLESTON","208 26TH STREET W","CHARLESTON","WV",14,NA,NA,NA,c(-81.6486, 38.3381)
"6666","THE SANITARY BOARD OF THE CITY OF CHARLESTON","208 26TH STREET W","CHARLESTON","WV",14,NA,NA,NA,c(-81.6125, 38.3639)
"6667","THE SANITARY BOARD OF THE CITY OF CHARLESTON","208 26TH STREET W","CHARLESTON","WV",14,NA,NA,NA,c(-81.6017, 38.3286)
"6668","THE SANITARY BOARD OF THE CITY OF CHARLESTON","208 26TH STREET W","CHARLESTON","WV",14,NA,NA,NA,c(-81.5728, 38.3219)
"6669","CITY OF WHEELING - WATER POLLUTION CONTROL DIVISION","2516 MAIN ST","WHEELING","WV",10,NA,"West Virginia",1,c(-80.7283, 40.0361)
"6670","CITY OF WHEELING - WATER POLLUTION CONTROL DIVISION","2516 MAIN ST","WHEELING","WV",10,NA,"West Virginia",1,c(-80.7244, 40.0403)
"6671","CITY OF WHEELING - WATER POLLUTION CONTROL DIVISION","2516 MAIN ST","WHEELING","WV",10,NA,"West Virginia",1,c(-80.7269, 40.0428)
"6672","CITY OF WHEELING - WATER POLLUTION CONTROL DIVISION","2516 MAIN ST","WHEELING","WV",10,NA,"West Virginia",1,c(-80.7275, 40.0456)
"6673","CITY OF WHEELING - WATER POLLUTION CONTROL DIVISION","2516 MAIN ST","WHEELING","WV",10,NA,"West Virginia",1,c(-80.7281, 40.0478)
"6674","CITY OF WHEELING - WATER POLLUTION CONTROL DIVISION","2516 MAIN ST","WHEELING","WV",10,NA,"West Virginia",1,c(-80.7281, 40.0578)
"6675","CITY OF WHEELING - WATER POLLUTION CONTROL DIVISION","2516 MAIN ST","WHEELING","WV",10,NA,"West Virginia",1,c(-80.7269, 40.06)
"6676","CITY OF WHEELING - WATER POLLUTION CONTROL DIVISION","2516 MAIN ST","WHEELING","WV",10,NA,"West Virginia",1,c(-80.7264, 40.0606)
"6677","CITY OF WHEELING - WATER POLLUTION CONTROL DIVISION","2516 MAIN ST","WHEELING","WV",10,NA,"West Virginia",1,c(-80.725, 40.0644)
"6678","CITY OF WHEELING - WATER POLLUTION CONTROL DIVISION","2516 MAIN ST","WHEELING","WV",10,NA,"West Virginia",1,c(-80.725, 40.0667)
"6679","CITY OF WHEELING - WATER POLLUTION CONTROL DIVISION","2516 MAIN ST","WHEELING","WV",10,NA,"West Virginia",1,c(-80.7253, 40.0717)
"6680","CITY OF WHEELING - WATER POLLUTION CONTROL DIVISION","2516 MAIN ST","WHEELING","WV",10,NA,"West Virginia",1,c(-80.7275, 40.0783)
"6681","CITY OF WHEELING - WATER POLLUTION CONTROL DIVISION","2516 MAIN ST","WHEELING","WV",10,NA,"West Virginia",1,c(-80.7275, 40.0803)
"6682","CITY OF WHEELING - WATER POLLUTION CONTROL DIVISION","2516 MAIN ST","WHEELING","WV",10,NA,"Ohio",1,c(-80.7219, 40.1006)
"6683","CITY OF WHEELING - WATER POLLUTION CONTROL DIVISION","2516 MAIN ST","WHEELING","WV",10,NA,"Ohio",1,c(-80.7228, 40.0994)
"6684","CITY OF WHEELING - WATER POLLUTION CONTROL DIVISION","2516 MAIN ST","WHEELING","WV",10,NA,"West Virginia",1,c(-80.7039, 40.1042)
"6685","CITY OF WHEELING - WATER POLLUTION CONTROL DIVISION","2516 MAIN ST","WHEELING","WV",10,NA,"West Virginia",1,c(-80.7025, 40.1086)
"6686","CITY OF WHEELING - WATER POLLUTION CONTROL DIVISION","2516 MAIN ST","WHEELING","WV",10,NA,"West Virginia",1,c(-80.7019, 40.1125)
"6687","CITY OF WHEELING - WATER POLLUTION CONTROL DIVISION","2516 MAIN ST","WHEELING","WV",10,NA,"West Virginia",1,c(-80.7039, 40.1208)
"6688","CITY OF WHEELING - WATER POLLUTION CONTROL DIVISION","2516 MAIN ST","WHEELING","WV",10,NA,"West Virginia",1,c(-80.7042, 40.1186)
"6689","CITY OF WHEELING - WATER POLLUTION CONTROL DIVISION","2516 MAIN ST","WHEELING","WV",10,NA,"West Virginia",1,c(-80.7047, 40.1214)
"6690","CITY OF WHEELING - WATER POLLUTION CONTROL DIVISION","2516 MAIN ST","WHEELING","WV",10,NA,"West Virginia",1,c(-80.7011, 40.1233)
"6691","CITY OF WHEELING - WATER POLLUTION CONTROL DIVISION","2516 MAIN ST","WHEELING","WV",10,NA,NA,NA,c(-80.7042, 40.1319)
"6692","CITY OF WHEELING - WATER POLLUTION CONTROL DIVISION","2516 MAIN ST","WHEELING","WV",10,NA,"West Virginia",1,c(-80.7358, 40.0786)
"6693","CITY OF WHEELING - WATER POLLUTION CONTROL DIVISION","2516 MAIN ST","WHEELING","WV",10,NA,"West Virginia",1,c(-80.7369, 40.0703)
"6694","CITY OF WHEELING - WATER POLLUTION CONTROL DIVISION","2516 MAIN ST","WHEELING","WV",10,NA,"West Virginia",1,c(-80.7367, 40.0697)
"6695","CITY OF WHEELING - WATER POLLUTION CONTROL DIVISION","2516 MAIN ST","WHEELING","WV",10,NA,"West Virginia",1,c(-80.7361, 40.0678)
"6696","CITY OF WHEELING - WATER POLLUTION CONTROL DIVISION","2516 MAIN ST","WHEELING","WV",10,NA,"West Virginia",1,c(-80.7361, 40.0672)
"6697","CITY OF WHEELING - WATER POLLUTION CONTROL DIVISION","2516 MAIN ST","WHEELING","WV",10,NA,"West Virginia",1,c(-80.7278, 40.065)
"6698","CITY OF WHEELING - WATER POLLUTION CONTROL DIVISION","2516 MAIN ST","WHEELING","WV",10,NA,"West Virginia",1,c(-80.7278, 40.065)
"6699","CITY OF WHEELING - WATER POLLUTION CONTROL DIVISION","2516 MAIN ST","WHEELING","WV",10,NA,"West Virginia",1,c(-80.7269, 40.0664)
"6700","CITY OF WHEELING - WATER POLLUTION CONTROL DIVISION","2516 MAIN ST","WHEELING","WV",10,NA,"West Virginia",1,c(-80.7278, 40.0692)
"6701","CITY OF WHEELING - WATER POLLUTION CONTROL DIVISION","2516 MAIN ST","WHEELING","WV",10,NA,"West Virginia",1,c(-80.7281, 40.0703)
"6702","CITY OF WHEELING - WATER POLLUTION CONTROL DIVISION","2516 MAIN ST","WHEELING","WV",10,NA,"West Virginia",1,c(-80.7303, 40.0783)
"6703","CITY OF WHEELING - WATER POLLUTION CONTROL DIVISION","2516 MAIN ST","WHEELING","WV",10,NA,"West Virginia",1,c(-80.7231, 40.0633)
"6704","CITY OF WHEELING - WATER POLLUTION CONTROL DIVISION","2516 MAIN ST","WHEELING","WV",10,NA,"West Virginia",1,c(-80.7228, 40.0631)
"6705","CITY OF WHEELING - WATER POLLUTION CONTROL DIVISION","2516 MAIN ST","WHEELING","WV",10,NA,"West Virginia",1,c(-80.7217, 40.0625)
"6706","CITY OF WHEELING - WATER POLLUTION CONTROL DIVISION","2516 MAIN ST","WHEELING","WV",10,NA,"West Virginia",1,c(-80.71, 40.0672)
"6707","CITY OF WHEELING - WATER POLLUTION CONTROL DIVISION","2516 MAIN ST","WHEELING","WV",10,NA,"West Virginia",1,c(-80.7117, 40.0731)
"6708","CITY OF WHEELING - WATER POLLUTION CONTROL DIVISION","2516 MAIN ST","WHEELING","WV",10,NA,"West Virginia",1,c(-80.7164, 40.0744)
"6709","CITY OF WHEELING - WATER POLLUTION CONTROL DIVISION","2516 MAIN ST","WHEELING","WV",10,NA,"West Virginia",1,c(-80.7158, 40.0806)
"6710","CITY OF WHEELING - WATER POLLUTION CONTROL DIVISION","2516 MAIN ST","WHEELING","WV",10,NA,"West Virginia",1,c(-80.7144, 40.0789)
"6711","CITY OF WHEELING - WATER POLLUTION CONTROL DIVISION","2516 MAIN ST","WHEELING","WV",10,NA,NA,NA,c(-80.7119, 40.0758)
"6712","CITY OF WHEELING - WATER POLLUTION CONTROL DIVISION","2516 MAIN ST","WHEELING","WV",10,NA,NA,NA,c(-80.7083, 40.0744)
"6713","CITY OF WHEELING - WATER POLLUTION CONTROL DIVISION","2516 MAIN ST","WHEELING","WV",10,NA,NA,NA,c(-80.7047, 40.075)
"6714","CITY OF WHEELING - WATER POLLUTION CONTROL DIVISION","2516 MAIN ST","WHEELING","WV",10,NA,"West Virginia",1,c(-80.7111, 40.0742)
"6715","CITY OF WHEELING - WATER POLLUTION CONTROL DIVISION","2516 MAIN ST","WHEELING","WV",10,NA,NA,NA,c(-80.6992, 40.0747)
"6716","CITY OF WHEELING - WATER POLLUTION CONTROL DIVISION","2516 MAIN ST","WHEELING","WV",10,NA,NA,NA,c(-80.6981, 40.0717)
"6717","CITY OF WHEELING - WATER POLLUTION CONTROL DIVISION","2516 MAIN ST","WHEELING","WV",10,NA,NA,NA,c(-80.6961, 40.0689)
"6718","CITY OF WHEELING - WATER POLLUTION CONTROL DIVISION","2516 MAIN ST","WHEELING","WV",10,NA,NA,NA,c(-80.6931, 40.0722)
"6719","CITY OF WHEELING - WATER POLLUTION CONTROL DIVISION","2516 MAIN ST","WHEELING","WV",10,NA,NA,NA,c(-80.6922, 40.0728)
"6720","CITY OF WHEELING - WATER POLLUTION CONTROL DIVISION","2516 MAIN ST","WHEELING","WV",10,NA,NA,NA,c(-80.6881, 40.0744)
"6721","CITY OF WHEELING - WATER POLLUTION CONTROL DIVISION","2516 MAIN ST","WHEELING","WV",10,NA,NA,NA,c(-80.6878, 40.0742)
"6722","CITY OF WHEELING - WATER POLLUTION CONTROL DIVISION","2516 MAIN ST","WHEELING","WV",10,NA,NA,NA,c(-80.6878, 40.0742)
"6723","CITY OF WHEELING - WATER POLLUTION CONTROL DIVISION","2516 MAIN ST","WHEELING","WV",10,NA,NA,NA,c(-80.6867, 40.0736)
"6724","CITY OF WHEELING - WATER POLLUTION CONTROL DIVISION","2516 MAIN ST","WHEELING","WV",10,NA,NA,NA,c(-80.6875, 40.0719)
"6725","CITY OF WHEELING - WATER POLLUTION CONTROL DIVISION","2516 MAIN ST","WHEELING","WV",10,NA,NA,NA,c(-80.6842, 40.0717)
"6726","CITY OF WHEELING - WATER POLLUTION CONTROL DIVISION","2516 MAIN ST","WHEELING","WV",10,NA,NA,NA,c(-80.6831, 40.0697)
"6727","CITY OF WHEELING - WATER POLLUTION CONTROL DIVISION","2516 MAIN ST","WHEELING","WV",10,NA,NA,NA,c(-80.6828, 40.0686)
"6728","CITY OF WHEELING - WATER POLLUTION CONTROL DIVISION","2516 MAIN ST","WHEELING","WV",10,NA,NA,NA,c(-80.6831, 40.0681)
"6729","CITY OF WHEELING - WATER POLLUTION CONTROL DIVISION","2516 MAIN ST","WHEELING","WV",10,NA,NA,NA,c(-80.6831, 40.0681)
"6730","CITY OF WHEELING - WATER POLLUTION CONTROL DIVISION","2516 MAIN ST","WHEELING","WV",10,NA,NA,NA,c(-80.6831, 40.0667)
"6731","CITY OF WHEELING - WATER POLLUTION CONTROL DIVISION","2516 MAIN ST","WHEELING","WV",10,NA,NA,NA,c(-80.6833, 40.0667)
"6732","CITY OF WHEELING - WATER POLLUTION CONTROL DIVISION","2516 MAIN ST","WHEELING","WV",10,NA,NA,NA,c(-80.6831, 40.0633)
"6733","CITY OF WHEELING - WATER POLLUTION CONTROL DIVISION","2516 MAIN ST","WHEELING","WV",10,NA,NA,NA,c(-80.6831, 40.0625)
"6734","CITY OF WHEELING - WATER POLLUTION CONTROL DIVISION","2516 MAIN ST","WHEELING","WV",10,NA,NA,NA,c(-80.6819, 40.0606)
"6735","CITY OF WHEELING - WATER POLLUTION CONTROL DIVISION","2516 MAIN ST","WHEELING","WV",10,NA,NA,NA,c(-80.6806, 40.0564)
"6736","CITY OF WHEELING - WATER POLLUTION CONTROL DIVISION","2516 MAIN ST","WHEELING","WV",10,NA,NA,NA,c(-80.6786, 40.0547)
"6737","CITY OF WHEELING - WATER POLLUTION CONTROL DIVISION","2516 MAIN ST","WHEELING","WV",10,NA,NA,NA,c(-80.6717, 40.0519)
"6738","CITY OF WHEELING - WATER POLLUTION CONTROL DIVISION","2516 MAIN ST","WHEELING","WV",10,NA,NA,NA,c(-80.6639, 40.0478)
"6739","CITY OF WHEELING - WATER POLLUTION CONTROL DIVISION","2516 MAIN ST","WHEELING","WV",10,NA,NA,NA,c(-80.6611, 40.0453)
"6740","CITY OF WHEELING - WATER POLLUTION CONTROL DIVISION","2516 MAIN ST","WHEELING","WV",10,NA,NA,NA,c(-80.6603, 40.0444)
"6741","CITY OF WHEELING - WATER POLLUTION CONTROL DIVISION","2516 MAIN ST","WHEELING","WV",10,NA,NA,NA,c(-80.6625, 40.04)
"6742","CITY OF WHEELING - WATER POLLUTION CONTROL DIVISION","2516 MAIN ST","WHEELING","WV",10,NA,NA,NA,c(-80.6628, 40.0394)
"6743","CITY OF WHEELING - WATER POLLUTION CONTROL DIVISION","2516 MAIN ST","WHEELING","WV",10,NA,NA,NA,c(-80.6631, 40.0386)
"6744","CITY OF WHEELING - WATER POLLUTION CONTROL DIVISION","2516 MAIN ST","WHEELING","WV",10,NA,NA,NA,c(-80.6633, 40.0383)
"6745","CITY OF WHEELING - WATER POLLUTION CONTROL DIVISION","2516 MAIN ST","WHEELING","WV",10,NA,NA,NA,c(-80.6639, 40.0375)
"6746","CITY OF WHEELING - WATER POLLUTION CONTROL DIVISION","2516 MAIN ST","WHEELING","WV",10,NA,NA,NA,c(-80.6608, 40.0353)
"6747","CITY OF WHEELING - WATER POLLUTION CONTROL DIVISION","2516 MAIN ST","WHEELING","WV",10,NA,NA,NA,c(-80.6603, 40.035)
"6748","CITY OF WHEELING - WATER POLLUTION CONTROL DIVISION","2516 MAIN ST","WHEELING","WV",10,NA,NA,NA,c(-80.6575, 40.0347)
"6749","CITY OF WHEELING - WATER POLLUTION CONTROL DIVISION","2516 MAIN ST","WHEELING","WV",10,NA,NA,NA,c(-80.6553, 40.0331)
"6750","CITY OF WHEELING - WATER POLLUTION CONTROL DIVISION","2516 MAIN ST","WHEELING","WV",10,NA,NA,NA,c(-80.6747, 40.0514)
"6751","CITY OF WHEELING - WATER POLLUTION CONTROL DIVISION","2516 MAIN ST","WHEELING","WV",10,NA,"West Virginia",1,c(-80.7222, 40.0511)
"6752","CITY OF WHEELING - WATER POLLUTION CONTROL DIVISION","2516 MAIN ST","WHEELING","WV",10,NA,"West Virginia",1,c(-80.7161, 40.0503)
"6753","CITY OF WHEELING - WATER POLLUTION CONTROL DIVISION","2516 MAIN ST","WHEELING","WV",10,NA,"West Virginia",1,c(-80.7147, 40.0497)
"6754","CITY OF WHEELING - WATER POLLUTION CONTROL DIVISION","2516 MAIN ST","WHEELING","WV",10,NA,"West Virginia",1,c(-80.7144, 40.0497)
"6755","CITY OF WHEELING - WATER POLLUTION CONTROL DIVISION","2516 MAIN ST","WHEELING","WV",10,NA,"West Virginia",1,c(-80.7186, 40.0508)
"6756","CITY OF WHEELING - WATER POLLUTION CONTROL DIVISION","2516 MAIN ST","WHEELING","WV",10,NA,NA,NA,c(-80.6639, 40.0367)
"6757","CITY OF WHEELING - WATER POLLUTION CONTROL DIVISION","2516 MAIN ST","WHEELING","WV",10,NA,"West Virginia",1,c(-80.7183, 40.0358)
"6758","CITY OF WHEELING - WATER POLLUTION CONTROL DIVISION","2516 MAIN ST","WHEELING","WV",10,NA,NA,NA,c(-80.6586, 40.0433)
"6759","CITY OF WHEELING - WATER POLLUTION CONTROL DIVISION","2516 MAIN ST","WHEELING","WV",10,NA,NA,NA,c(-80.6564, 40.0447)
"6760","CITY OF WHEELING - WATER POLLUTION CONTROL DIVISION","2516 MAIN ST","WHEELING","WV",10,NA,NA,NA,c(-80.6556, 40.0458)
"6761","CITY OF WHEELING - WATER POLLUTION CONTROL DIVISION","2516 MAIN ST","WHEELING","WV",10,NA,NA,NA,c(-80.6536, 40.0467)
"6762","CITY OF WHEELING - WATER POLLUTION CONTROL DIVISION","2516 MAIN ST","WHEELING","WV",10,NA,NA,NA,c(-80.6531, 40.0467)
"6763","CITY OF WHEELING - WATER POLLUTION CONTROL DIVISION","2516 MAIN ST","WHEELING","WV",10,NA,NA,NA,c(-80.6961, 40.0767)
"6764","CITY OF WHEELING - WATER POLLUTION CONTROL DIVISION","2516 MAIN ST","WHEELING","WV",10,NA,NA,NA,c(-80.6919, 40.0822)
"6765","CITY OF WHEELING - WATER POLLUTION CONTROL DIVISION","2516 MAIN ST","WHEELING","WV",10,NA,"West Virginia",1,c(-80.7267, 40.0517)
"6766","CITY OF WHEELING - WATER POLLUTION CONTROL DIVISION","2516 MAIN ST","WHEELING","WV",10,NA,"West Virginia",1,c(-80.7003, 40.1106)
"6767","CITY OF WHEELING - WATER POLLUTION CONTROL DIVISION","2516 MAIN ST","WHEELING","WV",10,NA,"West Virginia",1,c(-80.7236, 40.0606)
"6768","CITY OF WHEELING - WATER POLLUTION CONTROL DIVISION","2516 MAIN ST","WHEELING","WV",10,NA,NA,NA,c(-80.6836, 40.0717)
"6769","CITY OF WHEELING - WATER POLLUTION CONTROL DIVISION","2516 MAIN ST","WHEELING","WV",10,NA,"West Virginia",1,c(-80.7292, 40.0572)
"6770","CITY OF MOUNDSVILLE","1800  S-LAFAYETTE AVE RT.2","MOUNDSVILLE","WV",2.34,NA,"West Virginia",1,c(-80.7222, 39.9117)
"6771","CITY OF MOUNDSVILLE","1800  S-LAFAYETTE AVE RT.2","MOUNDSVILLE","WV",2.34,NA,"West Virginia",1,c(-80.7269, 39.9169)
"6772","CITY OF MOUNDSVILLE","1800  S-LAFAYETTE AVE RT.2","MOUNDSVILLE","WV",2.34,NA,"West Virginia",1,c(-80.7386, 39.9131)
"6773","CITY OF MOUNDSVILLE","1800  S-LAFAYETTE AVE RT.2","MOUNDSVILLE","WV",2.34,NA,NA,NA,c(-80.7392, 39.9269)
"6774","NITRO WWTP","1 TREATMENT PLANT RD","NITRO","WV",1.875,0,"West Virginia",1,c(-81.8483, 38.4211)
"6775","NITRO WWTP","1 TREATMENT PLANT RD","NITRO","WV",1.875,0,"West Virginia",1,c(-81.8475, 38.4153)
"6776","NITRO WWTP","1 TREATMENT PLANT RD","NITRO","WV",1.875,0,"West Virginia",1,c(-81.8433, 38.4003)
"6777","NITRO WWTP","1 TREATMENT PLANT RD","NITRO","WV",1.875,0,"West Virginia",1,c(-81.8342, 38.3917)
"6778","NITRO WWTP","1 TREATMENT PLANT RD","NITRO","WV",1.875,0,"West Virginia",1,c(-81.8342, 38.4369)
"6779","NITRO WWTP","1 TREATMENT PLANT RD","NITRO","WV",1.875,0,"West Virginia",1,c(-81.8361, 38.4472)
"6780","CLARKSBURG SANITARY BD","WEST FK ST","CLARKSBURG","WV",8,NA,"West Virginia",1,c(-80.3522, 39.3017)
"6781","CLARKSBURG SANITARY BD","WEST FK ST","CLARKSBURG","WV",8,NA,"West Virginia",1,c(-80.3528, 39.2997)
"6782","CLARKSBURG SANITARY BD","WEST FK ST","CLARKSBURG","WV",8,NA,"West Virginia",1,c(-80.3539, 39.2917)
"6783","CLARKSBURG SANITARY BD","WEST FK ST","CLARKSBURG","WV",8,NA,"West Virginia",1,c(-80.3578, 39.2836)
"6784","CLARKSBURG SANITARY BD","WEST FK ST","CLARKSBURG","WV",8,NA,"West Virginia",1,c(-80.3569, 39.2828)
"6785","CLARKSBURG SANITARY BD","WEST FK ST","CLARKSBURG","WV",8,NA,"West Virginia",1,c(-80.3567, 39.2814)
"6786","CLARKSBURG SANITARY BD","WEST FK ST","CLARKSBURG","WV",8,NA,"West Virginia",1,c(-80.3561, 39.2703)
"6787","CLARKSBURG SANITARY BD","WEST FK ST","CLARKSBURG","WV",8,NA,"West Virginia",1,c(-80.3531, 39.2808)
"6788","CLARKSBURG SANITARY BD","WEST FK ST","CLARKSBURG","WV",8,NA,"West Virginia",1,c(-80.3553, 39.2717)
"6789","CLARKSBURG SANITARY BD","WEST FK ST","CLARKSBURG","WV",8,NA,"West Virginia",1,c(-80.3528, 39.2808)
"6790","CLARKSBURG SANITARY BD","WEST FK ST","CLARKSBURG","WV",8,NA,"West Virginia",1,c(-80.3564, 39.2758)
"6791","CLARKSBURG SANITARY BD","WEST FK ST","CLARKSBURG","WV",8,NA,"West Virginia",1,c(-80.3517, 39.2772)
"6792","CLARKSBURG SANITARY BD","WEST FK ST","CLARKSBURG","WV",8,NA,"West Virginia",1,c(-80.3514, 39.2781)
"6793","CLARKSBURG SANITARY BD","WEST FK ST","CLARKSBURG","WV",8,NA,"West Virginia",1,c(-80.3492, 39.2806)
"6794","CLARKSBURG SANITARY BD","WEST FK ST","CLARKSBURG","WV",8,NA,"West Virginia",1,c(-80.35, 39.2783)
"6795","CLARKSBURG SANITARY BD","WEST FK ST","CLARKSBURG","WV",8,NA,"West Virginia",1,c(-80.3433, 39.2867)
"6796","CLARKSBURG SANITARY BD","WEST FK ST","CLARKSBURG","WV",8,NA,"West Virginia",1,c(-80.3494, 39.2797)
"6797","CLARKSBURG SANITARY BD","WEST FK ST","CLARKSBURG","WV",8,NA,"West Virginia",1,c(-80.3417, 39.2833)
"6798","CLARKSBURG SANITARY BD","WEST FK ST","CLARKSBURG","WV",8,NA,"West Virginia",1,c(-80.3517, 39.2819)
"6799","CLARKSBURG SANITARY BD","WEST FK ST","CLARKSBURG","WV",8,NA,"West Virginia",1,c(-80.3408, 39.2831)
"6800","CLARKSBURG SANITARY BD","WEST FK ST","CLARKSBURG","WV",8,NA,"West Virginia",1,c(-80.3522, 39.2844)
"6801","CLARKSBURG SANITARY BD","WEST FK ST","CLARKSBURG","WV",8,NA,"West Virginia",1,c(-80.3403, 39.2828)
"6802","CLARKSBURG SANITARY BD","WEST FK ST","CLARKSBURG","WV",8,NA,"West Virginia",1,c(-80.3392, 39.2822)
"6803","CLARKSBURG SANITARY BD","WEST FK ST","CLARKSBURG","WV",8,NA,"West Virginia",1,c(-80.3381, 39.2819)
"6804","CLARKSBURG SANITARY BD","WEST FK ST","CLARKSBURG","WV",8,NA,"West Virginia",1,c(-80.3517, 39.2847)
"6805","CLARKSBURG SANITARY BD","WEST FK ST","CLARKSBURG","WV",8,NA,"West Virginia",1,c(-80.3425, 39.2858)
"6806","CLARKSBURG SANITARY BD","WEST FK ST","CLARKSBURG","WV",8,NA,"West Virginia",1,c(-80.3344, 39.2819)
"6807","CLARKSBURG SANITARY BD","WEST FK ST","CLARKSBURG","WV",8,NA,"West Virginia",1,c(-80.3346, 39.2807)
"6808","CLARKSBURG SANITARY BD","WEST FK ST","CLARKSBURG","WV",8,NA,NA,NA,c(-80.3347, 39.2786)
"6809","CLARKSBURG SANITARY BD","WEST FK ST","CLARKSBURG","WV",8,NA,NA,NA,c(-80.3347, 39.2778)
"6810","CLARKSBURG SANITARY BD","WEST FK ST","CLARKSBURG","WV",8,NA,NA,NA,c(-80.335, 39.2758)
"6811","CLARKSBURG SANITARY BD","WEST FK ST","CLARKSBURG","WV",8,NA,NA,NA,c(-80.3361, 39.2744)
"6812","CLARKSBURG SANITARY BD","WEST FK ST","CLARKSBURG","WV",8,NA,"West Virginia",1,c(-80.3528, 39.2883)
"6813","CLARKSBURG SANITARY BD","WEST FK ST","CLARKSBURG","WV",8,NA,NA,NA,c(-80.3344, 39.2719)
"6814","CLARKSBURG SANITARY BD","WEST FK ST","CLARKSBURG","WV",8,NA,"West Virginia",1,c(-80.335, 39.2786)
"6815","CLARKSBURG SANITARY BD","WEST FK ST","CLARKSBURG","WV",8,NA,NA,NA,c(-80.3344, 39.2722)
"6816","CLARKSBURG SANITARY BD","WEST FK ST","CLARKSBURG","WV",8,NA,NA,NA,c(-80.335, 39.2778)
"6817","CLARKSBURG SANITARY BD","WEST FK ST","CLARKSBURG","WV",8,NA,NA,NA,c(-80.335, 39.2772)
"6818","CLARKSBURG SANITARY BD","WEST FK ST","CLARKSBURG","WV",8,NA,NA,NA,c(-80.3342, 39.2725)
"6819","CLARKSBURG SANITARY BD","WEST FK ST","CLARKSBURG","WV",8,NA,NA,NA,c(-80.335, 39.2767)
"6820","CLARKSBURG SANITARY BD","WEST FK ST","CLARKSBURG","WV",8,NA,NA,NA,c(-80.3333, 39.2736)
"6821","CLARKSBURG SANITARY BD","WEST FK ST","CLARKSBURG","WV",8,NA,NA,NA,c(-80.3367, 39.2739)
"6822","CLARKSBURG SANITARY BD","WEST FK ST","CLARKSBURG","WV",8,NA,NA,NA,c(-80.3289, 39.2761)
"6823","CLARKSBURG SANITARY BD","WEST FK ST","CLARKSBURG","WV",8,NA,NA,NA,c(-80.3306, 39.2747)
"6824","CLARKSBURG SANITARY BD","WEST FK ST","CLARKSBURG","WV",8,NA,NA,NA,c(-80.3289, 39.2758)
"6825","CLARKSBURG SANITARY BD","WEST FK ST","CLARKSBURG","WV",8,NA,NA,NA,c(-80.3247, 39.2758)
"6826","CLARKSBURG SANITARY BD","WEST FK ST","CLARKSBURG","WV",8,NA,NA,NA,c(-80.325, 39.2681)
"6827","CLARKSBURG SANITARY BD","WEST FK ST","CLARKSBURG","WV",8,NA,NA,NA,c(-80.3228, 39.2756)
"6828","CLARKSBURG SANITARY BD","WEST FK ST","CLARKSBURG","WV",8,NA,NA,NA,c(-80.3228, 39.2675)
"6829","CLARKSBURG SANITARY BD","WEST FK ST","CLARKSBURG","WV",8,NA,"West Virginia",1,c(-80.3544, 39.2722)
"6830","CLARKSBURG SANITARY BD","WEST FK ST","CLARKSBURG","WV",8,NA,"West Virginia",1,c(-80.3219, 39.2711)
"6831","CLARKSBURG SANITARY BD","WEST FK ST","CLARKSBURG","WV",8,NA,"West Virginia",1,c(-80.3556, 39.2706)
"6832","CLARKSBURG SANITARY BD","WEST FK ST","CLARKSBURG","WV",8,NA,"West Virginia",1,c(-80.3525, 39.2814)
"6833","CLARKSBURG SANITARY BD","WEST FK ST","CLARKSBURG","WV",8,NA,"West Virginia",1,c(-80.3511, 39.2756)
"6834","CLARKSBURG SANITARY BD","WEST FK ST","CLARKSBURG","WV",8,NA,"West Virginia",1,c(-80.3583, 39.295)
"6835","CLARKSBURG SANITARY BD","WEST FK ST","CLARKSBURG","WV",8,NA,"West Virginia",1,c(-80.3556, 39.2867)
"6836","CLARKSBURG SANITARY BD","WEST FK ST","CLARKSBURG","WV",8,NA,NA,NA,c(-80.3214, 39.2672)
"6837","CLARKSBURG SANITARY BD","WEST FK ST","CLARKSBURG","WV",8,NA,"West Virginia",1,c(-80.3528, 39.2883)
"6838","CITY OF FAIRMONT","901 HOWARD AVE.","FAIRMONT","WV",9,0,NA,NA,c(-80.1922, 39.4728)
"6839","CITY OF FAIRMONT","901 HOWARD AVE.","FAIRMONT","WV",9,0,NA,NA,c(-80.1775, 39.4689)
"6840","CITY OF FAIRMONT","901 HOWARD AVE.","FAIRMONT","WV",9,0,NA,NA,c(-80.175, 39.4672)
"6841","CITY OF FAIRMONT","901 HOWARD AVE.","FAIRMONT","WV",9,0,NA,NA,c(-80.1753, 39.4681)
"6842","CITY OF FAIRMONT","901 HOWARD AVE.","FAIRMONT","WV",9,0,NA,NA,c(-80.1592, 39.4664)
"6843","CITY OF FAIRMONT","901 HOWARD AVE.","FAIRMONT","WV",9,0,NA,NA,c(-80.1647, 39.4681)
"6844","CITY OF FAIRMONT","901 HOWARD AVE.","FAIRMONT","WV",9,0,NA,NA,c(-80.1583, 39.4661)
"6845","CITY OF FAIRMONT","901 HOWARD AVE.","FAIRMONT","WV",9,0,"West Virginia",1,c(-80.1558, 39.4656)
"6846","CITY OF FAIRMONT","901 HOWARD AVE.","FAIRMONT","WV",9,0,NA,NA,c(-80.1569, 39.4647)
"6847","CITY OF FAIRMONT","901 HOWARD AVE.","FAIRMONT","WV",9,0,"West Virginia",1,c(-80.1525, 39.4658)
"6848","CITY OF FAIRMONT","901 HOWARD AVE.","FAIRMONT","WV",9,0,"West Virginia",1,c(-80.1489, 39.4692)
"6849","CITY OF FAIRMONT","901 HOWARD AVE.","FAIRMONT","WV",9,0,"West Virginia",1,c(-80.1461, 39.4706)
"6850","CITY OF FAIRMONT","901 HOWARD AVE.","FAIRMONT","WV",9,0,"West Virginia",1,c(-80.1464, 39.4725)
"6851","CITY OF FAIRMONT","901 HOWARD AVE.","FAIRMONT","WV",9,0,"West Virginia",1,c(-80.1467, 39.4756)
"6852","CITY OF FAIRMONT","901 HOWARD AVE.","FAIRMONT","WV",9,0,"West Virginia",1,c(-80.1503, 39.4814)
"6853","CITY OF FAIRMONT","901 HOWARD AVE.","FAIRMONT","WV",9,0,"West Virginia",1,c(-80.1494, 39.4822)
"6854","CITY OF FAIRMONT","901 HOWARD AVE.","FAIRMONT","WV",9,0,"West Virginia",1,c(-80.1425, 39.4825)
"6855","CITY OF FAIRMONT","901 HOWARD AVE.","FAIRMONT","WV",9,0,NA,NA,c(-80.1408, 39.4997)
"6856","CITY OF FAIRMONT","901 HOWARD AVE.","FAIRMONT","WV",9,0,"West Virginia",1,c(-80.1392, 39.4839)
"6857","CITY OF FAIRMONT","901 HOWARD AVE.","FAIRMONT","WV",9,0,"West Virginia",1,c(-80.1319, 39.485)
"6858","CITY OF FAIRMONT","901 HOWARD AVE.","FAIRMONT","WV",9,0,NA,NA,c(-80.1344, 39.4972)
"6859","CITY OF FAIRMONT","901 HOWARD AVE.","FAIRMONT","WV",9,0,NA,NA,c(-80.1358, 39.4961)
"6860","CITY OF FAIRMONT","901 HOWARD AVE.","FAIRMONT","WV",9,0,"West Virginia",1,c(-80.1431, 39.4972)
"6861","CITY OF FAIRMONT","901 HOWARD AVE.","FAIRMONT","WV",9,0,"West Virginia",1,c(-80.1425, 39.4797)
"6862","CITY OF FAIRMONT","901 HOWARD AVE.","FAIRMONT","WV",9,0,"West Virginia",1,c(-80.1397, 39.4819)
"6863","CITY OF FAIRMONT","901 HOWARD AVE.","FAIRMONT","WV",9,0,"West Virginia",1,c(-80.1403, 39.4833)
"6864","CITY OF FAIRMONT","901 HOWARD AVE.","FAIRMONT","WV",9,0,"West Virginia",1,c(-80.1381, 39.4831)
"6865","CITY OF FAIRMONT","901 HOWARD AVE.","FAIRMONT","WV",9,0,"West Virginia",1,c(-80.1375, 39.4833)
"6866","CITY OF FAIRMONT","901 HOWARD AVE.","FAIRMONT","WV",9,0,"West Virginia",1,c(-80.1358, 39.4842)
"6867","CITY OF FAIRMONT","901 HOWARD AVE.","FAIRMONT","WV",9,0,"West Virginia",1,c(-80.12, 39.4856)
"6868","CITY OF FAIRMONT","901 HOWARD AVE.","FAIRMONT","WV",9,0,"West Virginia",1,c(-80.1189, 39.4853)
"6869","CITY OF FAIRMONT","901 HOWARD AVE.","FAIRMONT","WV",9,0,"West Virginia",1,c(-80.1178, 39.4847)
"6870","CITY OF FAIRMONT","901 HOWARD AVE.","FAIRMONT","WV",9,0,"West Virginia",1,c(-80.155, 39.4811)
"6871","CITY OF FAIRMONT","901 HOWARD AVE.","FAIRMONT","WV",9,0,NA,NA,c(-80.1561, 39.4797)
"6872","CITY OF FAIRMONT","901 HOWARD AVE.","FAIRMONT","WV",9,0,"West Virginia",1,c(-80.1592, 39.4847)
"6873","CITY OF FAIRMONT","901 HOWARD AVE.","FAIRMONT","WV",9,0,"West Virginia",1,c(-80.1189, 39.4836)
"6874","CITY OF FAIRMONT","901 HOWARD AVE.","FAIRMONT","WV",9,0,"West Virginia",1,c(-80.1161, 39.48)
"6875","CITY OF FAIRMONT","901 HOWARD AVE.","FAIRMONT","WV",9,0,"West Virginia",1,c(-80.1303, 39.4792)
"6876","CITY OF FAIRMONT","901 HOWARD AVE.","FAIRMONT","WV",9,0,"West Virginia",1,c(-80.1458, 39.4797)
"6877","CITY OF FAIRMONT","901 HOWARD AVE.","FAIRMONT","WV",9,0,"West Virginia",1,c(-80.1425, 39.4972)
"6878","CITY OF FAIRMONT","901 HOWARD AVE.","FAIRMONT","WV",9,0,NA,NA,c(-80.1583, 39.4811)
"6879","CITY OF FAIRMONT","901 HOWARD AVE.","FAIRMONT","WV",9,0,"West Virginia",1,c(-80.1244, 39.4933)
"6880","CITY OF FAIRMONT","901 HOWARD AVE.","FAIRMONT","WV",9,0,NA,NA,c(-80.1714, 39.47)
"6881","CITY OF FAIRMONT","901 HOWARD AVE.","FAIRMONT","WV",9,0,NA,NA,c(-80.1783, 39.4417)
"6882","CITY OF FAIRMONT","901 HOWARD AVE.","FAIRMONT","WV",9,0,NA,NA,c(-80.1308, 39.5031)
"6883","CITY OF FAIRMONT","901 HOWARD AVE.","FAIRMONT","WV",9,0,"West Virginia",1,c(-80.1228, 39.4917)
"6884","CITY OF FAIRMONT","901 HOWARD AVE.","FAIRMONT","WV",9,0,"West Virginia",1,c(-80.1322, 39.4967)
"6885","CITY OF FAIRMONT","901 HOWARD AVE.","FAIRMONT","WV",9,0,NA,NA,c(-80.1831, 39.4703)
"6886","CITY OF FAIRMONT","901 HOWARD AVE.","FAIRMONT","WV",9,0,NA,NA,c(-80.1608, 39.4672)
"6887","CITY OF KEYSER","881 WAXLER ROAD","KEYSER","WV",2.4,NA,NA,NA,c(-78.9639, 39.4383)
"6888","CITY OF WESTOVER","500 DUPONT RD","WESTOVER","WV",0.6824,0,NA,NA,c(-79.9631, 39.6386)
"6889","CITY OF WESTOVER","500 DUPONT RD","WESTOVER","WV",0.6824,0,NA,NA,c(-79.9736, 39.6406)
"6890","CITY OF WESTOVER","500 DUPONT RD","WESTOVER","WV",0.6824,0,NA,NA,c(-79.9758, 39.6406)
"6891","CITY OF WESTOVER","500 DUPONT RD","WESTOVER","WV",0.6824,0,NA,NA,c(-79.9792, 39.6411)
"6892","CITY OF WESTOVER","500 DUPONT RD","WESTOVER","WV",0.6824,0,"West Virginia",1,c(-79.9856, 39.64)
"6893","TOWN OF MARLINTON","STILLWELL PARK RD.","MARLINTON","WV",0.2,NA,"West Virginia",1,c(-80.0911, 38.2178)
"6894","TOWN OF WAYNE","RT. 152 NEWTOWN RIVER ST.","WAYNE","WV",0.17,0,"West Virginia",1,c(-82.435, 38.2236)
"6895","TOWN OF WAYNE","RT. 152 NEWTOWN RIVER ST.","WAYNE","WV",0.17,0,NA,NA,c(-82.4433, 38.2239)
"6896","TOWN OF WAYNE","RT. 152 NEWTOWN RIVER ST.","WAYNE","WV",0.17,0,"West Virginia",1,c(-82.44, 38.2311)
"6897","WELCH CITY OF","SHAFT BOTTOM RD","HEMPHILL","WV",1.12,NA,"West Virginia",1,c(-81.5986, 37.4461)
"6898","WELCH CITY OF","SHAFT BOTTOM RD","HEMPHILL","WV",1.12,NA,"West Virginia",1,c(-81.5969, 37.4472)
"6899","WELCH CITY OF","SHAFT BOTTOM RD","HEMPHILL","WV",1.12,NA,"West Virginia",1,c(-81.5906, 37.4394)
"6900","WELCH CITY OF","SHAFT BOTTOM RD","HEMPHILL","WV",1.12,NA,"West Virginia",1,c(-81.5864, 37.4353)
"6901","WELCH CITY OF","SHAFT BOTTOM RD","HEMPHILL","WV",1.12,NA,"West Virginia",1,c(-81.5861, 37.4325)
"6902","WELCH CITY OF","SHAFT BOTTOM RD","HEMPHILL","WV",1.12,NA,"West Virginia",1,c(-81.5856, 37.4242)
"6903","WELCH CITY OF","SHAFT BOTTOM RD","HEMPHILL","WV",1.12,NA,"West Virginia",1,c(-81.5861, 37.4403)
"6904","WELCH CITY OF","SHAFT BOTTOM RD","HEMPHILL","WV",1.12,NA,"West Virginia",1,c(-81.5886, 37.4214)
"6905","WELCH CITY OF","SHAFT BOTTOM RD","HEMPHILL","WV",1.12,NA,"West Virginia",1,c(-81.5903, 37.4197)
"6906","WELCH CITY OF","SHAFT BOTTOM RD","HEMPHILL","WV",1.12,NA,"West Virginia",1,c(-81.5906, 37.4181)
"6907","WELCH CITY OF","SHAFT BOTTOM RD","HEMPHILL","WV",1.12,NA,"West Virginia",1,c(-81.59, 37.4161)
"6908","WELCH CITY OF","SHAFT BOTTOM RD","HEMPHILL","WV",1.12,NA,"West Virginia",1,c(-81.5858, 37.4139)
"6909","WELCH CITY OF","SHAFT BOTTOM RD","HEMPHILL","WV",1.12,NA,"West Virginia",1,c(-81.5842, 37.4133)
"6910","WELCH CITY OF","SHAFT BOTTOM RD","HEMPHILL","WV",1.12,NA,"West Virginia",1,c(-81.5822, 37.4131)
"6911","WELCH CITY OF","SHAFT BOTTOM RD","HEMPHILL","WV",1.12,NA,"West Virginia",1,c(-81.5894, 37.4383)
"6912","WELCH CITY OF","SHAFT BOTTOM RD","HEMPHILL","WV",1.12,NA,"West Virginia",1,c(-81.5769, 37.4389)
"6913","WELCH CITY OF","SHAFT BOTTOM RD","HEMPHILL","WV",1.12,NA,"West Virginia",1,c(-81.5633, 37.4483)
"6914","WELCH CITY OF","SHAFT BOTTOM RD","HEMPHILL","WV",1.12,NA,"West Virginia",1,c(-81.5858, 37.4306)
"6915","WELCH CITY OF","SHAFT BOTTOM RD","HEMPHILL","WV",1.12,NA,"West Virginia",1,c(-81.5839, 37.4317)
"6916","WELCH CITY OF","SHAFT BOTTOM RD","HEMPHILL","WV",1.12,NA,"West Virginia",1,c(-81.5822, 37.4342)
"6917","WELCH CITY OF","SHAFT BOTTOM RD","HEMPHILL","WV",1.12,NA,"West Virginia",1,c(-81.5817, 37.4353)
"6918","WELCH CITY OF","SHAFT BOTTOM RD","HEMPHILL","WV",1.12,NA,"West Virginia",1,c(-81.5808, 37.4358)
"6919","WELCH CITY OF","SHAFT BOTTOM RD","HEMPHILL","WV",1.12,NA,"West Virginia",1,c(-81.5794, 37.4356)
"6920","WELCH CITY OF","SHAFT BOTTOM RD","HEMPHILL","WV",1.12,NA,"West Virginia",1,c(-81.5778, 37.4353)
"6921","WELCH CITY OF","SHAFT BOTTOM RD","HEMPHILL","WV",1.12,NA,"West Virginia",1,c(-81.5758, 37.4347)
"6922","WELCH CITY OF","SHAFT BOTTOM RD","HEMPHILL","WV",1.12,NA,"West Virginia",1,c(-81.5736, 37.4322)
"6923","CITY OF HINTON","WV RT. 20 @ BARKSDALE NEAR SUMMERS CO HIGH SCHOOL","HINTON","WV",0.625,0,"West Virginia",1,c(-80.8936, 37.6689)
"6924","CITY OF HINTON","WV RT. 20 @ BARKSDALE NEAR SUMMERS CO HIGH SCHOOL","HINTON","WV",0.625,0,"West Virginia",1,c(-80.8847, 37.6481)
"6925","CITY OF HINTON","WV RT. 20 @ BARKSDALE NEAR SUMMERS CO HIGH SCHOOL","HINTON","WV",0.625,0,"West Virginia",1,c(-80.8844, 37.6475)
"6926","CITY OF HINTON","WV RT. 20 @ BARKSDALE NEAR SUMMERS CO HIGH SCHOOL","HINTON","WV",0.625,0,"West Virginia",1,c(-80.8928, 37.6739)
"6927","DAVIS TOWN OF","ROUTE 32","DAVIS","WV",NA,NA,NA,NA,c(-79.4679, 39.1273)
"6928","DAVIS TOWN OF","ROUTE 32","DAVIS","WV",NA,NA,NA,NA,c(-79.4685, 39.1274)
"6929","DAVIS TOWN OF","ROUTE 32","DAVIS","WV",NA,NA,NA,NA,c(-79.4667, 39.1261)
"6930","THOMAS CITY OF","DOUGLAS RD. 0.4 MILE FROM WV RT. 32","THOMAS","WV",0.15,NA,"West Virginia",1,c(-79.5019, 39.1433)
"6931","BRIDGEPORT WASTEWATER TREATMENT PLANT","1 PAUL WAYNE HAGGERTY ROAD","BRIDGEPORT","WV",3,NA,NA,NA,c(-80.2778, 39.2972)
"6932","BRIDGEPORT WASTEWATER TREATMENT PLANT","1 PAUL WAYNE HAGGERTY ROAD","BRIDGEPORT","WV",3,NA,NA,NA,c(-80.2697, 39.2889)
"6933","BRIDGEPORT WASTEWATER TREATMENT PLANT","1 PAUL WAYNE HAGGERTY ROAD","BRIDGEPORT","WV",3,NA,NA,NA,c(-80.2625, 39.2844)
"6934","BRIDGEPORT WASTEWATER TREATMENT PLANT","1 PAUL WAYNE HAGGERTY ROAD","BRIDGEPORT","WV",3,NA,NA,NA,c(-80.2528, 39.285)
"6935","BRIDGEPORT WASTEWATER TREATMENT PLANT","1 PAUL WAYNE HAGGERTY ROAD","BRIDGEPORT","WV",3,NA,NA,NA,c(-80.2717, 39.2931)
"6936","BRIDGEPORT WASTEWATER TREATMENT PLANT","1 PAUL WAYNE HAGGERTY ROAD","BRIDGEPORT","WV",3,NA,NA,NA,c(-80.2628, 39.2897)
"6937","BRIDGEPORT WASTEWATER TREATMENT PLANT","1 PAUL WAYNE HAGGERTY ROAD","BRIDGEPORT","WV",3,NA,NA,NA,c(-80.2639, 39.2886)
"6938","BRIDGEPORT WASTEWATER TREATMENT PLANT","1 PAUL WAYNE HAGGERTY ROAD","BRIDGEPORT","WV",3,NA,NA,NA,c(-80.2497, 39.2889)
"6939","BRIDGEPORT WASTEWATER TREATMENT PLANT","1 PAUL WAYNE HAGGERTY ROAD","BRIDGEPORT","WV",3,NA,NA,NA,c(-80.2483, 39.2867)
"6940","BRIDGEPORT WASTEWATER TREATMENT PLANT","1 PAUL WAYNE HAGGERTY ROAD","BRIDGEPORT","WV",3,NA,NA,NA,c(-80.2583, 39.285)
"6941","WELLSBURG CITY OF","200 MAIN ST","WELLSBURG","WV",1.25,NA,NA,NA,c(-80.6158, 40.265)
"6942","WELLSBURG CITY OF","200 MAIN ST","WELLSBURG","WV",1.25,NA,NA,NA,c(-80.6144, 40.2686)
"6943","WELLSBURG CITY OF","200 MAIN ST","WELLSBURG","WV",1.25,NA,NA,NA,c(-80.6142, 40.2697)
"6944","WELLSBURG CITY OF","200 MAIN ST","WELLSBURG","WV",1.25,NA,NA,NA,c(-80.6139, 40.2717)
"6945","WELLSBURG CITY OF","200 MAIN ST","WELLSBURG","WV",1.25,NA,NA,NA,c(-80.6139, 40.2736)
"6946","WELLSBURG CITY OF","200 MAIN ST","WELLSBURG","WV",1.25,NA,NA,NA,c(-80.6139, 40.275)
"6947","WELLSBURG CITY OF","200 MAIN ST","WELLSBURG","WV",1.25,NA,NA,NA,c(-80.6128, 40.2875)
"6948","WELLSBURG CITY OF","200 MAIN ST","WELLSBURG","WV",1.25,NA,NA,NA,c(-80.6125, 40.2881)
"6949","WELLSBURG CITY OF","200 MAIN ST","WELLSBURG","WV",1.25,NA,NA,NA,c(-80.6125, 40.2889)
"6950","TOWN OF MONONGAH","430 BRIDGE STREET","MONONGAH","WV",0.563,NA,"West Virginia",1,c(-80.2169, 39.4611)
"6951","TOWN OF MONONGAH","430 BRIDGE STREET","MONONGAH","WV",0.563,NA,NA,NA,c(-80.2164, 39.4603)
"6952","NEW MARTINSVILLE","300 SOUTH MAIN STREET","NEW MARTINSVILLE","WV",2.3,NA,"West Virginia",1,c(-80.8594, 39.6356)
"6953","NEW MARTINSVILLE","300 SOUTH MAIN STREET","NEW MARTINSVILLE","WV",2.3,NA,"West Virginia",1,c(-80.8628, 39.6367)
"6954","NEW MARTINSVILLE","300 SOUTH MAIN STREET","NEW MARTINSVILLE","WV",2.3,NA,"West Virginia",1,c(-80.8572, 39.6928)
"6955","NEW MARTINSVILLE","300 SOUTH MAIN STREET","NEW MARTINSVILLE","WV",2.3,NA,"West Virginia",1,c(-80.8614, 39.6894)
"6956","NEW MARTINSVILLE","300 SOUTH MAIN STREET","NEW MARTINSVILLE","WV",2.3,NA,"West Virginia",1,c(-80.8597, 39.6667)
"6957","NEW MARTINSVILLE","300 SOUTH MAIN STREET","NEW MARTINSVILLE","WV",2.3,NA,"West Virginia",1,c(-80.8631, 39.6794)
"6958","NEW MARTINSVILLE","300 SOUTH MAIN STREET","NEW MARTINSVILLE","WV",2.3,NA,"West Virginia",1,c(-80.8656, 39.6464)
"6959","NEW MARTINSVILLE","300 SOUTH MAIN STREET","NEW MARTINSVILLE","WV",2.3,NA,"West Virginia",1,c(-80.8636, 39.6369)
"6960","NEW MARTINSVILLE","300 SOUTH MAIN STREET","NEW MARTINSVILLE","WV",2.3,NA,"West Virginia",1,c(-80.8669, 39.6378)
"6961","NEW MARTINSVILLE","300 SOUTH MAIN STREET","NEW MARTINSVILLE","WV",2.3,NA,"West Virginia",1,c(-80.8603, 39.6356)
"6962","NEW MARTINSVILLE","300 SOUTH MAIN STREET","NEW MARTINSVILLE","WV",2.3,NA,"West Virginia",1,c(-80.8572, 39.6353)
"6963","NEW MARTINSVILLE","300 SOUTH MAIN STREET","NEW MARTINSVILLE","WV",2.3,NA,"West Virginia",1,c(-80.8561, 39.6353)
"6964","WESTON CITY OF","608 OLD MILL RD","WESTON","WV",2.5,NA,"West Virginia",1,c(-80.4678, 39.0556)
"6965","WESTON CITY OF","608 OLD MILL RD","WESTON","WV",2.5,NA,"West Virginia",1,c(-80.4656, 39.0464)
"6966","WESTON CITY OF","608 OLD MILL RD","WESTON","WV",2.5,NA,"West Virginia",1,c(-80.4622, 39.0433)
"6967","WESTON CITY OF","608 OLD MILL RD","WESTON","WV",2.5,NA,"West Virginia",1,c(-80.4636, 39.0397)
"6968","WESTON CITY OF","608 OLD MILL RD","WESTON","WV",2.5,NA,"West Virginia",1,c(-80.4694, 39.0369)
"6969","WESTON CITY OF","608 OLD MILL RD","WESTON","WV",2.5,NA,"West Virginia",1,c(-80.47, 39.0408)
"6970","CITY OF DUNBAR SANITARY BOARD","2802 CHARLES AVE.","DUNBAR WV","WV",2.25,NA,"West Virginia",1,c(-81.7589, 38.3681)
"6971","CITY OF DUNBAR SANITARY BOARD","2802 CHARLES AVE.","DUNBAR WV","WV",2.25,NA,"West Virginia",1,c(-81.7392, 38.3622)
"6972","CITY OF DUNBAR SANITARY BOARD","2802 CHARLES AVE.","DUNBAR WV","WV",2.25,NA,NA,NA,c(-81.7392, 38.3561)
"6973","CITY OF DUNBAR SANITARY BOARD","2802 CHARLES AVE.","DUNBAR WV","WV",2.25,NA,NA,NA,c(-81.7322, 38.3614)
"6974","CITY OF DUNBAR SANITARY BOARD","2802 CHARLES AVE.","DUNBAR WV","WV",2.25,NA,NA,NA,c(-81.7319, 38.3575)
"6975","CITY OF DUNBAR SANITARY BOARD","2802 CHARLES AVE.","DUNBAR WV","WV",2.25,NA,"West Virginia",1,c(-81.7508, 38.3681)
"6976","CITY OF DUNBAR SANITARY BOARD","2802 CHARLES AVE.","DUNBAR WV","WV",2.25,NA,NA,NA,c(-81.7336, 38.3575)
"6977","CITY OF DUNBAR SANITARY BOARD","2802 CHARLES AVE.","DUNBAR WV","WV",2.25,NA,NA,NA,c(-81.7256, 38.3592)
"6978","CITY OF DUNBAR SANITARY BOARD","2802 CHARLES AVE.","DUNBAR WV","WV",2.25,NA,NA,NA,c(-81.7278, 38.3586)
"6979","CITY OF DUNBAR SANITARY BOARD","2802 CHARLES AVE.","DUNBAR WV","WV",2.25,NA,NA,NA,c(-81.7372, 38.3564)
"6980","CITY OF DUNBAR SANITARY BOARD","2802 CHARLES AVE.","DUNBAR WV","WV",2.25,NA,NA,NA,c(-81.7458, 38.3564)
"6981","CITY OF DUNBAR SANITARY BOARD","2802 CHARLES AVE.","DUNBAR WV","WV",2.25,NA,NA,NA,c(-81.7481, 38.3567)
"6982","CITY OF DUNBAR SANITARY BOARD","2802 CHARLES AVE.","DUNBAR WV","WV",2.25,NA,NA,NA,c(-81.7503, 38.3575)
"6983","CITY OF DUNBAR SANITARY BOARD","2802 CHARLES AVE.","DUNBAR WV","WV",2.25,NA,NA,NA,c(-81.7508, 38.3578)
"6984","CITY OF DUNBAR SANITARY BOARD","2802 CHARLES AVE.","DUNBAR WV","WV",2.25,NA,NA,NA,c(-81.7517, 38.3583)
"6985","CITY OF DUNBAR SANITARY BOARD","2802 CHARLES AVE.","DUNBAR WV","WV",2.25,NA,NA,NA,c(-81.7525, 38.3589)
"6986","CITY OF DUNBAR SANITARY BOARD","2802 CHARLES AVE.","DUNBAR WV","WV",2.25,NA,NA,NA,c(-81.7542, 38.3603)
"6987","BELINGTON CITY OF","DEARBOURNE STREET","BELINGTON","WV",0.37,NA,"West Virginia",1,c(-79.9369, 39.0128)
"6988","BELINGTON CITY OF","DEARBOURNE STREET","BELINGTON","WV",0.37,NA,"West Virginia",1,c(-79.9353, 39.0283)
"6989","BELINGTON CITY OF","DEARBOURNE STREET","BELINGTON","WV",0.37,NA,"West Virginia",1,c(-79.9536, 39.0319)
"6990","CITY OF BUCKHANNON","298 SEWER PLANT ROAD","BUCKHANNON","WV",2.5,NA,"West Virginia",1,c(-80.2275, 39)
"6991","CITY OF BUCKHANNON","298 SEWER PLANT ROAD","BUCKHANNON","WV",2.5,NA,NA,NA,c(-80.2261, 38.9944)
"6992","CITY OF BUCKHANNON","298 SEWER PLANT ROAD","BUCKHANNON","WV",2.5,NA,"West Virginia",1,c(-80.2144, 38.9856)
"6993","CITY OF BUCKHANNON","298 SEWER PLANT ROAD","BUCKHANNON","WV",2.5,NA,NA,NA,c(-80.2153, 38.9853)
"6994","CITY OF LOGAN","APPROX. 1/4 MILE SOUTH OF PEACH CREEK BRIDGE","LOGAN","WV",0.53,NA,"West Virginia",1,c(-81.9956, 37.8567)
"6995","CITY OF LOGAN","APPROX. 1/4 MILE SOUTH OF PEACH CREEK BRIDGE","LOGAN","WV",0.53,NA,"West Virginia",1,c(-81.995, 37.8531)
"6996","CITY OF LOGAN","APPROX. 1/4 MILE SOUTH OF PEACH CREEK BRIDGE","LOGAN","WV",0.53,NA,"West Virginia",1,c(-81.9944, 37.8506)
"6997","CITY OF LOGAN","APPROX. 1/4 MILE SOUTH OF PEACH CREEK BRIDGE","LOGAN","WV",0.53,NA,"West Virginia",1,c(-81.9944, 37.8467)
"6998","CITY OF LOGAN","APPROX. 1/4 MILE SOUTH OF PEACH CREEK BRIDGE","LOGAN","WV",0.53,NA,"West Virginia",1,c(-81.9928, 37.8458)
"6999","CITY OF LOGAN","APPROX. 1/4 MILE SOUTH OF PEACH CREEK BRIDGE","LOGAN","WV",0.53,NA,"West Virginia",1,c(-81.9908, 37.8456)
"7000","CITY OF LOGAN","APPROX. 1/4 MILE SOUTH OF PEACH CREEK BRIDGE","LOGAN","WV",0.53,NA,"West Virginia",1,c(-81.9881, 37.845)
"7001","CITY OF LOGAN","APPROX. 1/4 MILE SOUTH OF PEACH CREEK BRIDGE","LOGAN","WV",0.53,NA,"West Virginia",1,c(-81.9858, 37.8439)
"7002","CITY OF LOGAN","APPROX. 1/4 MILE SOUTH OF PEACH CREEK BRIDGE","LOGAN","WV",0.53,NA,"West Virginia",1,c(-81.9836, 37.8431)
"7003","CITY OF LOGAN","APPROX. 1/4 MILE SOUTH OF PEACH CREEK BRIDGE","LOGAN","WV",0.53,NA,"West Virginia",1,c(-81.9811, 37.8422)
"7004","CEDAR GROVE TOWN OF","302 ALEXANDER STREET","CEDAR GROVE","WV",NA,NA,"West Virginia",1,c(-81.4361, 38.2208)
"7005","KENOVA CITY OF","1501 PINE STREET","KENOVA","WV",NA,NA,"West Virginia",1,c(-82.5814, 38.4067)
"7006","KENOVA CITY OF","1501 PINE STREET","KENOVA","WV",NA,NA,"West Virginia",1,c(-82.5681, 38.4003)
"7007","KENOVA CITY OF","1501 PINE STREET","KENOVA","WV",NA,NA,"West Virginia",1,c(-82.5936, 38.4019)
"7008","BOONE COUNTY PSD","822 DOH GARAGE ROAD","DANVILLE","WV",0.665,NA,"West Virginia",1,c(-81.8186, 38.0692)
"7009","BOONE COUNTY PSD","822 DOH GARAGE ROAD","DANVILLE","WV",0.665,NA,"West Virginia",1,c(-81.8222, 38.0717)
"7010","BOONE COUNTY PSD","822 DOH GARAGE ROAD","DANVILLE","WV",0.665,NA,"West Virginia",1,c(-81.8242, 38.0592)
"7011","BOONE COUNTY PSD","822 DOH GARAGE ROAD","DANVILLE","WV",0.665,NA,"West Virginia",1,c(-81.8236, 38.0564)
"7012","BOONE COUNTY PSD","822 DOH GARAGE ROAD","DANVILLE","WV",0.665,NA,"West Virginia",1,c(-81.8258, 38.0742)
"7013","SHINNSTON CITY OF WWTP","900 PIKE STREET","SHINNSTON","WV",0.38,NA,NA,NA,c(-80.2972, 39.3994)
"7014","SHINNSTON CITY OF WWTP","900 PIKE STREET","SHINNSTON","WV",0.38,NA,NA,NA,c(-80.2972, 39.3983)
"7015","SHINNSTON CITY OF WWTP","900 PIKE STREET","SHINNSTON","WV",0.38,NA,NA,NA,c(-80.2986, 39.3978)
"7016","SHINNSTON CITY OF WWTP","900 PIKE STREET","SHINNSTON","WV",0.38,NA,NA,NA,c(-80.2994, 39.3975)
"7017","SHINNSTON CITY OF WWTP","900 PIKE STREET","SHINNSTON","WV",0.38,NA,NA,NA,c(-80.3006, 39.3978)
"7018","SHINNSTON CITY OF WWTP","900 PIKE STREET","SHINNSTON","WV",0.38,NA,NA,NA,c(-80.3008, 39.3975)
"7019","SHINNSTON CITY OF WWTP","900 PIKE STREET","SHINNSTON","WV",0.38,NA,NA,NA,c(-80.3017, 39.3972)
"7020","SHINNSTON CITY OF WWTP","900 PIKE STREET","SHINNSTON","WV",0.38,NA,NA,NA,c(-80.3022, 39.3967)
"7021","SHINNSTON CITY OF WWTP","900 PIKE STREET","SHINNSTON","WV",0.38,NA,NA,NA,c(-80.3031, 39.3958)
"7022","SHINNSTON CITY OF WWTP","900 PIKE STREET","SHINNSTON","WV",0.38,NA,"West Virginia",1,c(-80.3117, 39.3914)
"7023","TOWN OF BARRACKVILLE","26 PIKE STREET","BARRACKVILLE","WV",0.1578,NA,NA,NA,c(-80.1606, 39.5014)
"7024","TOWN OF BARRACKVILLE","26 PIKE STREET","BARRACKVILLE","WV",0.1578,NA,NA,NA,c(-80.165, 39.5047)
"7025","TOWN OF BARRACKVILLE","26 PIKE STREET","BARRACKVILLE","WV",0.1578,NA,NA,NA,c(-80.1678, 39.5058)
"7026","TOWN OF BARRACKVILLE","26 PIKE STREET","BARRACKVILLE","WV",0.1578,NA,NA,NA,c(-80.17, 39.505)
"7027","TOWN OF BARRACKVILLE","26 PIKE STREET","BARRACKVILLE","WV",0.1578,NA,NA,NA,c(-80.1725, 39.5031)
"7028","TOWN OF BARRACKVILLE","26 PIKE STREET","BARRACKVILLE","WV",0.1578,NA,NA,NA,c(-80.1725, 39.5033)
"7029","TOWN OF BARRACKVILLE","26 PIKE STREET","BARRACKVILLE","WV",0.1578,NA,NA,NA,c(-80.1753, 39.5017)
"7030","TOWN OF BARRACKVILLE","26 PIKE STREET","BARRACKVILLE","WV",0.1578,NA,NA,NA,c(-80.1797, 39.5)
"7031","TOWN OF BARRACKVILLE","26 PIKE STREET","BARRACKVILLE","WV",0.1578,NA,NA,NA,c(-80.1614, 39.5022)
"7032","TOWN OF BARRACKVILLE","26 PIKE STREET","BARRACKVILLE","WV",0.1578,NA,NA,NA,c(-80.1736, 39.5033)
"7033","TOWN OF BARRACKVILLE","26 PIKE STREET","BARRACKVILLE","WV",0.1578,NA,NA,NA,c(-80.1617, 39.5022)
"7034","TOWN OF BARRACKVILLE","26 PIKE STREET","BARRACKVILLE","WV",0.1578,NA,NA,NA,c(-80.1592, 39.4994)
"7035","FLATWOODS-CANOE RUN PUBLIC SERVICE DISTRICT","134 COASTAL ROAD","GASSAWAY, WEST VIRGINIA","WV",0.72,NA,"West Virginia",1,c(-80.7106, 38.6639)
"7036","FLATWOODS-CANOE RUN PUBLIC SERVICE DISTRICT","134 COASTAL ROAD","GASSAWAY, WEST VIRGINIA","WV",0.72,NA,"West Virginia",1,c(-80.7792, 38.6694)
"7037","FLATWOODS-CANOE RUN PUBLIC SERVICE DISTRICT","134 COASTAL ROAD","GASSAWAY, WEST VIRGINIA","WV",0.72,NA,"West Virginia",1,c(-80.7786, 38.6714)
"7038","FLATWOODS-CANOE RUN PUBLIC SERVICE DISTRICT","134 COASTAL ROAD","GASSAWAY, WEST VIRGINIA","WV",0.72,NA,"West Virginia",1,c(-80.7772, 38.6739)
"7039","FLATWOODS-CANOE RUN PUBLIC SERVICE DISTRICT","134 COASTAL ROAD","GASSAWAY, WEST VIRGINIA","WV",0.72,NA,"West Virginia",1,c(-80.7683, 38.6739)
"7040","FLATWOODS-CANOE RUN PUBLIC SERVICE DISTRICT","134 COASTAL ROAD","GASSAWAY, WEST VIRGINIA","WV",0.72,NA,"West Virginia",1,c(-80.7975, 38.6675)
"7041","GREATER PAW PAW SANITARY DISTRICT","25 JACKSON STREET","RIVESVILLE","WV",0.684,NA,"West Virginia",1,c(-80.2472, 39.5925)
"7042","GREATER PAW PAW SANITARY DISTRICT","25 JACKSON STREET","RIVESVILLE","WV",0.684,NA,"West Virginia",1,c(-80.2456, 39.5953)
"7043","GREATER PAW PAW SANITARY DISTRICT","25 JACKSON STREET","RIVESVILLE","WV",0.684,NA,"West Virginia",1,c(-80.2467, 39.5936)
"7044","GREATER PAW PAW SANITARY DISTRICT","25 JACKSON STREET","RIVESVILLE","WV",0.684,NA,"West Virginia",1,c(-80.245, 39.5917)
"7045","GREATER PAW PAW SANITARY DISTRICT","25 JACKSON STREET","RIVESVILLE","WV",0.684,NA,"West Virginia",1,c(-80.245, 39.5903)
"7046","GREATER PAW PAW SANITARY DISTRICT","25 JACKSON STREET","RIVESVILLE","WV",0.684,NA,NA,NA,c(-80.1217, 39.5297)
"7047","GREATER PAW PAW SANITARY DISTRICT","25 JACKSON STREET","RIVESVILLE","WV",0.684,NA,NA,NA,c(-80.12, 39.5292)
"7048","GREATER PAW PAW SANITARY DISTRICT","25 JACKSON STREET","RIVESVILLE","WV",0.684,NA,NA,NA,c(-80.1767, 39.5544)
"7049","GREATER PAW PAW SANITARY DISTRICT","25 JACKSON STREET","RIVESVILLE","WV",0.684,NA,"West Virginia",1,c(-80.245, 39.5908)
"7050","TOWN OF NUTTER FORT","1415 BUCKHANNON PIKE","NUTTER FORT","WV",0.25,0,NA,NA,c(-80.3169, 39.2656)
"7051","TOWN OF NUTTER FORT","1415 BUCKHANNON PIKE","NUTTER FORT","WV",0.25,0,NA,NA,c(-80.3167, 39.2656)
"7052","TOWN OF NUTTER FORT","1415 BUCKHANNON PIKE","NUTTER FORT","WV",0.25,0,"West Virginia",1,c(-80.3178, 39.2564)
"7053","PIEDMONT CITY OF","52 SECOND STREET","PIEDMONT","WV",0.11,NA,"Maryland",1,c(-79.0536, 39.4786)
"7054","PIEDMONT CITY OF","52 SECOND STREET","PIEDMONT","WV",0.11,NA,"West Virginia",1,c(-79.0453, 39.4811)
"7055","PIEDMONT CITY OF","52 SECOND STREET","PIEDMONT","WV",0.11,NA,"West Virginia",1,c(-79.0453, 39.48)
"7056","PIEDMONT CITY OF","52 SECOND STREET","PIEDMONT","WV",0.11,NA,"West Virginia",1,c(-79.0444, 39.4797)
"7057","PIEDMONT CITY OF","52 SECOND STREET","PIEDMONT","WV",0.11,NA,"West Virginia",1,c(-79.0444, 39.4794)
"7058","PIEDMONT CITY OF","52 SECOND STREET","PIEDMONT","WV",0.11,NA,"Maryland",1,c(-79.0411, 39.4781)
"7059","PIEDMONT CITY OF","52 SECOND STREET","PIEDMONT","WV",0.11,NA,"West Virginia",1,c(-79.0389, 39.4756)
"7060","MT CARMEL MUNI SEW COLL SYS & STP","657 BRENNANS FARM RD","KULPMONT","PA",2.25,NA,"Pennsylvania",1,c(-76.40444, 40.79806)
"7061","MT CARMEL MUNI SEW COLL SYS & STP","657 BRENNANS FARM RD","KULPMONT","PA",2.25,NA,"Pennsylvania",1,c(-76.405, 40.76472)
"7062","MT CARMEL MUNI SEW COLL SYS & STP","657 BRENNANS FARM RD","KULPMONT","PA",2.25,NA,"Pennsylvania",1,c(-76.40694, 40.79972)
"7063","MT CARMEL MUNI SEW COLL SYS & STP","657 BRENNANS FARM RD","KULPMONT","PA",2.25,NA,"Pennsylvania",1,c(-76.40889, 40.80056)
"7064","MT CARMEL MUNI SEW COLL SYS & STP","657 BRENNANS FARM RD","KULPMONT","PA",2.25,NA,"Pennsylvania",1,c(-76.410278, 40.800278)
"7065","MT CARMEL MUNI SEW COLL SYS & STP","657 BRENNANS FARM RD","KULPMONT","PA",2.25,NA,"Pennsylvania",1,c(-76.410278, 40.800278)
"7066","MT CARMEL MUNI SEW COLL SYS & STP","657 BRENNANS FARM RD","KULPMONT","PA",2.25,NA,"Pennsylvania",1,c(-76.410278, 40.800278)
"7067","MT CARMEL MUNI SEW COLL SYS & STP","657 BRENNANS FARM RD","KULPMONT","PA",2.25,NA,"Pennsylvania",1,c(-76.411667, 40.799999)
"7068","MT CARMEL MUNI SEW COLL SYS & STP","657 BRENNANS FARM RD","KULPMONT","PA",2.25,NA,"Pennsylvania",1,c(-76.411667, 40.799999)
"7069","MT CARMEL MUNI SEW COLL SYS & STP","657 BRENNANS FARM RD","KULPMONT","PA",2.25,NA,"Pennsylvania",1,c(-76.40889, 40.80056)
"7070","MT CARMEL MUNI SEW COLL SYS & STP","657 BRENNANS FARM RD","KULPMONT","PA",2.25,NA,"Pennsylvania",1,c(-76.41417, 40.79944)
"7071","MT CARMEL MUNI SEW COLL SYS & STP","657 BRENNANS FARM RD","KULPMONT","PA",2.25,NA,"Pennsylvania",1,c(-76.41889, 40.81556)
"7072","MT CARMEL MUNI SEW COLL SYS & STP","657 BRENNANS FARM RD","KULPMONT","PA",2.25,NA,"Pennsylvania",1,c(-76.41972, 40.79861)
"7073","MT CARMEL MUNI SEW COLL SYS & STP","657 BRENNANS FARM RD","KULPMONT","PA",2.25,NA,"Pennsylvania",1,c(-76.42389, 40.79361)
"7074","MT CARMEL MUNI SEW COLL SYS & STP","657 BRENNANS FARM RD","KULPMONT","PA",2.25,NA,"Pennsylvania",1,c(-76.45, 40.7875)
"7075","MT CARMEL MUNI SEW COLL SYS & STP","657 BRENNANS FARM RD","KULPMONT","PA",2.25,NA,"Pennsylvania",1,c(-76.42028, 40.79389)
"7076","MT CARMEL MUNI SEW COLL SYS & STP","657 BRENNANS FARM RD","KULPMONT","PA",2.25,NA,"Pennsylvania",1,c(-76.41417, 40.80111)
"7077","MT CARMEL MUNI SEW COLL SYS & STP","657 BRENNANS FARM RD","KULPMONT","PA",2.25,NA,"Pennsylvania",1,c(-76.41417, 40.80111)
"7078","HUNTINGDON STP","10477 SNYDERS RUN ROAD","HUNTINGDON","PA",4,NA,NA,NA,c(-78.0125, 40.484167)
"7079","GARRETT BORO STP","BERLIN ST SR 2037","GARRETT","PA",0.067,NA,"Pennsylvania",1,c(-79.062225, 39.861946)
"7080","GARRETT BORO STP","BERLIN ST SR 2037","GARRETT","PA",0.067,NA,"Pennsylvania",1,c(-79.059166, 39.863056)
"7081","KITTANNING BORO STP","S WATER ST EXT","KITTANNING","PA",1.2,NA,NA,NA,c(-79.51722, 40.80833)
"7082","KITTANNING BORO STP","S WATER ST EXT","KITTANNING","PA",1.2,NA,"Pennsylvania",1,c(-79.52, 40.81167)
"7083","KITTANNING BORO STP","S WATER ST EXT","KITTANNING","PA",1.2,NA,NA,NA,c(-79.52139, 40.81278)
"7084","KITTANNING BORO STP","S WATER ST EXT","KITTANNING","PA",1.2,NA,"Pennsylvania",1,c(-79.52306, 40.81417)
"7085","KITTANNING BORO STP","S WATER ST EXT","KITTANNING","PA",1.2,NA,"Pennsylvania",1,c(-79.52417, 40.81556)
"7086","KITTANNING BORO STP","S WATER ST EXT","KITTANNING","PA",1.2,NA,"Pennsylvania",1,c(-79.52556, 40.81694)
"7087","KITTANNING BORO STP","S WATER ST EXT","KITTANNING","PA",1.2,NA,"Pennsylvania",1,c(-79.5275, 40.82111)
"7088","KITTANNING BORO STP","S WATER ST EXT","KITTANNING","PA",1.2,NA,"Pennsylvania",1,c(-79.52861, 40.82528)
"7089","BELLE VERNON STP","10 MAIN ST","BELLE VERNON","PA",0.95,NA,NA,NA,c(-79.86417, 40.12306)
"7090","BELLE VERNON STP","10 MAIN ST","BELLE VERNON","PA",0.95,NA,NA,NA,c(-79.8675, 40.12528)
"7091","BELLE VERNON STP","10 MAIN ST","BELLE VERNON","PA",0.95,NA,NA,NA,c(-79.86972, 40.12556)
"7092","BELLE VERNON STP","10 MAIN ST","BELLE VERNON","PA",0.95,NA,NA,NA,c(-79.87083, 40.12583)
"7093","BELLE VERNON STP","10 MAIN ST","BELLE VERNON","PA",0.95,NA,NA,NA,c(-79.87222, 40.12639)
"7094","BELLE VERNON STP","10 MAIN ST","BELLE VERNON","PA",0.95,NA,NA,NA,c(-79.87361, 40.12694)
"7095","BELLE VERNON STP","10 MAIN ST","BELLE VERNON","PA",0.95,NA,NA,NA,c(-79.87444, 40.1275)
"7096","BELLE VERNON STP","10 MAIN ST","BELLE VERNON","PA",0.95,NA,NA,NA,c(-79.87583, 40.12806)
"7097","BELLE VERNON STP","10 MAIN ST","BELLE VERNON","PA",0.95,NA,NA,NA,c(-79.88222, 40.13111)
"7098","BELLE VERNON STP","10 MAIN ST","BELLE VERNON","PA",0.95,NA,NA,NA,c(-79.88056, 40.13417)
"7099","Clairton City CSO Sew Sys","Montour Trail","Clairton City","PA",NA,NA,"Pennsylvania",1,c(-79.885833, 40.301666)
"7100","NBC - FIELD'S POINT","2 ERNEST STREET","PROVIDENCE","RI",65,44.76,"Rhode Island",1,c(-71.40722, 41.81944)
"7101","COVINGTON CITY - WASTEWATER TREATMENT PLANT","711 WEST PARK ST","COVINGTON","VA",3,NA,NA,NA,c(-79.99466, 37.75819)
"7102","FAIR HAVEN","193 MONTGIVEN AVE","FAIR HAVEN","VT",NA,NA,"Vermont",1,c(-73.28133, 43.59195)
"7103","HARDWICK","107 TREATMENT PLANT RD","HARDWICK","VT",NA,NA,NA,NA,c(-72.37617, 44.51527)
"7104","LUDLOW","212 PLEASANT ST EXT","LUDLOW","VT",NA,NA,"Vermont",1,c(-72.679281, 43.392349)
"7105","POULTNEY","685 YORK ST","POULTNEY","VT",NA,NA,NA,NA,c(-73.2453, 43.52528)
"7106","SPRINGFIELD","325 CLINTON ST","SPRINGFIELD","VT",NA,NA,NA,NA,c(-72.47386, 43.29381)
"7107","VERGENNES","CANAL STREET","VERGENNES","VT",NA,NA,NA,NA,c(-73.26122, 44.16794)
"7108","VERGENNES","CANAL STREET","VERGENNES","VT",NA,NA,NA,NA,c(-73.26122, 44.16794)
"7109","VERGENNES","CANAL STREET","VERGENNES","VT",NA,NA,NA,NA,c(-73.25631, 44.16873)
"7110","VERGENNES","CANAL STREET","VERGENNES","VT",NA,NA,NA,NA,c(-73.25631, 44.16873)
"7111","SWANTON","33 NORTH ST","SWANTON","VT",NA,NA,NA,NA,c(-73.13427, 44.925554)
"7112","WINOOSKI","250 WEST ALLEN ST","WINOOSKI","VT",NA,NA,"Vermont",1,c(-73.197733, 44.490788)
"7113","LYNDON","217 ROSE LANE","LYNDONVILLE","VT",NA,NA,NA,NA,c(-72.0167, 44.525)
"7114","LYNDON","217 ROSE LANE","LYNDONVILLE","VT",NA,NA,NA,NA,c(-72.0167, 44.525)
"7115","BARTON","112 MUNICIPAL LANE","BARTON","VT",NA,NA,"Vermont",1,c(-72.18956, 44.75017)
"7116","WILMINGTON","59 FAIRVIEW AVE","WILMINGTON","VT",NA,NA,NA,NA,c(-72.88061, 42.86939)
"7117","RICHFORD","1 SEWER PLANT RD","RICHFORD","VT",NA,NA,"Vermont",1,c(-72.666242, 45.000045)
"7118","WINDSOR MAIN","123 PASCO WAY","WINDSOR","VT",NA,NA,NA,NA,c(-72.38846, 43.47222)
"7119","LUNENBURG FD2","TREATMENT PLANT RD","GILMAN","VT",NA,NA,"Vermont",1,c(-71.71851, 44.41235)
"7120","LUNENBURG FD2","TREATMENT PLANT RD","GILMAN","VT",NA,NA,"Vermont",1,c(-71.71851, 44.41235)
"7121","BELLE VERNON STP","10 MAIN ST","BELLE VERNON","PA",0.95,NA,NA,NA,c(-79.87167, 40.12639)
"7122","BELLE VERNON STP","10 MAIN ST","BELLE VERNON","PA",0.95,NA,NA,NA,c(-79.87333, 40.12694)
"7123","BELLE VERNON STP","10 MAIN ST","BELLE VERNON","PA",0.95,NA,NA,NA,c(-79.87361, 40.12722)
"7124","BELLE VERNON STP","10 MAIN ST","BELLE VERNON","PA",0.95,NA,NA,NA,c(-79.87528, 40.12778)
"7125","BELLE VERNON STP","10 MAIN ST","BELLE VERNON","PA",0.95,NA,NA,NA,c(-79.88306, 40.13361)
"7126","BELLE VERNON STP","10 MAIN ST","BELLE VERNON","PA",0.95,NA,NA,NA,c(-79.87639, 40.13722)
"7127","Clairton City CSO Sew Sys","Clairton City School District","Clairton City","PA",NA,NA,"Pennsylvania",1,c(-79.881944, 40.303888)
"7128","Clairton City CSO Sew Sys","Clairton City School District","Clairton City","PA",NA,NA,"Pennsylvania",1,c(-79.882222, 40.304166)
"7129","Clairton City CSO Sew Sys","Clairton City School District","Clairton City","PA",NA,NA,"Pennsylvania",1,c(-79.883055, 40.303611)
"7130","Clairton City CSO Sew Sys","Montour Trail","Clairton City","PA",NA,NA,NA,NA,c(-79.895833, 40.298888)
"7131","Clairton City CSO Sew Sys","Ravensburg Blvd","Clairton City","PA",NA,NA,NA,NA,c(-79.896388, 40.298055)
"7132","Fort Kent","West Marker Street","Fort Kent","ME",NA,NA,NA,NA,c(-68.613158, 47.235775)
"7133","North Anson","49 Pine Street","North Anson","ME",NA,NA,"Maine",1,c(-69.884034, 44.795372)
"7134","Cape Elizabeth","Spurwink Avenue (Between Starboard Drive and Dennison Drive)","Cape Elizabeth","ME",NA,NA,NA,NA,c(-70.243988, 43.588302)
"7135","Fairfield (KSTD)","401 Water Street","Fairfield","ME",NA,NA,"Maine",1,c(-69.6563083, 44.5272754)
"7136","SOUTHERN MAINE TECHNICAL COLLE","2 FORT ROAD","SOUTH PORTLAND","ME",NA,NA,NA,NA,c(-70.22767, 43.65)
"7137","Cliffside Park, Borough of","525 Palisade Avenue","Cliffside Park","NJ",NA,NA,"New Jersey",1,c(-73.9906772, 40.8214147)
"7138","Joint Meeting of Essex and Union Counties","Clifton Street","Elizabeth City","NJ",NA,NA,"New Jersey",1,c(-74.1972, 40.637974)
"7139","Edgewater MUA","Archer Street & River Road","Edgewater Borough","NJ",NA,NA,NA,NA,c(-73.983075, 40.815092)
"7140","FAIRBURY STP, CITY OF","1000 EAST HICKORY","FAIRBURY","IL",2.4,0.66,"Illinois",1,c(-88.50194, 40.74056)
"7141","FAIRBURY STP, CITY OF","1000 EAST HICKORY","FAIRBURY","IL",2.4,0.66,"Illinois",1,c(-88.50167, 40.73694)
"7142","FAIRBURY STP, CITY OF","1000 EAST HICKORY","FAIRBURY","IL",2.4,0.66,"Illinois",1,c(-88.50972, 40.73778)
"7143","RANKIN STP, VILLAGE OF","NORTH AVE & IROQUOIS ST","RANKIN","IL",0.304,0.08,NA,NA,c(-87.893333, 40.466667)
"7144","WENONA STP, CITY OF","NORTHEAST OF ELM ST AND STATE ROUTE 251","WENONA","IL",0.48,0.19,NA,NA,c(-89.05611, 41.05417)
"7145","BELLEVILLE STP #1, CITY OF","450 ENVIRONMENTAL DRIVE","BELLEVILLE","IL",16,8,NA,NA,c(-89.976667, 38.497778)
"7146","BELLEVILLE STP #1, CITY OF","450 ENVIRONMENTAL DRIVE","BELLEVILLE","IL",16,8,NA,NA,c(-89.978056, 38.498333)
"7147","BELLEVILLE STP #1, CITY OF","450 ENVIRONMENTAL DRIVE","BELLEVILLE","IL",16,8,NA,NA,c(-89.978056, 38.503889)
"7148","BELLEVILLE STP #1, CITY OF","450 ENVIRONMENTAL DRIVE","BELLEVILLE","IL",16,8,NA,NA,c(-89.973611, 38.505556)
"7149","BELLEVILLE STP #1, CITY OF","450 ENVIRONMENTAL DRIVE","BELLEVILLE","IL",16,8,"Illinois",1,c(-89.991389, 38.511389)
"7150","BELLEVILLE STP #1, CITY OF","450 ENVIRONMENTAL DRIVE","BELLEVILLE","IL",16,8,"Illinois",1,c(-89.989444, 38.51)
"7151","BELLEVILLE STP #1, CITY OF","450 ENVIRONMENTAL DRIVE","BELLEVILLE","IL",16,8,"Illinois",1,c(-89.993333, 38.513333)
"7152","BELLEVILLE STP #1, CITY OF","450 ENVIRONMENTAL DRIVE","BELLEVILLE","IL",16,8,NA,NA,c(-89.979444, 38.525278)
"7153","BELLEVILLE STP #1, CITY OF","450 ENVIRONMENTAL DRIVE","BELLEVILLE","IL",16,8,NA,NA,c(-89.962222, 38.504444)
"7154","BELLEVILLE STP #1, CITY OF","450 ENVIRONMENTAL DRIVE","BELLEVILLE","IL",16,8,"Illinois",1,c(-90.029444, 38.544722)
"7155","BELLEVILLE STP #1, CITY OF","450 ENVIRONMENTAL DRIVE","BELLEVILLE","IL",16,8,NA,NA,c(-89.976944, 38.498333)
"7156","WATSEKA STP, CITY OF","NORTH SECOND ST & SHERIDAN ST","WATSEKA","IL",4,1.6,"Illinois",1,c(-87.73578, 40.78368)
"7157","WATSEKA STP, CITY OF","NORTH SECOND ST & SHERIDAN ST","WATSEKA","IL",4,1.6,NA,NA,c(-87.73867, 40.76714)
"7158","WATSEKA STP, CITY OF","NORTH SECOND ST & SHERIDAN ST","WATSEKA","IL",4,1.6,"Illinois",1,c(-87.73809, 40.78332)
"7159","WATSEKA STP, CITY OF","NORTH SECOND ST & SHERIDAN ST","WATSEKA","IL",4,1.6,NA,NA,c(-87.74163, 40.77321)
"7160","GRANVILLE STP, VILLAGE OF","SOUTH MCCOY STREET","GRANVILLE","IL",0.504,0.289,NA,NA,c(-89.23895, 41.26443)
"7161","JOLIET EASTSIDE STP, CITY OF","815 ADLER STREET","JOLIET","IL",45.5,18.2,"Illinois",1,c(-88.08528, 41.53306)
"7162","OGLESBY STP, CITY OF","215 FIELD AVE","OGLESBY","IL",1.224,0.879,NA,NA,c(-89.055, 41.04917)
"7163","OGLESBY STP, CITY OF","215 FIELD AVE","OGLESBY","IL",1.224,0.879,NA,NA,c(-89.05556, 41.04778)
"7164","ALTON STP, CITY OF","19 CHESSEN LANE","ALTON","IL",26.25,10.5,NA,NA,c(-90.19833, 38.89556)
"7165","CANTON WEST STP, CITY OF","350 WEST HICKORY STREET","CANTON","IL",8.34,3.43,"Illinois",1,c(-90.01861, 40.56417)
"7166","EFFINGHAM STP","903 EAST EICHE AVENUE","EFFINGHAM","IL",9,3.75,"Illinois",1,c(-88.54825, 39.12289)
"7167","LASALLE WASTEWATER TREATMENT PLANT - SOUTH","400 RIVER STREET","LA SALLE","IL",5,3.33,"Illinois",1,c(-89.09833, 41.32972)
"7168","OTTAWA STP, CITY OF","100 PONTIAC LANE","OTTAWA","IL",8,4,NA,NA,c(-88.83919, 41.34551)
"7169","OTTAWA STP, CITY OF","100 PONTIAC LANE","OTTAWA","IL",8,4,"Illinois",1,c(-88.84209, 41.3442)
"7170","SPRING VALLEY WWTP","646 SOUTH SPAULDING STREET","SPRING VALLEY","IL",2.2,0.8,NA,NA,c(-89.20056, 41.31972)
"7171","COMBINED SEWER OVERFLOW ","STEPHEN STREET","LEMONT","IL",NA,NA,NA,NA,c(-88.00171, 41.67458)
"7172","ELGIN, CITY OF","CSOS ALONG THE FOX RIVER","ELGIN","IL",NA,NA,"Illinois",1,c(-88.28889, 42.04)
"7173","ELGIN, CITY OF","CSOS ALONG THE FOX RIVER","ELGIN","IL",NA,NA,"Illinois",1,c(-88.29056, 42.05139)
"7174","BLOOMINGTON CSOS","BLOOMINGTON IL","BLOOMINGTON","IL",NA,NA,NA,NA,c(-89.00353, 40.49461)
"7175","BLOOMINGTON CSOS","BLOOMINGTON IL","BLOOMINGTON","IL",NA,NA,NA,NA,c(-89.0074, 40.49397)
"7176","BLOOMINGTON CSOS","BLOOMINGTON IL","BLOOMINGTON","IL",NA,NA,"Illinois",1,c(-88.98889, 40.48039)
"7177","JOLIET EASTSIDE STP, CITY OF","815 ADLER STREET","JOLIET","IL",45.5,18.2,"Illinois",1,c(-88.09056, 41.51083)
"7178","JOLIET EASTSIDE STP, CITY OF","815 ADLER STREET","JOLIET","IL",45.5,18.2,"Illinois",1,c(-88.08556, 41.5275)
"7179","ALTON STP, CITY OF","19 CHESSEN LANE","ALTON","IL",26.25,10.5,NA,NA,c(-90.19528, 38.8925)
"7180","BLOOMINGTON NORMAL WRD -WEST STP","2015 WEST OAKLAND AVENUE","BLOOMINGTON","IL",45,22.5,NA,NA,c(-89.00667, 40.495)
"7181","BLOOMINGTON NORMAL WRD -WEST STP","2015 WEST OAKLAND AVENUE","BLOOMINGTON","IL",45,22.5,NA,NA,c(-89.00556, 40.49556)
"7182","BLOOMINGTON NORMAL WRD -WEST STP","2015 WEST OAKLAND AVENUE","BLOOMINGTON","IL",45,22.5,NA,NA,c(-89.00556, 40.495)
"7183","BLOOMINGTON NORMAL WRD -WEST STP","2015 WEST OAKLAND AVENUE","BLOOMINGTON","IL",45,22.5,NA,NA,c(-88.98667, 40.49444)
"7184","MWRDGC CALUMET WRP","400 EAST 130TH STREET","CHICAGO","IL",430,354,"Illinois",1,c(-87.61, 41.6625)
"7185","MWRDGC CALUMET WRP","400 EAST 130TH STREET","CHICAGO","IL",430,354,"Illinois",1,c(-87.61, 41.6625)
"7186","MWRDGC CALUMET WRP","400 EAST 130TH STREET","CHICAGO","IL",430,354,"Illinois",1,c(-87.61, 41.6625)
"7187","MWRDGC CALUMET WRP","400 EAST 130TH STREET","CHICAGO","IL",430,354,"Illinois",1,c(-87.61, 41.6625)
"7188","EFFINGHAM STP","903 EAST EICHE AVENUE","EFFINGHAM","IL",9,3.75,"Illinois",1,c(-88.55573, 39.12254)
"7189","MUSCATINE CITY OF STP","1202 MUSSER STREET","MUSCATINE","IA",16.9,10.3,"Iowa",1,c(-91.05278, 41.415001)
"7190","FORT MADISON CITY OF STP","1621 20TH STREET","FORT MADISON","IA",9.3,7.29,NA,NA,c(-91.306142, 40.628547)
"7191","FORT MADISON CITY OF STP","1621 20TH STREET","FORT MADISON","IA",9.3,7.29,NA,NA,c(-91.321467, 40.627242)
"7192","CLINTON CITY OF STP","1901 BEAVER CHANNEL PARKWAY","CLINTON","IA",17,12,"Iowa",1,c(-90.207779, 41.822777)
"7193","CLINTON CITY OF STP","1901 BEAVER CHANNEL PARKWAY","CLINTON","IA",17,12,"Iowa",1,c(-90.20472, 41.824444)
"7194","CLINTON CITY OF STP","1901 BEAVER CHANNEL PARKWAY","CLINTON","IA",17,12,"Iowa",1,c(-90.195274, 41.826111)
"7195","CLINTON CITY OF STP","1901 BEAVER CHANNEL PARKWAY","CLINTON","IA",17,12,"Iowa",1,c(-90.192223, 41.826389)
"7196","CLINTON CITY OF STP","1901 BEAVER CHANNEL PARKWAY","CLINTON","IA",17,12,NA,NA,c(-90.183052, 41.858055)
"7197","CLINTON CITY OF STP","1901 BEAVER CHANNEL PARKWAY","CLINTON","IA",17,12,NA,NA,c(-90.18222, 41.860554)
"7198","CLINTON CITY OF STP","1901 BEAVER CHANNEL PARKWAY","CLINTON","IA",17,12,NA,NA,c(-90.178612, 41.864166)
"7199","CLINTON CITY OF STP","1901 BEAVER CHANNEL PARKWAY","CLINTON","IA",17,12,NA,NA,c(-90.174446, 41.871113)
"7200","KEOKUK CITY OF STP","1000 MISSISSIPPI DRIVE","KEOKUK","IA",7.5,5,"Iowa",1,c(-91.393608, 40.389721)
"7201","KEOKUK CITY OF STP","1000 MISSISSIPPI DRIVE","KEOKUK","IA",7.5,5,"Iowa",1,c(-91.393333, 40.389446)
"7202","KEOKUK CITY OF STP","1000 MISSISSIPPI DRIVE","KEOKUK","IA",7.5,5,"Iowa",1,c(-91.381386, 40.389168)
"7203","KEOKUK CITY OF STP","1000 MISSISSIPPI DRIVE","KEOKUK","IA",7.5,5,"Iowa",1,c(-91.396385, 40.393612)
"7204","KEOKUK CITY OF STP","1000 MISSISSIPPI DRIVE","KEOKUK","IA",7.5,5,"Iowa",1,c(-91.376114, 40.392223)
"7205","KEOKUK CITY OF STP","1000 MISSISSIPPI DRIVE","KEOKUK","IA",7.5,5,"Iowa",1,c(-91.378891, 40.389999)
"7206","KEOKUK CITY OF STP","1000 MISSISSIPPI DRIVE","KEOKUK","IA",7.5,5,"Iowa",1,c(-91.376663, 40.391666)
"7207","KEOKUK CITY OF STP","1000 MISSISSIPPI DRIVE","KEOKUK","IA",7.5,5,"Iowa",1,c(-91.379448, 40.389721)
"7208","BURLINGTON CITY OF STP","101 SOUTH STREET","BURLINGTON","IA",28.3,10.85,NA,NA,c(-91.098482, 40.781299)
"7209","BURLINGTON CITY OF STP","101 SOUTH STREET","BURLINGTON","IA",28.3,10.85,NA,NA,c(-91.095139, 40.789105)
"7210","BURLINGTON CITY OF STP","101 SOUTH STREET","BURLINGTON","IA",28.3,10.85,"Iowa",1,c(-91.098335, 40.801388)
"7211","Chesterfield, City of","Main St & Mill Cr","Chesterfield","IN",NA,NA,NA,NA,c(-85.595222, 40.11358)
"7212","Chesterfield, City of","Plum St & Mill Cr","Chesterfield","IN",NA,NA,NA,NA,c(-85.614639, 40.117833)
"7213","VANCEBURG STP","KY 8","VANCEBURG","KY",0.41,0.274,"Kentucky",1,c(-83.281944, 38.601387)
"7214","FRANKFORT MUNICIPAL STP","1200 KENTUCKY AVE","FRANKFORT","KY",9.9,7.06,NA,NA,c(-84.8852778, 38.2061111)
"7215","PIKEVILLE WWTP","222 POUND PUPPY DR","PIKEVILLE","KY",4,1.3,"Kentucky",1,c(-82.539169, 37.490276)
"7216","PIKEVILLE WWTP","222 POUND PUPPY DR","PIKEVILLE","KY",4,1.3,"Kentucky",1,c(-82.534722, 37.491667)
"7217","PIKEVILLE WWTP","222 POUND PUPPY DR","PIKEVILLE","KY",4,1.3,"Kentucky",1,c(-82.538055, 37.48)
"7218","PRESTONSBURG STP","1741 N LAKE DR","PRESTONSBURG","KY",0.75,0.669,"Kentucky",1,c(-82.769167, 37.663944)
"7219","FALL RIVER W W T P","1979 BAY STREET","FALL RIVER","MA",30.9,NA,"Massachusetts",1,c(-71.14861, 41.69659)
"7220","SOUTH HADLEY W W T P","2 JAMES STREET","CHICOPEE","MA",4.2,NA,NA,NA,c(-72.588333, 42.205)
"7221","SOUTH HADLEY W W T P","2 JAMES STREET","CHICOPEE","MA",4.2,NA,NA,NA,c(-72.588333, 42.205)
"7222","EAST FITCHBURG WWTF","24 LANIDES LANE","FITCHBURG","MA",12.3,NA,"Massachusetts",1,c(-71.7969976, 42.5818445)
"7223","EAST FITCHBURG WWTF","24 LANIDES LANE","FITCHBURG","MA",12.3,NA,"Massachusetts",1,c(-71.8198684, 42.5789934)
"7224","EAST FITCHBURG WWTF","24 LANIDES LANE","FITCHBURG","MA",12.3,NA,NA,NA,c(-71.7893134, 42.5735307)
"7225","EAST FITCHBURG WWTF","24 LANIDES LANE","FITCHBURG","MA",12.3,NA,NA,NA,c(-71.7787251, 42.5679448)
"7226","EAST FITCHBURG WWTF","24 LANIDES LANE","FITCHBURG","MA",12.3,NA,NA,NA,c(-71.7831337, 42.5839064)
"7227","EAST FITCHBURG WWTF","24 LANIDES LANE","FITCHBURG","MA",12.3,NA,NA,NA,c(-71.8066748, 42.5841894)
"7228","EAST FITCHBURG WWTF","24 LANIDES LANE","FITCHBURG","MA",12.3,NA,NA,NA,c(-71.7878039, 42.579603)
"7229","EAST FITCHBURG WWTF","24 LANIDES LANE","FITCHBURG","MA",12.3,NA,NA,NA,c(-71.8003419, 42.5809915)
"7230","EAST FITCHBURG WWTF","24 LANIDES LANE","FITCHBURG","MA",12.3,NA,"Massachusetts",1,c(-71.8185691, 42.5805418)
"7231","EAST FITCHBURG WWTF","24 LANIDES LANE","FITCHBURG","MA",12.3,NA,NA,NA,c(-71.7912111, 42.578989)
"7232","EAST FITCHBURG WWTF","24 LANIDES LANE","FITCHBURG","MA",12.3,NA,NA,NA,c(-71.7881785, 42.5753311)
"7233","EAST FITCHBURG WWTF","24 LANIDES LANE","FITCHBURG","MA",12.3,NA,"Massachusetts",1,c(-71.8174886, 42.5830949)
"7234","EAST FITCHBURG WWTF","24 LANIDES LANE","FITCHBURG","MA",12.3,NA,"Massachusetts",1,c(-71.7971606, 42.5817804)
"7235","EAST FITCHBURG WWTF","24 LANIDES LANE","FITCHBURG","MA",12.3,NA,NA,NA,c(-71.7828228, 42.5659431)
"7236","EAST FITCHBURG WWTF","24 LANIDES LANE","FITCHBURG","MA",12.3,NA,NA,NA,c(-71.7816958, 42.5893713)
"7237","EAST FITCHBURG WWTF","24 LANIDES LANE","FITCHBURG","MA",12.3,NA,NA,NA,c(-71.7911361, 42.5655526)
"7238","EAST FITCHBURG WWTF","24 LANIDES LANE","FITCHBURG","MA",12.3,NA,NA,NA,c(-71.7993959, 42.5715112)
"7239","PALMER W P C F","1 NORBELL STREET","PALMER, TOWN OF","MA",5.6,NA,"Massachusetts",1,c(-72.362778, 42.184722)
"7240","Agawam","Leonard Street","Agawam","MA",NA,NA,NA,NA,c(-72.6368299, 42.0561548)
"7241","LUDLOW W W T P","MOTYKA STREET TO STATE STREET","LUDLOW","MA",NA,NA,NA,NA,c(-72.4669765, 42.1705489)
"7242","LUDLOW W W T P","MOTYKA STREET TO STATE STREET","LUDLOW","MA",NA,NA,NA,NA,c(-72.4669765, 42.1705489)
"7243","West Springfield","Bridge Street","West Springfield","MA",NA,NA,"Massachusetts",1,c(-72.626121, 42.1057362)
"7244","CHICOPEE W P C","80 MEDINA STREET","CHICOPEE","MA",15.5,NA,"Massachusetts",1,c(-72.6148989, 42.1857219)
"7245","CHICOPEE W P C","80 MEDINA STREET","CHICOPEE","MA",15.5,NA,"Massachusetts",1,c(-72.5897006, 42.1488676)
"7246","POTSDAM (V) WPCP","OUTER CHERRY STREET","POTSDAM","NY",3.5,NA,NA,NA,c(-74.994444, 44.680556)
"7247","NYCDEP - OAKWOOD BEACH WPCP","751 MILL ROAD","STATEN ISLAND, BOROUGH OF","NY",39.9,NA,NA,NA,c(-74.114687, 40.549286)
"7248","POUGHKEEPSIE (C) WPCP","173 KITTREDGE PLACE","POUGHKEEPSIE","NY",10,NA,"New York",1,c(-73.923611, 41.709444)
"7249","METROPOLITAN SYRACUSE WWTP","650 HIAWATHA BLVD- WEST","SYRACUSE","NY",84.2,NA,"New York",1,c(-76.158056, 43.053056)
"7250","METROPOLITAN SYRACUSE WWTP","650 HIAWATHA BLVD- WEST","SYRACUSE","NY",84.2,NA,"New York",1,c(-76.158056, 43.053056)
"7251","METROPOLITAN SYRACUSE WWTP","650 HIAWATHA BLVD- WEST","SYRACUSE","NY",84.2,NA,"New York",1,c(-76.155278, 43.023889)
"7252","METROPOLITAN SYRACUSE WWTP","650 HIAWATHA BLVD- WEST","SYRACUSE","NY",84.2,NA,"New York",1,c(-76.158889, 43.026944)
"7253","METROPOLITAN SYRACUSE WWTP","650 HIAWATHA BLVD- WEST","SYRACUSE","NY",84.2,NA,"New York",1,c(-76.158333, 43.051111)
"7254","METROPOLITAN SYRACUSE WWTP","650 HIAWATHA BLVD- WEST","SYRACUSE","NY",84.2,NA,"New York",1,c(-76.158889, 43.051944)
"7255","METROPOLITAN SYRACUSE WWTP","650 HIAWATHA BLVD- WEST","SYRACUSE","NY",84.2,NA,"New York",1,c(-76.155556, 43.02)
"7256","METROPOLITAN SYRACUSE WWTP","650 HIAWATHA BLVD- WEST","SYRACUSE","NY",84.2,NA,"New York",1,c(-76.178611, 43.037778)
"7257","METROPOLITAN SYRACUSE WWTP","650 HIAWATHA BLVD- WEST","SYRACUSE","NY",84.2,NA,"New York",1,c(-76.176667, 43.052222)
"7258","METROPOLITAN SYRACUSE WWTP","650 HIAWATHA BLVD- WEST","SYRACUSE","NY",84.2,NA,"New York",1,c(-76.155278, 43.034167)
"7259","METROPOLITAN SYRACUSE WWTP","650 HIAWATHA BLVD- WEST","SYRACUSE","NY",84.2,NA,"New York",1,c(-76.155278, 43.036389)
"7260","METROPOLITAN SYRACUSE WWTP","650 HIAWATHA BLVD- WEST","SYRACUSE","NY",84.2,NA,"New York",1,c(-76.159167, 43.0275)
"7261","METROPOLITAN SYRACUSE WWTP","650 HIAWATHA BLVD- WEST","SYRACUSE","NY",84.2,NA,"New York",1,c(-76.174722, 43.049167)
"7262","COHOES (C)","CITY HALL, 97 MOHAWK ST","COHOES","NY",0,NA,NA,NA,c(-73.70833, 42.77444)
"7263","COHOES (C)","CITY HALL, 97 MOHAWK ST","COHOES","NY",0,NA,"New York",1,c(-73.69583, 42.77444)
"7264","BLUFFTON WWTP","450 N SPRING ST","BLUFFTON","OH",1.9,NA,NA,NA,c(-83.89306, 40.89667)
"7265","BLUFFTON WWTP","450 N SPRING ST","BLUFFTON","OH",1.9,NA,NA,NA,c(-83.89111, 40.89889)
"7266","MARYSVILLE STP","200 OVERCREST RD","MARYSVILLE","PA",0.975,NA,NA,NA,c(-76.93667, 40.34583)
"7267","MARYSVILLE STP","200 OVERCREST RD","MARYSVILLE","PA",0.975,NA,NA,NA,c(-76.93583, 40.34333)
"7268","MARYSVILLE STP","200 OVERCREST RD","MARYSVILLE","PA",0.975,NA,NA,NA,c(-76.93528, 40.34222)
"7269","W ELIZABETH STP","125 LOWER FIRST ST","WEST ELIZABETH","PA",1.06,NA,NA,NA,c(-79.895, 40.27056)
"7270","BERWICK MUN AUTH","383 S EATON ST","BERWICK","PA",2.2,NA,"Pennsylvania",1,c(-76.24417, 41.04944)
"7271","BERWICK MUN AUTH","383 S EATON ST","BERWICK","PA",2.2,NA,"Pennsylvania",1,c(-76.24556, 41.04722)
"7272","MT CARMEL MUNI SEW COLL SYS & STP","657 BRENNANS FARM RD","KULPMONT","PA",2.25,NA,"Pennsylvania",1,c(-76.40361, 40.79806)
"7273","CHEMUNG CO REGIONAL WWTP","600 MILTON STREET","ELMIRA","NY",12,NA,"New York",1,c(-76.78472, 42.0875)
"7274","MANSFIELD MUNI SEW AUTH","3 COREY ST","MANSFIELD","PA",1.3,NA,NA,NA,c(-77.085, 41.80972)
"7275","EBENSBURG WWTP","291 TROUT LN","EBENSBURG","PA",2,NA,NA,NA,c(-78.72278, 40.47611)
"7276","EBENSBURG WWTP","291 TROUT LN","EBENSBURG","PA",2,NA,NA,NA,c(-78.72056, 40.47833)
"7277","LEETSDALE MUN AUTH STP","5 6TH ST","LEETSDALE","PA",0.574,NA,NA,NA,c(-80.21917, 40.57056)
"7278","LEETSDALE MUN AUTH STP","5 6TH ST","LEETSDALE","PA",0.574,NA,NA,NA,c(-80.21917, 40.57056)
"7279","LEETSDALE MUN AUTH STP","5 6TH ST","LEETSDALE","PA",0.574,NA,NA,NA,c(-80.21917, 40.57056)
"7280","WYOMING VALLEY SANITARY AUTHORITY WWTP","1000 WILKES-BARRE STREET","WILKES BARRE","PA",50,NA,NA,NA,c(-75.87556, 41.26194)
"7281","MON VLY SEW AUTH STP","20 S WASHINGTON ST","DONORA","PA",3.66,NA,"Pennsylvania",1,c(-79.88, 40.16278)
"7282","MON VLY SEW AUTH STP","20 S WASHINGTON ST","DONORA","PA",3.66,NA,"Pennsylvania",1,c(-79.87917, 40.1625)
"7283","MON VLY SEW AUTH STP","20 S WASHINGTON ST","DONORA","PA",3.66,NA,"Pennsylvania",1,c(-79.85472, 40.16861)
"7284","MON VLY SEW AUTH STP","20 S WASHINGTON ST","DONORA","PA",3.66,NA,"Pennsylvania",1,c(-79.85167, 40.17889)
"7285","MON VLY SEW AUTH STP","20 S WASHINGTON ST","DONORA","PA",3.66,NA,"Pennsylvania",1,c(-79.85417, 40.18694)
"7286","MON VLY SEW AUTH STP","20 S WASHINGTON ST","DONORA","PA",3.66,NA,"Pennsylvania",1,c(-79.85472, 40.18944)
"7287","MON VLY SEW AUTH STP","20 S WASHINGTON ST","DONORA","PA",3.66,NA,NA,NA,c(-79.86028, 40.19361)
"7288","MON VLY SEW AUTH STP","20 S WASHINGTON ST","DONORA","PA",3.66,NA,NA,NA,c(-79.86028, 40.19361)
"7289","CLEARFIELD MUN SEW SYS STP","LEONARD ST EXTENSION","CLEARFIELD","PA",4.5,NA,"Pennsylvania",1,c(-78.43611, 41.03083)
"7290","CLEARFIELD MUN SEW SYS STP","LEONARD ST EXTENSION","CLEARFIELD","PA",4.5,NA,NA,NA,c(-78.4, 41.02333)
"7291","GR HAZLETON JT SEW AUTH WWTP","500 OSCAR THOMAS DRIVE","HAZLETON","PA",8.9,NA,"Pennsylvania",1,c(-75.96556, 40.95361)
"7292","DUQUESNE STP","N DUQUESNE BLVD","DUQUESNE","PA",2,NA,"Pennsylvania",1,c(-79.85611, 40.37556)
"7293","TAMAQUA BORO","32 SEWAGE PLANT RD","TAMAQUA","PA",2.6,NA,"Pennsylvania",1,c(-75.97694, 40.79944)
"7294","LRBSA - ARCHBALD WWTP","104 DELAWARE STREET","JERMYN","PA",6,NA,"Pennsylvania",1,c(-75.50944, 41.56833)
"7295","UPPER ALLEGHENY JT SANI AUTH STP","OLD RTE 28","CREIGHTON","PA",9,NA,NA,NA,c(-79.75833, 40.59528)
"7296","UPPER ALLEGHENY JT SANI AUTH STP","OLD RTE 28","CREIGHTON","PA",9,NA,"Pennsylvania",1,c(-79.73389, 40.60472)
"7297","UPPER ALLEGHENY JT SANI AUTH STP","OLD RTE 28","CREIGHTON","PA",9,NA,"Pennsylvania",1,c(-79.71944, 40.61472)
"7298","KISKI VLY WPCA STP","1361 SCHOOL RD","LEECHBURG","PA",7,NA,"Pennsylvania",1,c(-79.60833, 40.63028)
"7299","KISKI VLY WPCA STP","1361 SCHOOL RD","LEECHBURG","PA",7,NA,"Pennsylvania",1,c(-79.60833, 40.62889)
"7300","KISKI VLY WPCA STP","1361 SCHOOL RD","LEECHBURG","PA",7,NA,"Pennsylvania",1,c(-79.60833, 40.62778)
"7301","KISKI VLY WPCA STP","1361 SCHOOL RD","LEECHBURG","PA",7,NA,"Pennsylvania",1,c(-79.60639, 40.62611)
"7302","KISKI VLY WPCA STP","1361 SCHOOL RD","LEECHBURG","PA",7,NA,"Pennsylvania",1,c(-79.60417, 40.62528)
"7303","KISKI VLY WPCA STP","1361 SCHOOL RD","LEECHBURG","PA",7,NA,"Pennsylvania",1,c(-79.60139, 40.62583)
"7304","KISKI VLY WPCA STP","1361 SCHOOL RD","LEECHBURG","PA",7,NA,"Pennsylvania",1,c(-79.59889, 40.62639)
"7305","KISKI VLY WPCA STP","1361 SCHOOL RD","LEECHBURG","PA",7,NA,"Pennsylvania",1,c(-79.59583, 40.63028)
"7306","KISKI VLY WPCA STP","1361 SCHOOL RD","LEECHBURG","PA",7,NA,"Pennsylvania",1,c(-79.57694, 40.59778)
"7307","KISKI VLY WPCA STP","1361 SCHOOL RD","LEECHBURG","PA",7,NA,"Pennsylvania",1,c(-79.57139, 40.60444)
"7308","KISKI VLY WPCA STP","1361 SCHOOL RD","LEECHBURG","PA",7,NA,"Pennsylvania",1,c(-79.56639, 40.60417)
"7309","KISKI VLY WPCA STP","1361 SCHOOL RD","LEECHBURG","PA",7,NA,"Pennsylvania",1,c(-79.55944, 40.59833)
"7310","KISKI VLY WPCA STP","1361 SCHOOL RD","LEECHBURG","PA",7,NA,"Pennsylvania",1,c(-79.56778, 40.59389)
"7311","KISKI VLY WPCA STP","1361 SCHOOL RD","LEECHBURG","PA",7,NA,NA,NA,c(-79.56556, 40.58944)
"7312","KISKI VLY WPCA STP","1361 SCHOOL RD","LEECHBURG","PA",7,NA,NA,NA,c(-79.59972, 40.5875)
"7313","WORTHINGTON WWTP","1504 PROSPECT AVE","WORTHINGTON","KY",0.2,0.077,NA,NA,c(-82.724476, 38.552627)
"7314","KISKI VLY WPCA STP","1361 SCHOOL RD","LEECHBURG","PA",7,NA,NA,NA,c(-79.56917, 40.585)
"7315","KISKI VLY WPCA STP","1361 SCHOOL RD","LEECHBURG","PA",7,NA,NA,NA,c(-79.56972, 40.58361)
"7316","KISKI VLY WPCA STP","1361 SCHOOL RD","LEECHBURG","PA",7,NA,NA,NA,c(-79.56861, 40.58194)
"7317","KISKI VLY WPCA STP","1361 SCHOOL RD","LEECHBURG","PA",7,NA,NA,NA,c(-79.568889, 40.581944)
"7318","ELIZABETH BORO STP","1 LOCUST ST","ELIZABETH","PA",1.2,NA,"Pennsylvania",1,c(-79.88639, 40.275)
"7319","PORT VUE BORO SEW SYS","1191 ROMINE AVE","PORT VUE, BOROUGH OF","PA",0,NA,NA,NA,c(-79.870277, 40.342777)
"7320","PORT VUE BORO SEW SYS","1191 ROMINE AVE","PORT VUE, BOROUGH OF","PA",0,NA,NA,NA,c(-79.870277, 40.342777)
"7321","PORT VUE BORO SEW SYS","1191 ROMINE AVE","PORT VUE, BOROUGH OF","PA",0,NA,NA,NA,c(-79.870277, 40.342777)
"7322","PORT VUE BORO SEW SYS","1191 ROMINE AVE","PORT VUE, BOROUGH OF","PA",0,NA,NA,NA,c(-79.870277, 40.342777)
"7323","PORT VUE BORO SEW SYS","1191 ROMINE AVE","PORT VUE, BOROUGH OF","PA",0,NA,NA,NA,c(-79.870277, 40.342777)
"7324","PORT VUE BORO SEW SYS","1191 ROMINE AVE","PORT VUE, BOROUGH OF","PA",0,NA,NA,NA,c(-79.870277, 40.342777)
"7325","MCDONALD SEW SYS","151 SCHOOL ST, MCDONALD","MC DONALD","PA",0,NA,NA,NA,c(-80.227501, 40.370556)
"7326","MCDONALD SEW SYS","151 SCHOOL ST, MCDONALD","MC DONALD","PA",0,NA,NA,NA,c(-80.23278, 40.366665)
"7327","MCDONALD SEW SYS","151 SCHOOL ST, MCDONALD","MC DONALD","PA",0,NA,NA,NA,c(-80.234444, 40.365276)
"7328","MCDONALD SEW SYS","151 SCHOOL ST, MCDONALD","MC DONALD","PA",0,NA,NA,NA,c(-80.235832, 40.364723)
"7329","MCDONALD SEW SYS","151 SCHOOL ST, MCDONALD","MC DONALD","PA",0,NA,NA,NA,c(-80.23333, 40.367779)
"7330","MCDONALD SEW SYS","151 SCHOOL ST, MCDONALD","MC DONALD","PA",0,NA,NA,NA,c(-80.233612, 40.367779)
"7331","MCDONALD SEW SYS","151 SCHOOL ST, MCDONALD","MC DONALD","PA",0,NA,NA,NA,c(-80.233612, 40.368332)
"7332","MCDONALD SEW SYS","151 SCHOOL ST, MCDONALD","MC DONALD","PA",0,NA,NA,NA,c(-80.234169, 40.369167)
"7333","MCDONALD SEW SYS","151 SCHOOL ST, MCDONALD","MC DONALD","PA",0,NA,NA,NA,c(-80.235001, 40.369167)
"7334","MCDONALD SEW SYS","151 SCHOOL ST, MCDONALD","MC DONALD","PA",0,NA,NA,NA,c(-80.236115, 40.36972)
"7335","MCDONALD SEW SYS","151 SCHOOL ST, MCDONALD","MC DONALD","PA",0,NA,NA,NA,c(-80.235001, 40.369999)
"7336","MCDONALD SEW SYS","151 SCHOOL ST, MCDONALD","MC DONALD","PA",0,NA,NA,NA,c(-80.235275, 40.36972)
"7337","MCDONALD SEW SYS","151 SCHOOL ST, MCDONALD","MC DONALD","PA",0,NA,NA,NA,c(-80.228889, 40.36861)
"7338","MCDONALD SEW SYS","151 SCHOOL ST, MCDONALD","MC DONALD","PA",0,NA,NA,NA,c(-80.229721, 40.368332)
"7339","MCDONALD SEW SYS","151 SCHOOL ST, MCDONALD","MC DONALD","PA",0,NA,NA,NA,c(-80.230553, 40.368057)
"7340","MCDONALD SEW SYS","151 SCHOOL ST, MCDONALD","MC DONALD","PA",0,NA,NA,NA,c(-80.231667, 40.3675)
"7341","MCDONALD SEW SYS","151 SCHOOL ST, MCDONALD","MC DONALD","PA",0,NA,NA,NA,c(-80.234169, 40.365002)
"7342","MCDONALD SEW SYS","151 SCHOOL ST, MCDONALD","MC DONALD","PA",0,NA,NA,NA,c(-80.234444, 40.365002)
"7343","MCDONALD SEW SYS","151 SCHOOL ST, MCDONALD","MC DONALD","PA",0,NA,NA,NA,c(-80.235275, 40.365002)
"7344","MCDONALD SEW SYS","151 SCHOOL ST, MCDONALD","MC DONALD","PA",0,NA,NA,NA,c(-80.235558, 40.365002)
"7345","MUNHALL BORO CSO SEW SYS","RAVINE ST","MUNHALL","PA",0,NA,"Pennsylvania",1,c(-79.896666, 40.405277)
"7346","MUNHALL BORO CSO SEW SYS","RAVINE ST","MUNHALL","PA",0,NA,"Pennsylvania",1,c(-79.897777, 40.403333)
"7347","CITY OF HINTON","WV RT. 20 @ BARKSDALE NEAR SUMMERS CO HIGH SCHOOL","HINTON","WV",0.625,0,"West Virginia",1,c(-80.686111, 37.686111)
"7348","CITY OF HINTON","WV RT. 20 @ BARKSDALE NEAR SUMMERS CO HIGH SCHOOL","HINTON","WV",0.625,0,"West Virginia",1,c(-80.885556, 37.6525)
"7349","CITY OF HINTON","WV RT. 20 @ BARKSDALE NEAR SUMMERS CO HIGH SCHOOL","HINTON","WV",0.625,0,"West Virginia",1,c(-80.890278, 37.676944)
"7350","LANSING WWTP","1625 SUNSET AVE","LANSING","MI",NA,NA,NA,NA,c(-84.50833, 42.73472)
"7351","LANSING WWTP","1625 SUNSET AVE","LANSING","MI",NA,NA,"Michigan",1,c(-84.56306, 42.76611)
"7352","LANSING WWTP","1625 SUNSET AVE","LANSING","MI",NA,NA,"Michigan",1,c(-84.54722, 42.75667)
"7353","LANSING WWTP","1625 SUNSET AVE","LANSING","MI",NA,NA,"Michigan",1,c(-84.54722, 42.74778)
"7354","LANSING WWTP","1625 SUNSET AVE","LANSING","MI",NA,NA,"Michigan",1,c(-84.54778, 42.74389)
"7355","LANSING WWTP","1625 SUNSET AVE","LANSING","MI",NA,NA,"Michigan",1,c(-84.54333, 42.73722)
"7356","KC BLUE RIVER WWTP","7300 HAWTHORNE RD","KANSAS CITY","MO",NA,NA,"Missouri",1,c(-94.5691995, 39.0435235)
"7357","KC BLUE RIVER WWTP","7300 HAWTHORNE RD","KANSAS CITY","MO",NA,NA,"Missouri",1,c(-94.4938846, 39.0933322)
"7358","KC BLUE RIVER WWTP","7300 HAWTHORNE RD","KANSAS CITY","MO",NA,NA,"Missouri",1,c(-94.5141687, 39.057776)
"7359","KC BLUE RIVER WWTP","7300 HAWTHORNE RD","KANSAS CITY","MO",NA,NA,"Missouri",1,c(-94.5410201, 39.0531983)
"7360","KC BLUE RIVER WWTP","7300 HAWTHORNE RD","KANSAS CITY","MO",NA,NA,"Missouri",1,c(-94.5338849, 39.0508325)
"7361","KC BLUE RIVER WWTP","7300 HAWTHORNE RD","KANSAS CITY","MO",NA,NA,"Missouri",1,c(-94.5302609, 39.0981315)
"7362","KC BLUE RIVER WWTP","7300 HAWTHORNE RD","KANSAS CITY","MO",NA,NA,NA,NA,c(-94.5900011, 38.9761127)
"7363","KC BLUE RIVER WWTP","7300 HAWTHORNE RD","KANSAS CITY","MO",NA,NA,NA,NA,c(-94.526387, 39.0052739)
"7364","KC BLUE RIVER WWTP","7300 HAWTHORNE RD","KANSAS CITY","MO",NA,NA,NA,NA,c(-94.585556, 39.1125031)
"7365","KC BLUE RIVER WWTP","7300 HAWTHORNE RD","KANSAS CITY","MO",NA,NA,"Missouri",1,c(-94.5302776, 39.1416701)
"7366","KC BLUE RIVER WWTP","7300 HAWTHORNE RD","KANSAS CITY","MO",NA,NA,"Missouri",1,c(-94.5680612, 39.1200022)
"7367","KC BLUE RIVER WWTP","7300 HAWTHORNE RD","KANSAS CITY","MO",NA,NA,"Missouri",1,c(-94.5479436, 39.0299673)
"7368","KC BLUE RIVER WWTP","7300 HAWTHORNE RD","KANSAS CITY","MO",NA,NA,"Missouri",1,c(-94.5524382, 39.0210231)
"7369","KC BLUE RIVER WWTP","7300 HAWTHORNE RD","KANSAS CITY","MO",NA,NA,"Missouri",1,c(-94.5558531, 39.0176707)
"7370","KC BLUE RIVER WWTP","7300 HAWTHORNE RD","KANSAS CITY","MO",NA,NA,"Missouri",1,c(-94.5569912, 39.0168986)
"7371","LANSING WWTP","1625 SUNSET AVE","LANSING","MI",NA,NA,"Michigan",1,c(-84.55278, 42.73194)
"7372","LANSING WWTP","1625 SUNSET AVE","LANSING","MI",NA,NA,"Michigan",1,c(-84.57639, 42.73056)
"7373","LANSING WWTP","1625 SUNSET AVE","LANSING","MI",NA,NA,NA,NA,c(-84.50583, 42.7375)
"7374","LANSING WWTP","1625 SUNSET AVE","LANSING","MI",NA,NA,"Michigan",1,c(-84.54806, 42.75139)
"7375","COMBINED SEWER OVERFLOWS","10 N ENTERPRISE DR","ALBANY, CITY OF","NY",0,NA,"New York",1,c(-73.75389, 42.64528)
"7376","CLYDE WWTP","749 W MCPHERSON HWY","CLYDE","OH",1.9,NA,NA,NA,c(-82.983056, 41.313056)
"7377","CLYDE WWTP","749 W MCPHERSON HWY","CLYDE","OH",1.9,NA,NA,NA,c(-82.98472, 41.30297)
"7378","STEUBENVILLE WWTP","100 N WATER ST","STEUBENVILLE","OH",6,NA,"Ohio",1,c(-80.61722, 40.35278)
"7379","STEUBENVILLE WWTP","100 N WATER ST","STEUBENVILLE","OH",6,NA,"Ohio",1,c(-80.62, 40.35139)
"7380","YOUNGSTOWN WWTP","725 POLAND AVE","YOUNGSTOWN","OH",35,NA,"Ohio",1,c(-80.615, 41.09417)
"7381","YOUNGSTOWN WWTP","725 POLAND AVE","YOUNGSTOWN","OH",35,NA,"Ohio",1,c(-80.61917, 41.08444)
"7382","YOUNGSTOWN WWTP","725 POLAND AVE","YOUNGSTOWN","OH",35,NA,"Ohio",1,c(-80.64278, 41.09194)
"7383","YOUNGSTOWN WWTP","725 POLAND AVE","YOUNGSTOWN","OH",35,NA,"Ohio",1,c(-80.63333, 41.10528)
"7384","YOUNGSTOWN WWTP","725 POLAND AVE","YOUNGSTOWN","OH",35,NA,"Ohio",1,c(-80.68861, 41.11278)
"7385","YOUNGSTOWN WWTP","725 POLAND AVE","YOUNGSTOWN","OH",35,NA,"Ohio",1,c(-80.58806, 41.12889)
"7386","YOUNGSTOWN WWTP","725 POLAND AVE","YOUNGSTOWN","OH",35,NA,"Ohio",1,c(-80.67861, 41.07944)
"7387","DUNKIRK WWTP","201 MAIN ST","DUNKIRK","OH",0.137,NA,NA,NA,c(-83.64583, 40.79444)
"7388","DUNKIRK WWTP","201 MAIN ST","DUNKIRK","OH",0.137,NA,NA,NA,c(-83.64222, 40.79444)
"7389","DUNKIRK WWTP","201 MAIN ST","DUNKIRK","OH",0.137,NA,NA,NA,c(-83.635, 40.78944)
"7390","DUNKIRK WWTP","201 MAIN ST","DUNKIRK","OH",0.137,NA,NA,NA,c(-83.64139, 40.78639)
"7391","DUNKIRK WWTP","201 MAIN ST","DUNKIRK","OH",0.137,NA,NA,NA,c(-83.63806, 40.78222)
"7392","DUNKIRK WWTP","201 MAIN ST","DUNKIRK","OH",0.137,NA,NA,NA,c(-83.64833, 40.78194)
"7393","WILMERDING BORO SEW SYS","STATION & COMMERCE STREETS","WILMERDING","PA",0,NA,NA,NA,c(-79.811111, 41.229443)
"7394","BURLINGTON MAIN","53 LAVALLEY LANE","BURLINGTON","VT",NA,NA,NA,NA,c(-73.2417774, 44.5170141)
"7395","BURLINGTON MAIN","53 LAVALLEY LANE","BURLINGTON","VT",NA,NA,NA,NA,c(-73.186686, 44.4883819)
"7396","BURLINGTON MAIN","53 LAVALLEY LANE","BURLINGTON","VT",NA,NA,"Vermont",1,c(-73.214987, 44.4658499)
"7397","MONTPELIER","949 DOG RIVER RD","MONTPELIER","VT",NA,NA,NA,NA,c(-72.58461, 44.26125)
"7398","ST JOHNSBURY","799 BAY ST","ST JOHNSBURY","VT",NA,NA,"Vermont",1,c(-72.01405, 44.42444)
"7399","ST JOHNSBURY","799 BAY ST","ST JOHNSBURY","VT",NA,NA,"Vermont",1,c(-72.00934, 44.424)
"7400","HARTFORD - WRJ","319 LATHAM WORKS LANE","WHITE RIVER JCT","VT",NA,NA,NA,NA,c(-72.315174, 43.650748)
"7401","TOWN OF BARRACKVILLE","26 PIKE STREET","BARRACKVILLE","WV",0.1578,NA,"West Virginia",1,c(-80.13741, 39.49462)
"7402","TOWN OF BARRACKVILLE","26 PIKE STREET","BARRACKVILLE","WV",0.1578,NA,"West Virginia",1,c(-80.13443, 39.49586)
"7403","TOWN OF BARRACKVILLE","26 PIKE STREET","BARRACKVILLE","WV",0.1578,NA,NA,NA,c(-80.13431, 39.49735)
"7404","TOWN OF BARRACKVILLE","26 PIKE STREET","BARRACKVILLE","WV",0.1578,NA,"West Virginia",1,c(-80.13233, 39.49685)
"7405","TOWN OF BARRACKVILLE","26 PIKE STREET","BARRACKVILLE","WV",0.1578,NA,"West Virginia",1,c(-80.14075, 39.49574)
"7406","TOWN OF BARRACKVILLE","26 PIKE STREET","BARRACKVILLE","WV",0.1578,NA,"West Virginia",1,c(-80.15323, 39.48713)
"7407","TOWN OF BARRACKVILLE","26 PIKE STREET","BARRACKVILLE","WV",0.1578,NA,"West Virginia",1,c(-80.14289, 39.49791)
"7408","GIRARD WWTP","945 S STATE ST","GIRARD","OH",5,NA,"Ohio",1,c(-80.70707, 41.16572)
"7409","GIRARD WWTP","945 S STATE ST","GIRARD","OH",5,NA,"Ohio",1,c(-80.7065, 41.15678)
"7410","GIRARD WWTP","945 S STATE ST","GIRARD","OH",5,NA,NA,NA,c(-80.7038, 41.16998)
"7411","PAULDING WWTP","12624 TWP RD 119","PAULDING","OH",0.71,NA,"Ohio",1,c(-84.57583, 41.14)
"7412","DES MOINES METROPOLITAN WRF","3000 VANDALIA ROAD","DES MOINES","IA",200,134,"Iowa",1,c(-93.556179, 41.57069)
"7413","NEWPORT STP","101 MULBERRY STREET","NEWPORT","PA",0.91,NA,NA,NA,c(-77.126667, 40.478611)
"7414","HUNTINGDON STP","10477 SNYDERS RUN ROAD","HUNTINGDON","PA",4,NA,NA,NA,c(-78.011111, 40.483611)
"7415","BRUSH CREEK STP","12441 ROUTE 993","NORTH HUNTINGDON","PA",4.4,NA,NA,NA,c(-79.71194, 40.33472)
"7416","BRUSH CREEK STP","12441 ROUTE 993","NORTH HUNTINGDON","PA",4.4,NA,NA,NA,c(-79.67056, 40.33611)
"7417","BRUSH CREEK STP","12441 ROUTE 993","NORTH HUNTINGDON","PA",4.4,NA,NA,NA,c(-79.67083, 40.33222)
"7418","PIKEVILLE WWTP","222 POUND PUPPY DR","PIKEVILLE","KY",4,1.3,NA,NA,c(-82.536667, 37.470278)
"7419","PRESTONSBURG STP","1741 N LAKE DR","PRESTONSBURG","KY",0.75,0.669,"Kentucky",1,c(-82.78017, 37.671195)
"7420","PRESTONSBURG STP","1741 N LAKE DR","PRESTONSBURG","KY",0.75,0.669,"Kentucky",1,c(-82.776187, 37.670678)
"7421","EAST FITCHBURG WWTF","24 LANIDES LANE","FITCHBURG","MA",12.3,NA,NA,NA,c(-71.7891044, 42.572951)
"7422","EAST FITCHBURG WWTF","24 LANIDES LANE","FITCHBURG","MA",12.3,NA,NA,NA,c(-71.7920725, 42.5786918)
"7423","EAST FITCHBURG WWTF","24 LANIDES LANE","FITCHBURG","MA",12.3,NA,"Massachusetts",1,c(-71.8023933, 42.5884507)
"7424","EAST FITCHBURG WWTF","24 LANIDES LANE","FITCHBURG","MA",12.3,NA,"Massachusetts",1,c(-71.7997291, 42.5844441)
"7425","EAST FITCHBURG WWTF","24 LANIDES LANE","FITCHBURG","MA",12.3,NA,"Massachusetts",1,c(-71.7988873, 42.5844048)
"7426","CHICOPEE W P C","80 MEDINA STREET","CHICOPEE","MA",15.5,NA,"Massachusetts",1,c(-72.5859047, 42.1500229)
"7427","HUDSON (C) STP","NORTH FRONT & DOCK STREET","HUDSON","NY",2.8,NA,"New York",1,c(-73.783889, 42.253333)
"7428","HUDSON (C) STP","NORTH FRONT & DOCK STREET","HUDSON","NY",2.8,NA,"New York",1,c(-73.793333, 42.258056)
"7429","HUDSON (C) STP","NORTH FRONT & DOCK STREET","HUDSON","NY",2.8,NA,"New York",1,c(-73.783611, 42.253889)
"7430","HUDSON (C) STP","NORTH FRONT & DOCK STREET","HUDSON","NY",2.8,NA,NA,NA,c(-73.79389, 42.25)
"7431","METROPOLITAN SYRACUSE WWTP","650 HIAWATHA BLVD- WEST","SYRACUSE","NY",84.2,NA,"New York",1,c(-76.160556, 43.030278)
"7432","METROPOLITAN SYRACUSE WWTP","650 HIAWATHA BLVD- WEST","SYRACUSE","NY",84.2,NA,"New York",1,c(-76.162778, 43.028333)
"7433","METROPOLITAN SYRACUSE WWTP","650 HIAWATHA BLVD- WEST","SYRACUSE","NY",84.2,NA,"New York",1,c(-76.158056, 43.050278)
"7434","METROPOLITAN SYRACUSE WWTP","650 HIAWATHA BLVD- WEST","SYRACUSE","NY",84.2,NA,"New York",1,c(-76.155556, 43.032778)
"7435","METROPOLITAN SYRACUSE WWTP","650 HIAWATHA BLVD- WEST","SYRACUSE","NY",84.2,NA,NA,NA,c(-76.174444, 43.041667)
"7436","METROPOLITAN SYRACUSE WWTP","650 HIAWATHA BLVD- WEST","SYRACUSE","NY",84.2,NA,"New York",1,c(-76.155833, 43.038611)
"7437","METROPOLITAN SYRACUSE WWTP","650 HIAWATHA BLVD- WEST","SYRACUSE","NY",84.2,NA,"New York",1,c(-76.154722, 43.019167)
"7438","MT PLEASANT BORO STP","360 CLAY AVE","MOUNT PLEASANT","PA",1.5,NA,NA,NA,c(-79.53522, 40.14659)
"7439","MT PLEASANT BORO STP","360 CLAY AVE","MOUNT PLEASANT","PA",1.5,NA,NA,NA,c(-79.54951, 40.15187)
"7440","MT PLEASANT BORO STP","360 CLAY AVE","MOUNT PLEASANT","PA",1.5,NA,NA,NA,c(-79.54939, 40.15013)
"7441","AKRON WPCF","2460 AKRON-PENINSULA RD","AKRON","OH",90,NA,NA,NA,c(-81.42899, 41.13542)
"7442","BRANDON","500 UNION STREET","BRANDON","VT",NA,NA,NA,NA,c(-73.09074, 43.78978)
"7443","WAPELLO CITY OF STP","UNKNOWN","WAPELLO","IA",0.623,0.415,NA,NA,c(-91.18425, 41.181969)
"7444","WAPELLO CITY OF STP","UNKNOWN","WAPELLO","IA",0.623,0.415,NA,NA,c(-91.181438, 41.177062)
"7445","OTTUMWA CITY OF STP","2222 S EMMA ST","OTTUMWA","IA",12.5,10,"Iowa",1,c(-92.406944, 41.009445)
"7446","OTTUMWA CITY OF STP","2222 S EMMA ST","OTTUMWA","IA",12.5,10,"Iowa",1,c(-92.406387, 41.009167)
"7447","OTTUMWA CITY OF STP","2222 S EMMA ST","OTTUMWA","IA",12.5,10,"Iowa",1,c(-92.401947, 41.002224)
"7448","OTTUMWA CITY OF STP","2222 S EMMA ST","OTTUMWA","IA",12.5,10,"Iowa",1,c(-92.402496, 40.99472)
"7449","OTTUMWA CITY OF STP","2222 S EMMA ST","OTTUMWA","IA",12.5,10,"Iowa",1,c(-92.400833, 41.004723)
"7450","OTTUMWA CITY OF STP","2222 S EMMA ST","OTTUMWA","IA",12.5,10,"Iowa",1,c(-92.3906821, 40.9998476)
"7451","OTTUMWA CITY OF STP","2222 S EMMA ST","OTTUMWA","IA",12.5,10,"Iowa",1,c(-92.429372, 41.006572)
"7452","OTTUMWA CITY OF STP","2222 S EMMA ST","OTTUMWA","IA",12.5,10,"Iowa",1,c(-92.3806638, 41.0053711)
"7453","NBC - BUCKLIN POINT WWTF","102 CAMPBELL AVENUE","EAST PROVIDENCE","RI",31,20.3,"Rhode Island",1,c(-71.4021469, 41.8600094)
"7454","SPENCER, CITY OF STP","400 10TH AVE SE","SPENCER","IA",6.5,3.7,NA,NA,c(-95.148056, 43.136665)
"7455","SPENCER, CITY OF STP","400 10TH AVE SE","SPENCER","IA",6.5,3.7,"Iowa",1,c(-95.141945, 43.136665)
"7456","SPENCER, CITY OF STP","400 10TH AVE SE","SPENCER","IA",6.5,3.7,"Iowa",1,c(-95.138611, 43.136944)
"7457","MUSCATINE CITY OF STP","1202 MUSSER STREET","MUSCATINE","IA",16.9,10.3,"Iowa",1,c(-91.0433721, 41.4207974)
"7458","MUSCATINE CITY OF STP","1202 MUSSER STREET","MUSCATINE","IA",16.9,10.3,NA,NA,c(-91.037498, 41.433887)
"7459","FORT MADISON CITY OF STP","1621 20TH STREET","FORT MADISON","IA",9.3,7.29,NA,NA,c(-91.333429, 40.621825)
"7460","FORT MADISON CITY OF STP","1621 20TH STREET","FORT MADISON","IA",9.3,7.29,NA,NA,c(-91.304257, 40.628589)
"7461","FORT MADISON CITY OF STP","1621 20TH STREET","FORT MADISON","IA",9.3,7.29,NA,NA,c(-91.309745, 40.628482)
"7462","FORT MADISON CITY OF STP","1621 20TH STREET","FORT MADISON","IA",9.3,7.29,NA,NA,c(-91.311574, 40.62844)
"7463","FORT MADISON CITY OF STP","1621 20TH STREET","FORT MADISON","IA",9.3,7.29,NA,NA,c(-91.313578, 40.628279)
"7464","FORT MADISON CITY OF STP","1621 20TH STREET","FORT MADISON","IA",9.3,7.29,NA,NA,c(-91.315163, 40.628279)
"7465","CLINTON CITY OF STP","1901 BEAVER CHANNEL PARKWAY","CLINTON","IA",17,12,"Iowa",1,c(-90.184166, 41.845554)
"7466","CLINTON CITY OF STP","1901 BEAVER CHANNEL PARKWAY","CLINTON","IA",17,12,NA,NA,c(-90.176967, 41.866799)
"7467","CLINTON CITY OF STP","1901 BEAVER CHANNEL PARKWAY","CLINTON","IA",17,12,NA,NA,c(-90.174446, 41.873333)
"7468","CLINTON CITY OF STP","1901 BEAVER CHANNEL PARKWAY","CLINTON","IA",17,12,"Iowa",1,c(-90.184541, 41.843367)
"7469","CLINTON CITY OF STP","1901 BEAVER CHANNEL PARKWAY","CLINTON","IA",17,12,NA,NA,c(-90.184753, 41.853359)
"7470","CLINTON CITY OF STP","1901 BEAVER CHANNEL PARKWAY","CLINTON","IA",17,12,"Iowa",1,c(-90.201749, 41.82462)
"7471","CLINTON CITY OF STP","1901 BEAVER CHANNEL PARKWAY","CLINTON","IA",17,12,"Iowa",1,c(-90.229189, 41.81056)
"7472","KEOKUK CITY OF STP","1000 MISSISSIPPI DRIVE","KEOKUK","IA",7.5,5,"Iowa",1,c(-91.386391, 40.387501)
"7473","BURLINGTON CITY OF STP","101 SOUTH STREET","BURLINGTON","IA",28.3,10.85,"Iowa",1,c(-91.099167, 40.807499)
"7474","BURLINGTON CITY OF STP","101 SOUTH STREET","BURLINGTON","IA",28.3,10.85,"Iowa",1,c(-91.09639, 40.798611)
"7475","BURLINGTON CITY OF STP","101 SOUTH STREET","BURLINGTON","IA",28.3,10.85,"Iowa",1,c(-91.098892, 40.803612)
"7476","DES MOINES METROPOLITAN WRF","3000 VANDALIA ROAD","DES MOINES","IA",200,134,"Iowa",1,c(-93.559922, 41.572878)
"7477","DES MOINES METROPOLITAN WRF","3000 VANDALIA ROAD","DES MOINES","IA",200,134,"Iowa",1,c(-93.611048, 41.609919)
"7478","DES MOINES METROPOLITAN WRF","3000 VANDALIA ROAD","DES MOINES","IA",200,134,"Iowa",1,c(-93.620114, 41.611635)
"7479","DES MOINES METROPOLITAN WRF","3000 VANDALIA ROAD","DES MOINES","IA",200,134,NA,NA,c(-93.64732, 41.587046)
